Workbook

Sheet Bao_cao_tong_quan
B1: BÁO CÁO ĐIỂM THI TỔNG QUAN — PYTHON MASTER
B3: =IF(COUNTIF(Tong_hop!$X$2:$X$120,"Có")>0,"⚠ DỮ LIỆU GIẢ LẬP — điểm là số ngẫu nhiên, không phải kết quả thật; không dùng để công bố, xếp hạng hay đánh giá cá nhân (xem sheet Ghi_chu).","") -> ⚠ DỮ LIỆU GIẢ LẬP — điểm là số ngẫu nhiên, không phải kết quả thật; không dùng để công bố, xếp hạng hay đánh giá cá nhân (xem sheet Ghi_chu).
B4: Đơn vị sử dụng báo cáo: | C4: (Điền tên đơn vị / bộ phận sử dụng báo cáo tại đây)
B5: Ngày lập báo cáo: | C5: =TODAY() -> 46293
B6: Ô nền vàng, chữ xanh dương = nhập tay · chữ đen = công thức · chữ xanh lá = lấy từ sheet khác.
B8: 1. CHỈ SỐ TỔNG QUAN
B9: TỔNG SỐ THÍ SINH | C9: BẢNG A | E9: BẢNG B | G9: ĐÃ THANH TOÁN
B10: =COUNTA(Tong_hop!$C$2:$C$120) -> 119 | C10: =COUNTIF(Tong_hop!$D$2:$D$120,"Bảng A") -> 24 | E10: =COUNTIF(Tong_hop!$D$2:$D$120,"Bảng B") -> 95 | G10: =COUNTIF(Tong_hop!$G$2:$G$120,"Có") -> 66
B11: Bảng A + Bảng B | C11: =IF($B$10=0,"",C10/$B$10) -> 0.20168067 | E11: =IF($B$10=0,"",E10/$B$10) -> 0.79831933 | G11: =IF($B$10=0,"",G10/$B$10) -> 0.55462185
B13: VÀO CHUNG KẾT | C13: ĐẠT NGƯỠNG CHỨNG CHỈ | E13: ĐIỂM TB VÒNG LOẠI | G13: ĐIỂM CAO NHẤT VÒNG LOẠI
B14: =COUNTIF(Tong_hop!$N$2:$N$120,"Có") -> 15 | C14: =COUNTIF(Tong_hop!$U$2:$U$120,"Có") -> 35 | E14: =AVERAGE(Tong_hop!$L$2:$L$120) -> 527.47899 | G14: =MAX(Tong_hop!$L$2:$L$120) -> 850
B15: ="Top "&TEXT(Tham_so!$B$4,"0%")&" mỗi bảng" -> Top 10% mỗi bảng | C15: =IF($B$10=0,"",C14/$B$10) -> 0.29411765 | E15: thang 1.000 điểm | G15: thang 1.000 điểm
B17: 2. KẾT QUẢ THEO BẢNG THI VÀ VÒNG THI
B18: Chỉ số | C18: Bảng A – Vòng loại | D18: Bảng A – Chung kết | E18: Bảng B – Vòng loại | F18: Bảng B – Chung kết | G18: Toàn bộ – Vòng loại
B19: Số thí sinh có điểm | C19: =COUNTIFS(Tong_hop!$D$2:$D$120,"Bảng A",Tong_hop!$L$2:$L$120,">=0") -> 24 | D19: =COUNTIFS(Tong_hop!$D$2:$D$120,"Bảng A",Tong_hop!$S$2:$S$120,">=0") -> 3 | E19: =COUNTIFS(Tong_hop!$D$2:$D$120,"Bảng B",Tong_hop!$L$2:$L$120,">=0") -> 95 | F19: =COUNTIFS(Tong_hop!$D$2:$D$120,"Bảng B",Tong_hop!$S$2:$S$120,">=0") -> 10 | G19: =COUNTIF(Tong_hop!$L$2:$L$120,">=0") -> 119
B20: Điểm trung bình | C20: =IFERROR(AVERAGEIFS(Tong_hop!$L$2:$L$120,Tong_hop!$D$2:$D$120,"Bảng A"),"") -> 472.5 | D20: =IFERROR(AVERAGEIFS(Tong_hop!$S$2:$S$120,Tong_hop!$D$2:$D$120,"Bảng A"),"") -> 756.66667 | E20: =IFERROR(AVERAGEIFS(Tong_hop!$L$2:$L$120,Tong_hop!$D$2:$D$120,"Bảng B"),"") -> 541.36842 | F20: =IFERROR(AVERAGEIFS(Tong_hop!$S$2:$S$120,Tong_hop!$D$2:$D$120,"Bảng B"),"") -> 936 | G20: =IFERROR(AVERAGE(Tong_hop!$L$2:$L$120),"") -> 527.47899
B21: Điểm cao nhất | C21: =IF(C19=0,"",_xlfn.MAXIFS(Tong_hop!$L$2:$L$120,Tong_hop!$D$2:$D$120,"Bảng A")) -> 670 | D21: =IF(D19=0,"",_xlfn.MAXIFS(Tong_hop!$S$2:$S$120,Tong_hop!$D$2:$D$120,"Bảng A")) -> 780 | E21: =IF(E19=0,"",_xlfn.MAXIFS(Tong_hop!$L$2:$L$120,Tong_hop!$D$2:$D$120,"Bảng B")) -> 850 | F21: =IF(F19=0,"",_xlfn.MAXIFS(Tong_hop!$S$2:$S$120,Tong_hop!$D$2:$D$120,"Bảng B")) -> 990 | G21: =IF(G19=0,"",MAX(Tong_hop!$L$2:$L$120)) -> 850
B22: Điểm thấp nhất | C22: =IF(C19=0,"",_xlfn.MINIFS(Tong_hop!$L$2:$L$120,Tong_hop!$D$2:$D$120,"Bảng A")) -> 260 | D22: =IF(D19=0,"",_xlfn.MINIFS(Tong_hop!$S$2:$S$120,Tong_hop!$D$2:$D$120,"Bảng A")) -> 720 | E22: =IF(E19=0,"",_xlfn.MINIFS(Tong_hop!$L$2:$L$120,Tong_hop!$D$2:$D$120,"Bảng B")) -> 170 | F22: =IF(F19=0,"",_xlfn.MINIFS(Tong_hop!$S$2:$S$120,Tong_hop!$D$2:$D$120,"Bảng B")) -> 860 | G22: =IF(G19=0,"",MIN(Tong_hop!$L$2:$L$120)) -> 170
B23: ="Số người đạt ≥ "&Tham_so!$B$3&" điểm" -> Số người đạt ≥ 600 điểm | C23: =COUNTIFS(Tong_hop!$D$2:$D$120,"Bảng A",Tong_hop!$L$2:$L$120,">="&Tham_so!$B$3) -> 4 | D23: =COUNTIFS(Tong_hop!$D$2:$D$120,"Bảng A",Tong_hop!$S$2:$S$120,">="&Tham_so!$B$3) -> 3 | E23: =COUNTIFS(Tong_hop!$D$2:$D$120,"Bảng B",Tong_hop!$L$2:$L$120,">="&Tham_so!$B$3) -> 31 | F23: =COUNTIFS(Tong_hop!$D$2:$D$120,"Bảng B",Tong_hop!$S$2:$S$120,">="&Tham_so!$B$3) -> 10 | G23: =COUNTIF(Tong_hop!$L$2:$L$120,">="&Tham_so!$B$3) -> 35
B24: Tỉ lệ đạt ngưỡng chứng chỉ | C24: =IF(C19=0,"",C23/C19) -> 0.16666667 | D24: =IF(D19=0,"",D23/D19) -> 1 | E24: =IF(E19=0,"",E23/E19) -> 0.32631579 | F24: =IF(F19=0,"",F23/F19) -> 1 | G24: =IF(G19=0,"",G23/G19) -> 0.29411765
B25: ="Chung kết chỉ có "&(D19+F19)&" thí sinh (Top "&TEXT(Tham_so!$B$4,"0%")&" mỗi bảng) nên số liệu Chung kết kém ổn định. Đề Chung kết khó hơn Vòng loại (Bảng A lên COS Pro Level 2, Bảng B lên Level 1)." -> Chung kết chỉ có 13 thí sinh (Top 10% mỗi bảng) nên số liệu Chung kết kém ổn định. Đề Chung kết khó hơn Vòng loại (Bảng A lên COS Pro Level 2, Bảng B lên Level 1).
B27: 3. ĐIỂM TRUNG BÌNH THEO PHẦN THI (% điểm tối đa của phần)
B28: Phần thi | C28: Bảng A – Vòng loại | D28: Bảng A – Chung kết | E28: Bảng B – Vòng loại | F28: Bảng B – Chung kết
B29: Đọc hiểu code | C29: =IFERROR(AVERAGEIFS(Tong_hop!$I$2:$I$120,Tong_hop!$D$2:$D$120,"Bảng A")/Cau_truc_de!$F$5,"–") -> 0.53583333 | D29: =IFERROR(AVERAGEIFS(Tong_hop!$P$2:$P$120,Tong_hop!$D$2:$D$120,"Bảng A")/Cau_truc_de!$F$9,"–") -> 0.78030303 | E29: =IFERROR(AVERAGEIFS(Tong_hop!$I$2:$I$120,Tong_hop!$D$2:$D$120,"Bảng B")/Cau_truc_de!$F$12,"–") -> 0.59976077 | F29: =IFERROR(AVERAGEIFS(Tong_hop!$P$2:$P$120,Tong_hop!$D$2:$D$120,"Bảng B")/Cau_truc_de!$F$15,"–") -> 0.99705882
B30: Design (thiết kế · viết hàm) | C30: =IFERROR(AVERAGEIFS(Tong_hop!$J$2:$J$120,Tong_hop!$D$2:$D$120,"Bảng A")/Cau_truc_de!$F$6,"–") -> 0.40916667 | D30: =IFERROR(AVERAGEIFS(Tong_hop!$Q$2:$Q$120,Tong_hop!$D$2:$D$120,"Bảng A")/Cau_truc_de!$F$8,"–") -> 0.63095238 | E30: =IFERROR(AVERAGEIFS(Tong_hop!$J$2:$J$120,Tong_hop!$D$2:$D$120,"Bảng B")/Cau_truc_de!$F$11,"–") -> 0.45827068 | F30: =IFERROR(AVERAGEIFS(Tong_hop!$Q$2:$Q$120,Tong_hop!$D$2:$D$120,"Bảng B")/Cau_truc_de!$F$14,"–") -> 0.87142857
B31: Debugging | C31: – | D31: =IFERROR(AVERAGEIFS(Tong_hop!$R$2:$R$120,Tong_hop!$D$2:$D$120,"Bảng A")/Cau_truc_de!$F$7,"–") -> 0.8452381 | E31: =IFERROR(AVERAGEIFS(Tong_hop!$K$2:$K$120,Tong_hop!$D$2:$D$120,"Bảng B")/Cau_truc_de!$F$10,"–") -> 0.53270677 | F31: =IFERROR(AVERAGEIFS(Tong_hop!$R$2:$R$120,Tong_hop!$D$2:$D$120,"Bảng B")/Cau_truc_de!$F$13,"–") -> 0.9625
B32: Phần thi có tỉ lệ điểm thấp nhất | C32: =IFERROR(INDEX($B$29:$B$31,MATCH(MIN(C29:C31),C29:C31,0)),"") -> Design (thiết kế · viết hàm) | D32: =IFERROR(INDEX($B$29:$B$31,MATCH(MIN(D29:D31),D29:D31,0)),"") -> Design (thiết kế · viết hàm) | E32: =IFERROR(INDEX($B$29:$B$31,MATCH(MIN(E29:E31),E29:E31,0)),"") -> Design (thiết kế · viết hàm) | F32: =IFERROR(INDEX($B$29:$B$31,MATCH(MIN(F29:F31),F29:F31,0)),"") -> Design (thiết kế · viết hàm)
B33: Điểm trung bình của phần thi ÷ điểm tối đa của phần đó. Bảng A – Vòng loại chỉ có 2 phần thi, không có Debugging.
B35: 4. PHÂN LOẠI THÍ SINH VÒNG LOẠI THEO TỔNG ĐIỂM
B36: Xếp loại | C36: Bảng A (người) | D36: Bảng A (%) | E36: Bảng B (người) | F36: Bảng B (%) | G36: Điều kiện (tổng /1000)
B37: Giỏi | C37: =Phan_loai!C6 -> Số người | D37: =Phan_loai!D6 -> % | E37: =Phan_loai!G6 -> Số người | F37: =Phan_loai!H6 -> % | G37: =Phan_loai!B6 -> 0
B38: Khá | C38: =Phan_loai!C7 -> 0 | D38: =Phan_loai!D7 -> 0 | E38: =Phan_loai!G7 -> 4 | F38: =Phan_loai!H7 -> 0.042105263 | G38: =Phan_loai!B7 -> ≥ 800
B39: Trung bình | C39: =Phan_loai!C8 -> 4 | D39: =Phan_loai!D8 -> 0.16666667 | E39: =Phan_loai!G8 -> 27 | F39: =Phan_loai!H8 -> 0.28421053 | G39: =Phan_loai!B8 -> từ 600 đến dưới 800
B40: Yếu | C40: =Phan_loai!C9 -> 14 | D40: =Phan_loai!D9 -> 0.58333333 | E40: =Phan_loai!G9 -> 49 | F40: =Phan_loai!H9 -> 0.51578947 | G40: =Phan_loai!B9 -> từ 400 đến dưới 600
B41: Tổng | C41: =SUM(C37:C40) -> 18 | D41: =IF(C41=0,"",SUM(D37:D40)) -> 0.75 | E41: =SUM(E37:E40) -> 80 | F41: =IF(E41=0,"",SUM(F37:F40)) -> 0.84210526
B44: 5. PHÂN BỐ TỔNG ĐIỂM VÒNG LOẠI (thang 1.000)
B45: Khoảng điểm | C45: Từ | D45: Đến (không gồm) | E45: Bảng A | F45: Bảng B | G45: Tổng
B46: =C46&" – "&IF(D46>1000,1000,D46-1) -> 0 – 99 | C46: 0 | D46: 100 | E46: =COUNTIFS(Tong_hop!$D$2:$D$120,"Bảng A",Tong_hop!$L$2:$L$120,">="&$C46,Tong_hop!$L$2:$L$120,"<"&$D46) -> 0 | F46: =COUNTIFS(Tong_hop!$D$2:$D$120,"Bảng B",Tong_hop!$L$2:$L$120,">="&$C46,Tong_hop!$L$2:$L$120,"<"&$D46) -> 0 | G46: =E46+F46 -> 0
B47: =C47&" – "&IF(D47>1000,1000,D47-1) -> 100 – 199 | C47: 100 | D47: 200 | E47: =COUNTIFS(Tong_hop!$D$2:$D$120,"Bảng A",Tong_hop!$L$2:$L$120,">="&$C47,Tong_hop!$L$2:$L$120,"<"&$D47) -> 0 | F47: =COUNTIFS(Tong_hop!$D$2:$D$120,"Bảng B",Tong_hop!$L$2:$L$120,">="&$C47,Tong_hop!$L$2:$L$120,"<"&$D47) -> 1 | G47: =E47+F47 -> 1
B48: =C48&" – "&IF(D48>1000,1000,D48-1) -> 200 – 299 | C48: 200 | D48: 300 | E48: =COUNTIFS(Tong_hop!$D$2:$D$120,"Bảng A",Tong_hop!$L$2:$L$120,">="&$C48,Tong_hop!$L$2:$L$120,"<"&$D48) -> 3 | F48: =COUNTIFS(Tong_hop!$D$2:$D$120,"Bảng B",Tong_hop!$L$2:$L$120,">="&$C48,Tong_hop!$L$2:$L$120,"<"&$D48) -> 5 | G48: =E48+F48 -> 8
B49: =C49&" – "&IF(D49>1000,1000,D49-1) -> 300 – 399 | C49: 300 | D49: 400 | E49: =COUNTIFS(Tong_hop!$D$2:$D$120,"Bảng A",Tong_hop!$L$2:$L$120,">="&$C49,Tong_hop!$L$2:$L$120,"<"&$D49) -> 3 | F49: =COUNTIFS(Tong_hop!$D$2:$D$120,"Bảng B",Tong_hop!$L$2:$L$120,">="&$C49,Tong_hop!$L$2:$L$120,"<"&$D49) -> 9 | G49: =E49+F49 -> 12
B50: =C50&" – "&IF(D50>1000,1000,D50-1) -> 400 – 499 | C50: 400 | D50: 500 | E50: =COUNTIFS(Tong_hop!$D$2:$D$120,"Bảng A",Tong_hop!$L$2:$L$120,">="&$C50,Tong_hop!$L$2:$L$120,"<"&$D50) -> 6 | F50: =COUNTIFS(Tong_hop!$D$2:$D$120,"Bảng B",Tong_hop!$L$2:$L$120,">="&$C50,Tong_hop!$L$2:$L$120,"<"&$D50) -> 23 | G50: =E50+F50 -> 29
B51: =C51&" – "&IF(D51>1000,1000,D51-1) -> 500 – 599 | C51: 500 | D51: 600 | E51: =COUNTIFS(Tong_hop!$D$2:$D$120,"Bảng A",Tong_hop!$L$2:$L$120,">="&$C51,Tong_hop!$L$2:$L$120,"<"&$D51) -> 8 | F51: =COUNTIFS(Tong_hop!$D$2:$D$120,"Bảng B",Tong_hop!$L$2:$L$120,">="&$C51,Tong_hop!$L$2:$L$120,"<"&$D51) -> 26 | G51: =E51+F51 -> 34
B52: =C52&" – "&IF(D52>1000,1000,D52-1) -> 600 – 699 | C52: 600 | D52: 700 | E52: =COUNTIFS(Tong_hop!$D$2:$D$120,"Bảng A",Tong_hop!$L$2:$L$120,">="&$C52,Tong_hop!$L$2:$L$120,"<"&$D52) -> 4 | F52: =COUNTIFS(Tong_hop!$D$2:$D$120,"Bảng B",Tong_hop!$L$2:$L$120,">="&$C52,Tong_hop!$L$2:$L$120,"<"&$D52) -> 15 | G52: =E52+F52 -> 19
B53: =C53&" – "&IF(D53>1000,1000,D53-1) -> 700 – 799 | C53: 700 | D53: 800 | E53: =COUNTIFS(Tong_hop!$D$2:$D$120,"Bảng A",Tong_hop!$L$2:$L$120,">="&$C53,Tong_hop!$L$2:$L$120,"<"&$D53) -> 0 | F53: =COUNTIFS(Tong_hop!$D$2:$D$120,"Bảng B",Tong_hop!$L$2:$L$120,">="&$C53,Tong_hop!$L$2:$L$120,"<"&$D53) -> 12 | G53: =E53+F53 -> 12
B54: =C54&" – "&IF(D54>1000,1000,D54-1) -> 800 – 899 | C54: 800 | D54: 900 | E54: =COUNTIFS(Tong_hop!$D$2:$D$120,"Bảng A",Tong_hop!$L$2:$L$120,">="&$C54,Tong_hop!$L$2:$L$120,"<"&$D54) -> 0 | F54: =COUNTIFS(Tong_hop!$D$2:$D$120,"Bảng B",Tong_hop!$L$2:$L$120,">="&$C54,Tong_hop!$L$2:$L$120,"<"&$D54) -> 4 | G54: =E54+F54 -> 4
B55: =C55&" – "&IF(D55>1000,1000,D55-1) -> 900 – 1000 | C55: 900 | D55: 1001 | E55: =COUNTIFS(Tong_hop!$D$2:$D$120,"Bảng A",Tong_hop!$L$2:$L$120,">="&$C55,Tong_hop!$L$2:$L$120,"<"&$D55) -> 0 | F55: =COUNTIFS(Tong_hop!$D$2:$D$120,"Bảng B",Tong_hop!$L$2:$L$120,">="&$C55,Tong_hop!$L$2:$L$120,"<"&$D55) -> 0 | G55: =E55+F55 -> 0
B56: Tổng | E56: =SUM(E46:E55) -> 24 | F56: =SUM(F46:F55) -> 95 | G56: =SUM(G46:G55) -> 119
B57: ="Kiểm tra: tổng các khoảng = "&G56&" / "&$B$10&" thí sinh"&IF(G56=$B$10," (khớp)"," (KHÔNG khớp)")&". Ô nền vàng là ranh giới khoảng, có thể chỉnh." -> Kiểm tra: tổng các khoảng = 119 / 119 thí sinh (khớp). Ô nền vàng là ranh giới khoảng, có thể chỉnh.
B59: 6. THEO TRẠNG THÁI THANH TOÁN
B60: Nhóm | C60: Số thí sinh | D60: % tổng số | E60: Điểm TB Vòng loại | F60: Đạt ngưỡng chứng chỉ | G60: Vào chung kết
B61: Đã thanh toán | C61: =COUNTIF(Tong_hop!$G$2:$G$120,"Có") -> 66 | D61: =IF($B$10=0,"",C61/$B$10) -> 0.55462185 | E61: =IFERROR(AVERAGEIFS(Tong_hop!$L$2:$L$120,Tong_hop!$G$2:$G$120,"Có"),"") -> 535 | F61: =COUNTIFS(Tong_hop!$G$2:$G$120,"Có",Tong_hop!$U$2:$U$120,"Có") -> 21 | G61: =COUNTIFS(Tong_hop!$G$2:$G$120,"Có",Tong_hop!$N$2:$N$120,"Có") -> 12
B62: Chưa thanh toán | C62: =COUNTIF(Tong_hop!$G$2:$G$120,"Không") -> 53 | D62: =IF($B$10=0,"",C62/$B$10) -> 0.44537815 | E62: =IFERROR(AVERAGEIFS(Tong_hop!$L$2:$L$120,Tong_hop!$G$2:$G$120,"Không"),"") -> 518.11321 | F62: =COUNTIFS(Tong_hop!$G$2:$G$120,"Không",Tong_hop!$U$2:$U$120,"Có") -> 14 | G62: =COUNTIFS(Tong_hop!$G$2:$G$120,"Không",Tong_hop!$N$2:$N$120,"Có") -> 3
B63: Tổng | C63: =SUM(C61:C62) -> 119 | D63: =IF($B$10=0,"",C63/$B$10) -> 1 | E63: =IFERROR(AVERAGE(Tong_hop!$L$2:$L$120),"") -> 527.47899 | F63: =SUM(F61:F62) -> 35 | G63: =SUM(G61:G62) -> 15
B65: 7. NHẬN XÉT & KIẾN NGHỊ (người lập báo cáo điền)
B66: (Nhập nhận xét về kết quả thi, điểm mạnh/yếu theo phần thi, kiến nghị cho vòng Chung kết…)

Sheet Tong_hop
A1: STT | B1: Email | C1: Họ tên | D1: Bảng | E1: Trường | F1: Tỉnh/TP | G1: Đã thanh toán | H1: VL – Cấp COS Pro | I1: VL – Đọc hiểu code | J1: VL – Design (thiết kế · viết hàm) | K1: VL – Debugging | L1: VL – Tổng (/1000) | M1: VL – Hạng trong bảng | N1: Vượt vòng loại (Top 10%) | O1: CK – Cấp COS Pro | P1: CK – Đọc hiểu code | Q1: CK – Design | R1: CK – Debugging | S1: CK – Tổng (/1000) | T1: CK – Hạng trong bảng | U1: Chứng chỉ COS Pro (≥600) | V1: VL – Xếp loại | W1: CK – Xếp loại | X1: Dữ liệu giả lập
A2: 1 | B2: namduong001@ptit.edu.vn | C2: Dương Hoài Nam | D2: Bảng A | E2: THPT Nguyễn Huệ | F2: Hà Nội | G2: Có | H2: =IF(D2="Bảng A","COS Pro Level 3","COS Pro Level 2") -> COS Pro Level 3 | I2: 290 | J2: 250 | L2: =SUM(I2:K2) -> 540 | M2: =COUNTIFS($D$2:$D$120,D2,$L$2:$L$120,">"&L2)+1 -> 8 | N2: =IF(M2<=IF(D2="Bảng A",Tham_so!$B$5,Tham_so!$B$6),"Có","Không") -> Không | O2: =IF(COUNT(P2:R2)=0,"",IF(D2="Bảng A","COS Pro Level 2","COS Pro Level 1")) | S2: =IF(COUNT(P2:R2)=0,"",SUM(P2:R2)) | T2: =IF(S2="","",COUNTIFS($D$2:$D$120,D2,$S$2:$S$120,">"&S2)+1) | U2: =IF(OR(L2>=Tham_so!$B$3,AND(ISNUMBER(S2),S2>=Tham_so!$B$3)),"Có","Không") -> Không | V2: =IF(L2>=Tham_so!$B$9,"Giỏi",IF(L2>=Tham_so!$B$10,"Khá",IF(L2>=Tham_so!$B$11,"Trung bình","Yếu"))) -> Trung bình | W2: =IF(S2="","",IF(S2>=Tham_so!$B$9,"Giỏi",IF(S2>=Tham_so!$B$10,"Khá",IF(S2>=Tham_so!$B$11,"Trung bình","Yếu")))) | X2: Có
A3: 2 | B3: sonmai002@ptit.edu.vn | C3: Mai Minh Sơn | D3: Bảng A | E3: THPT Chu Văn An | F3: Bắc Ninh | G3: Có | H3: =IF(D3="Bảng A","COS Pro Level 3","COS Pro Level 2") -> COS Pro Level 3 | I3: 370 | J3: 230 | L3: =SUM(I3:K3) -> 600 | M3: =COUNTIFS($D$2:$D$120,D3,$L$2:$L$120,">"&L3)+1 -> 3 | N3: =IF(M3<=IF(D3="Bảng A",Tham_so!$B$5,Tham_so!$B$6),"Có","Không") -> Có | O3: =IF(COUNT(P3:R3)=0,"",IF(D3="Bảng A","COS Pro Level 2","COS Pro Level 1")) -> COS Pro Level 2 | P3: 320 | Q3: 180 | R3: 220 | S3: =IF(COUNT(P3:R3)=0,"",SUM(P3:R3)) -> 720 | T3: =IF(S3="","",COUNTIFS($D$2:$D$120,D3,$S$2:$S$120,">"&S3)+1) -> 3 | U3: =IF(OR(L3>=Tham_so!$B$3,AND(ISNUMBER(S3),S3>=Tham_so!$B$3)),"Có","Không") -> Có | V3: =IF(L3>=Tham_so!$B$9,"Giỏi",IF(L3>=Tham_so!$B$10,"Khá",IF(L3>=Tham_so!$B$11,"Trung bình","Yếu"))) -> Khá | W3: =IF(S3="","",IF(S3>=Tham_so!$B$9,"Giỏi",IF(S3>=Tham_so!$B$10,"Khá",IF(S3>=Tham_so!$B$11,"Trung bình","Yếu")))) -> Khá | X3: Có
A4: 3 | B4: giangpham003@ptit.edu.vn | C4: Phạm Hoài Giang | D4: Bảng A | E4: THPT Lê Quý Đôn | F4: Khánh Hòa | G4: Có | H4: =IF(D4="Bảng A","COS Pro Level 3","COS Pro Level 2") -> COS Pro Level 3 | I4: 400 | J4: 270 | L4: =SUM(I4:K4) -> 670 | M4: =COUNTIFS($D$2:$D$120,D4,$L$2:$L$120,">"&L4)+1 -> 1 | N4: =IF(M4<=IF(D4="Bảng A",Tham_so!$B$5,Tham_so!$B$6),"Có","Không") -> Có | O4: =IF(COUNT(P4:R4)=0,"",IF(D4="Bảng A","COS Pro Level 2","COS Pro Level 1")) -> COS Pro Level 2 | P4: 360 | Q4: 190 | R4: 230 | S4: =IF(COUNT(P4:R4)=0,"",SUM(P4:R4)) -> 780 | T4: =IF(S4="","",COUNTIFS($D$2:$D$120,D4,$S$2:$S$120,">"&S4)+1) -> 1 | U4: =IF(OR(L4>=Tham_so!$B$3,AND(ISNUMBER(S4),S4>=Tham_so!$B$3)),"Có","Không") -> Có | V4: =IF(L4>=Tham_so!$B$9,"Giỏi",IF(L4>=Tham_so!$B$10,"Khá",IF(L4>=Tham_so!$B$11,"Trung bình","Yếu"))) -> Khá | W4: =IF(S4="","",IF(S4>=Tham_so!$B$9,"Giỏi",IF(S4>=Tham_so!$B$10,"Khá",IF(S4>=Tham_so!$B$11,"Trung bình","Yếu")))) -> Khá | X4: Có
A5: 4 | B5: vyho004@ptit.edu.vn | C5: Hồ Hữu Vy | D5: Bảng A | E5: THPT Việt Đức | F5: TP. Hồ Chí Minh | G5: Có | H5: =IF(D5="Bảng A","COS Pro Level 3","COS Pro Level 2") -> COS Pro Level 3 | I5: 350 | J5: 210 | L5: =SUM(I5:K5) -> 560 | M5: =COUNTIFS($D$2:$D$120,D5,$L$2:$L$120,">"&L5)+1 -> 6 | N5: =IF(M5<=IF(D5="Bảng A",Tham_so!$B$5,Tham_so!$B$6),"Có","Không") -> Không | O5: =IF(COUNT(P5:R5)=0,"",IF(D5="Bảng A","COS Pro Level 2","COS Pro Level 1")) | S5: =IF(COUNT(P5:R5)=0,"",SUM(P5:R5)) | T5: =IF(S5="","",COUNTIFS($D$2:$D$120,D5,$S$2:$S$120,">"&S5)+1) | U5: =IF(OR(L5>=Tham_so!$B$3,AND(ISNUMBER(S5),S5>=Tham_so!$B$3)),"Có","Không") -> Không | V5: =IF(L5>=Tham_so!$B$9,"Giỏi",IF(L5>=Tham_so!$B$10,"Khá",IF(L5>=Tham_so!$B$11,"Trung bình","Yếu"))) -> Trung bình | W5: =IF(S5="","",IF(S5>=Tham_so!$B$9,"Giỏi",IF(S5>=Tham_so!$B$10,"Khá",IF(S5>=Tham_so!$B$11,"Trung bình","Yếu")))) | X5: Có
A6: 5 | B6: phucvo005@ptit.edu.vn | C6: Võ Phương Phúc | D6: Bảng A | E6: THPT Kim Liên | F6: Nam Định | G6: Có | H6: =IF(D6="Bảng A","COS Pro Level 3","COS Pro Level 2") -> COS Pro Level 3 | I6: 130 | J6: 130 | L6: =SUM(I6:K6) -> 260 | M6: =COUNTIFS($D$2:$D$120,D6,$L$2:$L$120,">"&L6)+1 -> 24 | N6: =IF(M6<=IF(D6="Bảng A",Tham_so!$B$5,Tham_so!$B$6),"Có","Không") -> Không | O6: =IF(COUNT(P6:R6)=0,"",IF(D6="Bảng A","COS Pro Level 2","COS Pro Level 1")) | S6: =IF(COUNT(P6:R6)=0,"",SUM(P6:R6)) | T6: =IF(S6="","",COUNTIFS($D$2:$D$120,D6,$S$2:$S$120,">"&S6)+1) | U6: =IF(OR(L6>=Tham_so!$B$3,AND(ISNUMBER(S6),S6>=Tham_so!$B$3)),"Có","Không") -> Không | V6: =IF(L6>=Tham_so!$B$9,"Giỏi",IF(L6>=Tham_so!$B$10,"Khá",IF(L6>=Tham_so!$B$11,"Trung bình","Yếu"))) -> Yếu | W6: =IF(S6="","",IF(S6>=Tham_so!$B$9,"Giỏi",IF(S6>=Tham_so!$B$10,"Khá",IF(S6>=Tham_so!$B$11,"Trung bình","Yếu")))) | X6: Có
A7: 6 | B7: hoapham006@ptit.edu.vn | C7: Phạm Khánh Hoa | D7: Bảng A | E7: THPT Nguyễn Huệ | F7: Hà Tĩnh | G7: Có | H7: =IF(D7="Bảng A","COS Pro Level 3","COS Pro Level 2") -> COS Pro Level 3 | I7: 280 | J7: 280 | L7: =SUM(I7:K7) -> 560 | M7: =COUNTIFS($D$2:$D$120,D7,$L$2:$L$120,">"&L7)+1 -> 6 | N7: =IF(M7<=IF(D7="Bảng A",Tham_so!$B$5,Tham_so!$B$6),"Có","Không") -> Không | O7: =IF(COUNT(P7:R7)=0,"",IF(D7="Bảng A","COS Pro Level 2","COS Pro Level 1")) | S7: =IF(COUNT(P7:R7)=0,"",SUM(P7:R7)) | T7: =IF(S7="","",COUNTIFS($D$2:$D$120,D7,$S$2:$S$120,">"&S7)+1) | U7: =IF(OR(L7>=Tham_so!$B$3,AND(ISNUMBER(S7),S7>=Tham_so!$B$3)),"Có","Không") -> Không | V7: =IF(L7>=Tham_so!$B$9,"Giỏi",IF(L7>=Tham_so!$B$10,"Khá",IF(L7>=Tham_so!$B$11,"Trung bình","Yếu"))) -> Trung bình | W7: =IF(S7="","",IF(S7>=Tham_so!$B$9,"Giỏi",IF(S7>=Tham_so!$B$10,"Khá",IF(S7>=Tham_so!$B$11,"Trung bình","Yếu")))) | X7: Có
A8: 7 | B8: yenlam007@ptit.edu.vn | C8: Lâm Hoài Yến | D8: Bảng A | E8: THPT Chu Văn An | F8: Hải Phòng | G8: Có | H8: =IF(D8="Bảng A","COS Pro Level 3","COS Pro Level 2") -> COS Pro Level 3 | I8: 340 | J8: 190 | L8: =SUM(I8:K8) -> 530 | M8: =COUNTIFS($D$2:$D$120,D8,$L$2:$L$120,">"&L8)+1 -> 9 | N8: =IF(M8<=IF(D8="Bảng A",Tham_so!$B$5,Tham_so!$B$6),"Có","Không") -> Không | O8: =IF(COUNT(P8:R8)=0,"",IF(D8="Bảng A","COS Pro Level 2","COS Pro Level 1")) | S8: =IF(COUNT(P8:R8)=0,"",SUM(P8:R8)) | T8: =IF(S8="","",COUNTIFS($D$2:$D$120,D8,$S$2:$S$120,">"&S8)+1) | U8: =IF(OR(L8>=Tham_so!$B$3,AND(ISNUMBER(S8),S8>=Tham_so!$B$3)),"Có","Không") -> Không | V8: =IF(L8>=Tham_so!$B$9,"Giỏi",IF(L8>=Tham_so!$B$10,"Khá",IF(L8>=Tham_so!$B$11,"Trung bình","Yếu"))) -> Trung bình | W8: =IF(S8="","",IF(S8>=Tham_so!$B$9,"Giỏi",IF(S8>=Tham_so!$B$10,"Khá",IF(S8>=Tham_so!$B$11,"Trung bình","Yếu")))) | X8: Có
A9: 8 | B9: giangtrinh008@ptit.edu.vn | C9: Trịnh Thị Giang | D9: Bảng A | E9: THPT Lê Quý Đôn | F9: Thái Nguyên | G9: Có | H9: =IF(D9="Bảng A","COS Pro Level 3","COS Pro Level 2") -> COS Pro Level 3 | I9: 300 | J9: 300 | L9: =SUM(I9:K9) -> 600 | M9: =COUNTIFS($D$2:$D$120,D9,$L$2:$L$120,">"&L9)+1 -> 3 | N9: =IF(M9<=IF(D9="Bảng A",Tham_so!$B$5,Tham_so!$B$6),"Có","Không") -> Có | O9: =IF(COUNT(P9:R9)=0,"",IF(D9="Bảng A","COS Pro Level 2","COS Pro Level 1")) | S9: =IF(COUNT(P9:R9)=0,"",SUM(P9:R9)) | T9: =IF(S9="","",COUNTIFS($D$2:$D$120,D9,$S$2:$S$120,">"&S9)+1) | U9: =IF(OR(L9>=Tham_so!$B$3,AND(ISNUMBER(S9),S9>=Tham_so!$B$3)),"Có","Không") -> Có | V9: =IF(L9>=Tham_so!$B$9,"Giỏi",IF(L9>=Tham_so!$B$10,"Khá",IF(L9>=Tham_so!$B$11,"Trung bình","Yếu"))) -> Khá | W9: =IF(S9="","",IF(S9>=Tham_so!$B$9,"Giỏi",IF(S9>=Tham_so!$B$10,"Khá",IF(S9>=Tham_so!$B$11,"Trung bình","Yếu")))) | X9: Có
A10: 9 | B10: yenhoang009@ptit.edu.vn | C10: Hoàng Anh Yến | D10: Bảng A | E10: THPT Việt Đức | F10: Vĩnh Phúc | G10: Có | H10: =IF(D10="Bảng A","COS Pro Level 3","COS Pro Level 2") -> COS Pro Level 3 | I10: 270 | J10: 210 | L10: =SUM(I10:K10) -> 480 | M10: =COUNTIFS($D$2:$D$120,D10,$L$2:$L$120,">"&L10)+1 -> 15 | N10: =IF(M10<=IF(D10="Bảng A",Tham_so!$B$5,Tham_so!$B$6),"Có","Không") -> Không | O10: =IF(COUNT(P10:R10)=0,"",IF(D10="Bảng A","COS Pro Level 2","COS Pro Level 1")) | S10: =IF(COUNT(P10:R10)=0,"",SUM(P10:R10)) | T10: =IF(S10="","",COUNTIFS($D$2:$D$120,D10,$S$2:$S$120,">"&S10)+1) | U10: =IF(OR(L10>=Tham_so!$B$3,AND(ISNUMBER(S10),S10>=Tham_so!$B$3)),"Có","Không") -> Không | V10: =IF(L10>=Tham_so!$B$9,"Giỏi",IF(L10>=Tham_so!$B$10,"Khá",IF(L10>=Tham_so!$B$11,"Trung bình","Yếu"))) -> Trung bình | W10: =IF(S10="","",IF(S10>=Tham_so!$B$9,"Giỏi",IF(S10>=Tham_so!$B$10,"Khá",IF(S10>=Tham_so!$B$11,"Trung bình","Yếu")))) | X10: Có
A11: 10 | B11: cuongtran010@ptit.edu.vn | C11: Trần Thanh Cường | D11: Bảng A | E11: THPT Kim Liên | F11: Đà Nẵng | G11: Có | H11: =IF(D11="Bảng A","COS Pro Level 3","COS Pro Level 2") -> COS Pro Level 3 | I11: 190 | J11: 220 | L11: =SUM(I11:K11) -> 410 | M11: =COUNTIFS($D$2:$D$120,D11,$L$2:$L$120,">"&L11)+1 -> 17 | N11: =IF(M11<=IF(D11="Bảng A",Tham_so!$B$5,Tham_so!$B$6),"Có","Không") -> Không | O11: =IF(COUNT(P11:R11)=0,"",IF(D11="Bảng A","COS Pro Level 2","COS Pro Level 1")) | S11: =IF(COUNT(P11:R11)=0,"",SUM(P11:R11)) | T11: =IF(S11="","",COUNTIFS($D$2:$D$120,D11,$S$2:$S$120,">"&S11)+1) | U11: =IF(OR(L11>=Tham_so!$B$3,AND(ISNUMBER(S11),S11>=Tham_so!$B$3)),"Có","Không") -> Không | V11: =IF(L11>=Tham_so!$B$9,"Giỏi",IF(L11>=Tham_so!$B$10,"Khá",IF(L11>=Tham_so!$B$11,"Trung bình","Yếu"))) -> Trung bình | W11: =IF(S11="","",IF(S11>=Tham_so!$B$9,"Giỏi",IF(S11>=Tham_so!$B$10,"Khá",IF(S11>=Tham_so!$B$11,"Trung bình","Yếu")))) | X11: Có
A12: 11 | B12: dungdang011@ptit.edu.vn | C12: Đặng Thu Dũng | D12: Bảng A | E12: THPT Nguyễn Huệ | F12: Quảng Ninh | G12: Có | H12: =IF(D12="Bảng A","COS Pro Level 3","COS Pro Level 2") -> COS Pro Level 3 | I12: 250 | J12: 70 | L12: =SUM(I12:K12) -> 320 | M12: =COUNTIFS($D$2:$D$120,D12,$L$2:$L$120,">"&L12)+1 -> 20 | N12: =IF(M12<=IF(D12="Bảng A",Tham_so!$B$5,Tham_so!$B$6),"Có","Không") -> Không | O12: =IF(COUNT(P12:R12)=0,"",IF(D12="Bảng A","COS Pro Level 2","COS Pro Level 1")) | S12: =IF(COUNT(P12:R12)=0,"",SUM(P12:R12)) | T12: =IF(S12="","",COUNTIFS($D$2:$D$120,D12,$S$2:$S$120,">"&S12)+1) | U12: =IF(OR(L12>=Tham_so!$B$3,AND(ISNUMBER(S12),S12>=Tham_so!$B$3)),"Có","Không") -> Không | V12: =IF(L12>=Tham_so!$B$9,"Giỏi",IF(L12>=Tham_so!$B$10,"Khá",IF(L12>=Tham_so!$B$11,"Trung bình","Yếu"))) -> Yếu | W12: =IF(S12="","",IF(S12>=Tham_so!$B$9,"Giỏi",IF(S12>=Tham_so!$B$10,"Khá",IF(S12>=Tham_so!$B$11,"Trung bình","Yếu")))) | X12: Có
A13: 12 | B13: phongphan012@ptit.edu.vn | C13: Phan Xuân Phong | D13: Bảng A | E13: THPT Chu Văn An | F13: Phú Thọ | G13: Có | H13: =IF(D13="Bảng A","COS Pro Level 3","COS Pro Level 2") -> COS Pro Level 3 | I13: 270 | J13: 220 | L13: =SUM(I13:K13) -> 490 | M13: =COUNTIFS($D$2:$D$120,D13,$L$2:$L$120,">"&L13)+1 -> 13 | N13: =IF(M13<=IF(D13="Bảng A",Tham_so!$B$5,Tham_so!$B$6),"Có","Không") -> Không | O13: =IF(COUNT(P13:R13)=0,"",IF(D13="Bảng A","COS Pro Level 2","COS Pro Level 1")) | S13: =IF(COUNT(P13:R13)=0,"",SUM(P13:R13)) | T13: =IF(S13="","",COUNTIFS($D$2:$D$120,D13,$S$2:$S$120,">"&S13)+1) | U13: =IF(OR(L13>=Tham_so!$B$3,AND(ISNUMBER(S13),S13>=Tham_so!$B$3)),"Có","Không") -> Không | V13: =IF(L13>=Tham_so!$B$9,"Giỏi",IF(L13>=Tham_so!$B$10,"Khá",IF(L13>=Tham_so!$B$11,"Trung bình","Yếu"))) -> Trung bình | W13: =IF(S13="","",IF(S13>=Tham_so!$B$9,"Giỏi",IF(S13>=Tham_so!$B$10,"Khá",IF(S13>=Tham_so!$B$11,"Trung bình","Yếu")))) | X13: Có
A14: 13 | B14: phongpham013@ptit.edu.vn | C14: Phạm Thu Phong | D14: Bảng A | E14: THPT Lê Quý Đôn | F14: Nghệ An | G14: Có | H14: =IF(D14="Bảng A","COS Pro Level 3","COS Pro Level 2") -> COS Pro Level 3 | I14: 220 | J14: 180 | L14: =SUM(I14:K14) -> 400 | M14: =COUNTIFS($D$2:$D$120,D14,$L$2:$L$120,">"&L14)+1 -> 18 | N14: =IF(M14<=IF(D14="Bảng A",Tham_so!$B$5,Tham_so!$B$6),"Có","Không") -> Không | O14: =IF(COUNT(P14:R14)=0,"",IF(D14="Bảng A","COS Pro Level 2","COS Pro Level 1")) | S14: =IF(COUNT(P14:R14)=0,"",SUM(P14:R14)) | T14: =IF(S14="","",COUNTIFS($D$2:$D$120,D14,$S$2:$S$120,">"&S14)+1) | U14: =IF(OR(L14>=Tham_so!$B$3,AND(ISNUMBER(S14),S14>=Tham_so!$B$3)),"Có","Không") -> Không | V14: =IF(L14>=Tham_so!$B$9,"Giỏi",IF(L14>=Tham_so!$B$10,"Khá",IF(L14>=Tham_so!$B$11,"Trung bình","Yếu"))) -> Trung bình | W14: =IF(S14="","",IF(S14>=Tham_so!$B$9,"Giỏi",IF(S14>=Tham_so!$B$10,"Khá",IF(S14>=Tham_so!$B$11,"Trung bình","Yếu")))) | X14: Có
A15: 14 | B15: vinhbui014@ptit.edu.vn | C15: Bùi Khánh Vinh | D15: Bảng A | E15: THPT Việt Đức | F15: Lâm Đồng | G15: Có | H15: =IF(D15="Bảng A","COS Pro Level 3","COS Pro Level 2") -> COS Pro Level 3 | I15: 250 | J15: 280 | L15: =SUM(I15:K15) -> 530 | M15: =COUNTIFS($D$2:$D$120,D15,$L$2:$L$120,">"&L15)+1 -> 9 | N15: =IF(M15<=IF(D15="Bảng A",Tham_so!$B$5,Tham_so!$B$6),"Có","Không") -> Không | O15: =IF(COUNT(P15:R15)=0,"",IF(D15="Bảng A","COS Pro Level 2","COS Pro Level 1")) | S15: =IF(COUNT(P15:R15)=0,"",SUM(P15:R15)) | T15: =IF(S15="","",COUNTIFS($D$2:$D$120,D15,$S$2:$S$120,">"&S15)+1) | U15: =IF(OR(L15>=Tham_so!$B$3,AND(ISNUMBER(S15),S15>=Tham_so!$B$3)),"Có","Không") -> Không | V15: =IF(L15>=Tham_so!$B$9,"Giỏi",IF(L15>=Tham_so!$B$10,"Khá",IF(L15>=Tham_so!$B$11,"Trung bình","Yếu"))) -> Trung bình | W15: =IF(S15="","",IF(S15>=Tham_so!$B$9,"Giỏi",IF(S15>=Tham_so!$B$10,"Khá",IF(S15>=Tham_so!$B$11,"Trung bình","Yếu")))) | X15: Có
A16: 15 | B16: lanlam015@ptit.edu.vn | C16: Lâm Thị Lan | D16: Bảng A | E16: THPT Kim Liên | F16: Huế | G16: Có | H16: =IF(D16="Bảng A","COS Pro Level 3","COS Pro Level 2") -> COS Pro Level 3 | I16: 430 | J16: 220 | L16: =SUM(I16:K16) -> 650 | M16: =COUNTIFS($D$2:$D$120,D16,$L$2:$L$120,">"&L16)+1 -> 2 | N16: =IF(M16<=IF(D16="Bảng A",Tham_so!$B$5,Tham_so!$B$6),"Có","Không") -> Có | O16: =IF(COUNT(P16:R16)=0,"",IF(D16="Bảng A","COS Pro Level 2","COS Pro Level 1")) -> COS Pro Level 2 | P16: 350 | Q16: 160 | R16: 260 | S16: =IF(COUNT(P16:R16)=0,"",SUM(P16:R16)) -> 770 | T16: =IF(S16="","",COUNTIFS($D$2:$D$120,D16,$S$2:$S$120,">"&S16)+1) -> 2 | U16: =IF(OR(L16>=Tham_so!$B$3,AND(ISNUMBER(S16),S16>=Tham_so!$B$3)),"Có","Không") -> Có | V16: =IF(L16>=Tham_so!$B$9,"Giỏi",IF(L16>=Tham_so!$B$10,"Khá",IF(L16>=Tham_so!$B$11,"Trung bình","Yếu"))) -> Khá | W16: =IF(S16="","",IF(S16>=Tham_so!$B$9,"Giỏi",IF(S16>=Tham_so!$B$10,"Khá",IF(S16>=Tham_so!$B$11,"Trung bình","Yếu")))) -> Khá | X16: Có
A17: 16 | B17: vyle016@ptit.edu.vn | C17: Lê Hải Vy | D17: Bảng A | E17: THPT Nguyễn Huệ | F17: Thanh Hóa | G17: Có | H17: =IF(D17="Bảng A","COS Pro Level 3","COS Pro Level 2") -> COS Pro Level 3 | I17: 290 | J17: 210 | L17: =SUM(I17:K17) -> 500 | M17: =COUNTIFS($D$2:$D$120,D17,$L$2:$L$120,">"&L17)+1 -> 12 | N17: =IF(M17<=IF(D17="Bảng A",Tham_so!$B$5,Tham_so!$B$6),"Có","Không") -> Không | O17: =IF(COUNT(P17:R17)=0,"",IF(D17="Bảng A","COS Pro Level 2","COS Pro Level 1")) | S17: =IF(COUNT(P17:R17)=0,"",SUM(P17:R17)) | T17: =IF(S17="","",COUNTIFS($D$2:$D$120,D17,$S$2:$S$120,">"&S17)+1) | U17: =IF(OR(L17>=Tham_so!$B$3,AND(ISNUMBER(S17),S17>=Tham_so!$B$3)),"Có","Không") -> Không | V17: =IF(L17>=Tham_so!$B$9,"Giỏi",IF(L17>=Tham_so!$B$10,"Khá",IF(L17>=Tham_so!$B$11,"Trung bình","Yếu"))) -> Trung bình | W17: =IF(S17="","",IF(S17>=Tham_so!$B$9,"Giỏi",IF(S17>=Tham_so!$B$10,"Khá",IF(S17>=Tham_so!$B$11,"Trung bình","Yếu")))) | X17: Có
A18: 17 | B18: giangdang017@ptit.edu.vn | C18: Đặng Xuân Giang | D18: Bảng A | E18: THPT Chu Văn An | F18: Đồng Nai | G18: Có | H18: =IF(D18="Bảng A","COS Pro Level 3","COS Pro Level 2") -> COS Pro Level 3 | I18: 240 | J18: 250 | L18: =SUM(I18:K18) -> 490 | M18: =COUNTIFS($D$2:$D$120,D18,$L$2:$L$120,">"&L18)+1 -> 13 | N18: =IF(M18<=IF(D18="Bảng A",Tham_so!$B$5,Tham_so!$B$6),"Có","Không") -> Không | O18: =IF(COUNT(P18:R18)=0,"",IF(D18="Bảng A","COS Pro Level 2","COS Pro Level 1")) | S18: =IF(COUNT(P18:R18)=0,"",SUM(P18:R18)) | T18: =IF(S18="","",COUNTIFS($D$2:$D$120,D18,$S$2:$S$120,">"&S18)+1) | U18: =IF(OR(L18>=Tham_so!$B$3,AND(ISNUMBER(S18),S18>=Tham_so!$B$3)),"Có","Không") -> Không | V18: =IF(L18>=Tham_so!$B$9,"Giỏi",IF(L18>=Tham_so!$B$10,"Khá",IF(L18>=Tham_so!$B$11,"Trung bình","Yếu"))) -> Trung bình | W18: =IF(S18="","",IF(S18>=Tham_so!$B$9,"Giỏi",IF(S18>=Tham_so!$B$10,"Khá",IF(S18>=Tham_so!$B$11,"Trung bình","Yếu")))) | X18: Có
A19: 18 | B19: trangbui018@ptit.edu.vn | C19: Bùi Thị Trang | D19: Bảng A | E19: THPT Lê Quý Đôn | F19: Cần Thơ | G19: Có | H19: =IF(D19="Bảng A","COS Pro Level 3","COS Pro Level 2") -> COS Pro Level 3 | I19: 310 | J19: 200 | L19: =SUM(I19:K19) -> 510 | M19: =COUNTIFS($D$2:$D$120,D19,$L$2:$L$120,">"&L19)+1 -> 11 | N19: =IF(M19<=IF(D19="Bảng A",Tham_so!$B$5,Tham_so!$B$6),"Có","Không") -> Không | O19: =IF(COUNT(P19:R19)=0,"",IF(D19="Bảng A","COS Pro Level 2","COS Pro Level 1")) | S19: =IF(COUNT(P19:R19)=0,"",SUM(P19:R19)) | T19: =IF(S19="","",COUNTIFS($D$2:$D$120,D19,$S$2:$S$120,">"&S19)+1) | U19: =IF(OR(L19>=Tham_so!$B$3,AND(ISNUMBER(S19),S19>=Tham_so!$B$3)),"Có","Không") -> Không | V19: =IF(L19>=Tham_so!$B$9,"Giỏi",IF(L19>=Tham_so!$B$10,"Khá",IF(L19>=Tham_so!$B$11,"Trung bình","Yếu"))) -> Trung bình | W19: =IF(S19="","",IF(S19>=Tham_so!$B$9,"Giỏi",IF(S19>=Tham_so!$B$10,"Khá",IF(S19>=Tham_so!$B$11,"Trung bình","Yếu")))) | X19: Có
A20: 19 | B20: trangta019@ptit.edu.vn | C20: Tạ Thị Trang | D20: Bảng A | E20: THPT Việt Đức | F20: Hải Dương | G20: Có | H20: =IF(D20="Bảng A","COS Pro Level 3","COS Pro Level 2") -> COS Pro Level 3 | I20: 220 | J20: 130 | L20: =SUM(I20:K20) -> 350 | M20: =COUNTIFS($D$2:$D$120,D20,$L$2:$L$120,">"&L20)+1 -> 19 | N20: =IF(M20<=IF(D20="Bảng A",Tham_so!$B$5,Tham_so!$B$6),"Có","Không") -> Không | O20: =IF(COUNT(P20:R20)=0,"",IF(D20="Bảng A","COS Pro Level 2","COS Pro Level 1")) | S20: =IF(COUNT(P20:R20)=0,"",SUM(P20:R20)) | T20: =IF(S20="","",COUNTIFS($D$2:$D$120,D20,$S$2:$S$120,">"&S20)+1) | U20: =IF(OR(L20>=Tham_so!$B$3,AND(ISNUMBER(S20),S20>=Tham_so!$B$3)),"Có","Không") -> Không | V20: =IF(L20>=Tham_so!$B$9,"Giỏi",IF(L20>=Tham_so!$B$10,"Khá",IF(L20>=Tham_so!$B$11,"Trung bình","Yếu"))) -> Yếu | W20: =IF(S20="","",IF(S20>=Tham_so!$B$9,"Giỏi",IF(S20>=Tham_so!$B$10,"Khá",IF(S20>=Tham_so!$B$11,"Trung bình","Yếu")))) | X20: Có
A21: 20 | B21: haimai020@ptit.edu.vn | C21: Mai Gia Hải | D21: Bảng A | E21: THPT Kim Liên | F21: Bình Dương | G21: Có | H21: =IF(D21="Bảng A","COS Pro Level 3","COS Pro Level 2") -> COS Pro Level 3 | I21: 180 | J21: 90 | L21: =SUM(I21:K21) -> 270 | M21: =COUNTIFS($D$2:$D$120,D21,$L$2:$L$120,">"&L21)+1 -> 23 | N21: =IF(M21<=IF(D21="Bảng A",Tham_so!$B$5,Tham_so!$B$6),"Có","Không") -> Không | O21: =IF(COUNT(P21:R21)=0,"",IF(D21="Bảng A","COS Pro Level 2","COS Pro Level 1")) | S21: =IF(COUNT(P21:R21)=0,"",SUM(P21:R21)) | T21: =IF(S21="","",COUNTIFS($D$2:$D$120,D21,$S$2:$S$120,">"&S21)+1) | U21: =IF(OR(L21>=Tham_so!$B$3,AND(ISNUMBER(S21),S21>=Tham_so!$B$3)),"Có","Không") -> Không | V21: =IF(L21>=Tham_so!$B$9,"Giỏi",IF(L21>=Tham_so!$B$10,"Khá",IF(L21>=Tham_so!$B$11,"Trung bình","Yếu"))) -> Yếu | W21: =IF(S21="","",IF(S21>=Tham_so!$B$9,"Giỏi",IF(S21>=Tham_so!$B$10,"Khá",IF(S21>=Tham_so!$B$11,"Trung bình","Yếu")))) | X21: Có
A22: 21 | B22: binhhoang021@ptit.edu.vn | C22: Hoàng Hữu Bình | D22: Bảng A | E22: THPT Nguyễn Huệ | F22: Hà Nội | G22: Có | H22: =IF(D22="Bảng A","COS Pro Level 3","COS Pro Level 2") -> COS Pro Level 3 | I22: 280 | J22: 310 | L22: =SUM(I22:K22) -> 590 | M22: =COUNTIFS($D$2:$D$120,D22,$L$2:$L$120,">"&L22)+1 -> 5 | N22: =IF(M22<=IF(D22="Bảng A",Tham_so!$B$5,Tham_so!$B$6),"Có","Không") -> Không | O22: =IF(COUNT(P22:R22)=0,"",IF(D22="Bảng A","COS Pro Level 2","COS Pro Level 1")) | S22: =IF(COUNT(P22:R22)=0,"",SUM(P22:R22)) | T22: =IF(S22="","",COUNTIFS($D$2:$D$120,D22,$S$2:$S$120,">"&S22)+1) | U22: =IF(OR(L22>=Tham_so!$B$3,AND(ISNUMBER(S22),S22>=Tham_so!$B$3)),"Có","Không") -> Không | V22: =IF(L22>=Tham_so!$B$9,"Giỏi",IF(L22>=Tham_so!$B$10,"Khá",IF(L22>=Tham_so!$B$11,"Trung bình","Yếu"))) -> Trung bình | W22: =IF(S22="","",IF(S22>=Tham_so!$B$9,"Giỏi",IF(S22>=Tham_so!$B$10,"Khá",IF(S22>=Tham_so!$B$11,"Trung bình","Yếu")))) | X22: Có
A23: 22 | B23: hieumai022@ptit.edu.vn | C23: Mai Hải Hiếu | D23: Bảng A | E23: THPT Chu Văn An | F23: Bắc Ninh | G23: Có | H23: =IF(D23="Bảng A","COS Pro Level 3","COS Pro Level 2") -> COS Pro Level 3 | I23: 250 | J23: 200 | L23: =SUM(I23:K23) -> 450 | M23: =COUNTIFS($D$2:$D$120,D23,$L$2:$L$120,">"&L23)+1 -> 16 | N23: =IF(M23<=IF(D23="Bảng A",Tham_so!$B$5,Tham_so!$B$6),"Có","Không") -> Không | O23: =IF(COUNT(P23:R23)=0,"",IF(D23="Bảng A","COS Pro Level 2","COS Pro Level 1")) | S23: =IF(COUNT(P23:R23)=0,"",SUM(P23:R23)) | T23: =IF(S23="","",COUNTIFS($D$2:$D$120,D23,$S$2:$S$120,">"&S23)+1) | U23: =IF(OR(L23>=Tham_so!$B$3,AND(ISNUMBER(S23),S23>=Tham_so!$B$3)),"Có","Không") -> Không | V23: =IF(L23>=Tham_so!$B$9,"Giỏi",IF(L23>=Tham_so!$B$10,"Khá",IF(L23>=Tham_so!$B$11,"Trung bình","Yếu"))) -> Trung bình | W23: =IF(S23="","",IF(S23>=Tham_so!$B$9,"Giỏi",IF(S23>=Tham_so!$B$10,"Khá",IF(S23>=Tham_so!$B$11,"Trung bình","Yếu")))) | X23: Có
A24: 23 | B24: nganphan023@ptit.edu.vn | C24: Phan Anh Ngân | D24: Bảng A | E24: THPT Lê Quý Đôn | F24: Khánh Hòa | G24: Có | H24: =IF(D24="Bảng A","COS Pro Level 3","COS Pro Level 2") -> COS Pro Level 3 | I24: 170 | J24: 130 | L24: =SUM(I24:K24) -> 300 | M24: =COUNTIFS($D$2:$D$120,D24,$L$2:$L$120,">"&L24)+1 -> 21 | N24: =IF(M24<=IF(D24="Bảng A",Tham_so!$B$5,Tham_so!$B$6),"Có","Không") -> Không | O24: =IF(COUNT(P24:R24)=0,"",IF(D24="Bảng A","COS Pro Level 2","COS Pro Level 1")) | S24: =IF(COUNT(P24:R24)=0,"",SUM(P24:R24)) | T24: =IF(S24="","",COUNTIFS($D$2:$D$120,D24,$S$2:$S$120,">"&S24)+1) | U24: =IF(OR(L24>=Tham_so!$B$3,AND(ISNUMBER(S24),S24>=Tham_so!$B$3)),"Có","Không") -> Không | V24: =IF(L24>=Tham_so!$B$9,"Giỏi",IF(L24>=Tham_so!$B$10,"Khá",IF(L24>=Tham_so!$B$11,"Trung bình","Yếu"))) -> Yếu | W24: =IF(S24="","",IF(S24>=Tham_so!$B$9,"Giỏi",IF(S24>=Tham_so!$B$10,"Khá",IF(S24>=Tham_so!$B$11,"Trung bình","Yếu")))) | X24: Có
A25: 24 | B25: nhiduong024@ptit.edu.vn | C25: Dương Hữu Nhi | D25: Bảng A | E25: THPT Việt Đức | F25: TP. Hồ Chí Minh | G25: Có | H25: =IF(D25="Bảng A","COS Pro Level 3","COS Pro Level 2") -> COS Pro Level 3 | I25: 150 | J25: 130 | L25: =SUM(I25:K25) -> 280 | M25: =COUNTIFS($D$2:$D$120,D25,$L$2:$L$120,">"&L25)+1 -> 22 | N25: =IF(M25<=IF(D25="Bảng A",Tham_so!$B$5,Tham_so!$B$6),"Có","Không") -> Không | O25: =IF(COUNT(P25:R25)=0,"",IF(D25="Bảng A","COS Pro Level 2","COS Pro Level 1")) | S25: =IF(COUNT(P25:R25)=0,"",SUM(P25:R25)) | T25: =IF(S25="","",COUNTIFS($D$2:$D$120,D25,$S$2:$S$120,">"&S25)+1) | U25: =IF(OR(L25>=Tham_so!$B$3,AND(ISNUMBER(S25),S25>=Tham_so!$B$3)),"Có","Không") -> Không | V25: =IF(L25>=Tham_so!$B$9,"Giỏi",IF(L25>=Tham_so!$B$10,"Khá",IF(L25>=Tham_so!$B$11,"Trung bình","Yếu"))) -> Yếu | W25: =IF(S25="","",IF(S25>=Tham_so!$B$9,"Giỏi",IF(S25>=Tham_so!$B$10,"Khá",IF(S25>=Tham_so!$B$11,"Trung bình","Yếu")))) | X25: Có
A26: 25 | B26: duyvu025@ptit.edu.vn | C26: Vũ Anh Duy | D26: Bảng B | E26: Đại học FPT | F26: Nam Định | G26: Có | H26: =IF(D26="Bảng A","COS Pro Level 3","COS Pro Level 2") -> COS Pro Level 2 | I26: 290 | J26: 180 | K26: 210 | L26: =SUM(I26:K26) -> 680 | M26: =COUNTIFS($D$2:$D$120,D26,$L$2:$L$120,">"&L26)+1 -> 19 | N26: =IF(M26<=IF(D26="Bảng A",Tham_so!$B$5,Tham_so!$B$6),"Có","Không") -> Không | O26: =IF(COUNT(P26:R26)=0,"",IF(D26="Bảng A","COS Pro Level 2","COS Pro Level 1")) | S26: =IF(COUNT(P26:R26)=0,"",SUM(P26:R26)) | T26: =IF(S26="","",COUNTIFS($D$2:$D$120,D26,$S$2:$S$120,">"&S26)+1) | U26: =IF(OR(L26>=Tham_so!$B$3,AND(ISNUMBER(S26),S26>=Tham_so!$B$3)),"Có","Không") -> Có | V26: =IF(L26>=Tham_so!$B$9,"Giỏi",IF(L26>=Tham_so!$B$10,"Khá",IF(L26>=Tham_so!$B$11,"Trung bình","Yếu"))) -> Khá | W26: =IF(S26="","",IF(S26>=Tham_so!$B$9,"Giỏi",IF(S26>=Tham_so!$B$10,"Khá",IF(S26>=Tham_so!$B$11,"Trung bình","Yếu")))) | X26: Có
A27: 26 | B27: namngo026@ptit.edu.vn | C27: Ngô Minh Nam | D27: Bảng B | E27: Đại học Bách Khoa TP.HCM | F27: Hà Tĩnh | G27: Có | H27: =IF(D27="Bảng A","COS Pro Level 3","COS Pro Level 2") -> COS Pro Level 2 | I27: 270 | J27: 130 | K27: 130 | L27: =SUM(I27:K27) -> 530 | M27: =COUNTIFS($D$2:$D$120,D27,$L$2:$L$120,">"&L27)+1 -> 50 | N27: =IF(M27<=IF(D27="Bảng A",Tham_so!$B$5,Tham_so!$B$6),"Có","Không") -> Không | O27: =IF(COUNT(P27:R27)=0,"",IF(D27="Bảng A","COS Pro Level 2","COS Pro Level 1")) | S27: =IF(COUNT(P27:R27)=0,"",SUM(P27:R27)) | T27: =IF(S27="","",COUNTIFS($D$2:$D$120,D27,$S$2:$S$120,">"&S27)+1) | U27: =IF(OR(L27>=Tham_so!$B$3,AND(ISNUMBER(S27),S27>=Tham_so!$B$3)),"Có","Không") -> Không | V27: =IF(L27>=Tham_so!$B$9,"Giỏi",IF(L27>=Tham_so!$B$10,"Khá",IF(L27>=Tham_so!$B$11,"Trung bình","Yếu"))) -> Trung bình | W27: =IF(S27="","",IF(S27>=Tham_so!$B$9,"Giỏi",IF(S27>=Tham_so!$B$10,"Khá",IF(S27>=Tham_so!$B$11,"Trung bình","Yếu")))) | X27: Có
A28: 27 | B28: hungtrinh027@ptit.edu.vn | C28: Trịnh Ngọc Hùng | D28: Bảng B | E28: Đại học Khoa học Tự nhiên TP.HCM | F28: Hải Phòng | G28: Có | H28: =IF(D28="Bảng A","COS Pro Level 3","COS Pro Level 2") -> COS Pro Level 2 | I28: 260 | J28: 140 | K28: 150 | L28: =SUM(I28:K28) -> 550 | M28: =COUNTIFS($D$2:$D$120,D28,$L$2:$L$120,">"&L28)+1 -> 43 | N28: =IF(M28<=IF(D28="Bảng A",Tham_so!$B$5,Tham_so!$B$6),"Có","Không") -> Không | O28: =IF(COUNT(P28:R28)=0,"",IF(D28="Bảng A","COS Pro Level 2","COS Pro Level 1")) | S28: =IF(COUNT(P28:R28)=0,"",SUM(P28:R28)) | T28: =IF(S28="","",COUNTIFS($D$2:$D$120,D28,$S$2:$S$120,">"&S28)+1) | U28: =IF(OR(L28>=Tham_so!$B$3,AND(ISNUMBER(S28),S28>=Tham_so!$B$3)),"Có","Không") -> Không | V28: =IF(L28>=Tham_so!$B$9,"Giỏi",IF(L28>=Tham_so!$B$10,"Khá",IF(L28>=Tham_so!$B$11,"Trung bình","Yếu"))) -> Trung bình | W28: =IF(S28="","",IF(S28>=Tham_so!$B$9,"Giỏi",IF(S28>=Tham_so!$B$10,"Khá",IF(S28>=Tham_so!$B$11,"Trung bình","Yếu")))) | X28: Có
A29: 28 | B29: huyphan028@ptit.edu.vn | C29: Phan Thu Huy | D29: Bảng B | E29: Đại học CNTT - ĐHQG TP.HCM | F29: Thái Nguyên | G29: Có | H29: =IF(D29="Bảng A","COS Pro Level 3","COS Pro Level 2") -> COS Pro Level 2 | I29: 240 | J29: 160 | K29: 150 | L29: =SUM(I29:K29) -> 550 | M29: =COUNTIFS($D$2:$D$120,D29,$L$2:$L$120,">"&L29)+1 -> 43 | N29: =IF(M29<=IF(D29="Bảng A",Tham_so!$B$5,Tham_so!$B$6),"Có","Không") -> Không | O29: =IF(COUNT(P29:R29)=0,"",IF(D29="Bảng A","COS Pro Level 2","COS Pro Level 1")) | S29: =IF(COUNT(P29:R29)=0,"",SUM(P29:R29)) | T29: =IF(S29="","",COUNTIFS($D$2:$D$120,D29,$S$2:$S$120,">"&S29)+1) | U29: =IF(OR(L29>=Tham_so!$B$3,AND(ISNUMBER(S29),S29>=Tham_so!$B$3)),"Có","Không") -> Không | V29: =IF(L29>=Tham_so!$B$9,"Giỏi",IF(L29>=Tham_so!$B$10,"Khá",IF(L29>=Tham_so!$B$11,"Trung bình","Yếu"))) -> Trung bình | W29: =IF(S29="","",IF(S29>=Tham_so!$B$9,"Giỏi",IF(S29>=Tham_so!$B$10,"Khá",IF(S29>=Tham_so!$B$11,"Trung bình","Yếu")))) | X29: Có
A30: 29 | B30: toanngo029@ptit.edu.vn | C30: Ngô Ngọc Toàn | D30: Bảng B | E30: Đại học Sư phạm Kỹ thuật TP.HCM | F30: Vĩnh Phúc | G30: Có | H30: =IF(D30="Bảng A","COS Pro Level 3","COS Pro Level 2") -> COS Pro Level 2 | I30: 290 | J30: 220 | K30: 190 | L30: =SUM(I30:K30) -> 700 | M30: =COUNTIFS($D$2:$D$120,D30,$L$2:$L$120,">"&L30)+1 -> 14 | N30: =IF(M30<=IF(D30="Bảng A",Tham_so!$B$5,Tham_so!$B$6),"Có","Không") -> Không | O30: =IF(COUNT(P30:R30)=0,"",IF(D30="Bảng A","COS Pro Level 2","COS Pro Level 1")) | S30: =IF(COUNT(P30:R30)=0,"",SUM(P30:R30)) | T30: =IF(S30="","",COUNTIFS($D$2:$D$120,D30,$S$2:$S$120,">"&S30)+1) | U30: =IF(OR(L30>=Tham_so!$B$3,AND(ISNUMBER(S30),S30>=Tham_so!$B$3)),"Có","Không") -> Có | V30: =IF(L30>=Tham_so!$B$9,"Giỏi",IF(L30>=Tham_so!$B$10,"Khá",IF(L30>=Tham_so!$B$11,"Trung bình","Yếu"))) -> Khá | W30: =IF(S30="","",IF(S30>=Tham_so!$B$9,"Giỏi",IF(S30>=Tham_so!$B$10,"Khá",IF(S30>=Tham_so!$B$11,"Trung bình","Yếu")))) | X30: Có
A31: 30 | B31: thanhnguyen030@ptit.edu.vn | C31: Nguyễn Đức Thành | D31: Bảng B | E31: Đại học Duy Tân | F31: Đà Nẵng | G31: Có | H31: =IF(D31="Bảng A","COS Pro Level 3","COS Pro Level 2") -> COS Pro Level 2 | I31: 420 | J31: 200 | K31: 230 | L31: =SUM(I31:K31) -> 850 | M31: =COUNTIFS($D$2:$D$120,D31,$L$2:$L$120,">"&L31)+1 -> 1 | N31: =IF(M31<=IF(D31="Bảng A",Tham_so!$B$5,Tham_so!$B$6),"Có","Không") -> Có | O31: =IF(COUNT(P31:R31)=0,"",IF(D31="Bảng A","COS Pro Level 2","COS Pro Level 1")) -> COS Pro Level 1 | P31: 340 | Q31: 390 | R31: 230 | S31: =IF(COUNT(P31:R31)=0,"",SUM(P31:R31)) -> 960 | T31: =IF(S31="","",COUNTIFS($D$2:$D$120,D31,$S$2:$S$120,">"&S31)+1) -> 5 | U31: =IF(OR(L31>=Tham_so!$B$3,AND(ISNUMBER(S31),S31>=Tham_so!$B$3)),"Có","Không") -> Có | V31: =IF(L31>=Tham_so!$B$9,"Giỏi",IF(L31>=Tham_so!$B$10,"Khá",IF(L31>=Tham_so!$B$11,"Trung bình","Yếu"))) -> Giỏi | W31: =IF(S31="","",IF(S31>=Tham_so!$B$9,"Giỏi",IF(S31>=Tham_so!$B$10,"Khá",IF(S31>=Tham_so!$B$11,"Trung bình","Yếu")))) -> Giỏi | X31: Có
A32: 31 | B32: phucdinh031@ptit.edu.vn | C32: Đinh Minh Phúc | D32: Bảng B | E32: Học viện Công nghệ Bưu chính Viễn thông (PTIT) | F32: Quảng Ninh | G32: Có | H32: =IF(D32="Bảng A","COS Pro Level 3","COS Pro Level 2") -> COS Pro Level 2 | I32: 400 | J32: 190 | K32: 180 | L32: =SUM(I32:K32) -> 770 | M32: =COUNTIFS($D$2:$D$120,D32,$L$2:$L$120,">"&L32)+1 -> 6 | N32: =IF(M32<=IF(D32="Bảng A",Tham_so!$B$5,Tham_so!$B$6),"Có","Không") -> Có | O32: =IF(COUNT(P32:R32)=0,"",IF(D32="Bảng A","COS Pro Level 2","COS Pro Level 1")) -> COS Pro Level 1 | P32: 340 | Q32: 310 | R32: 210 | S32: =IF(COUNT(P32:R32)=0,"",SUM(P32:R32)) -> 860 | T32: =IF(S32="","",COUNTIFS($D$2:$D$120,D32,$S$2:$S$120,">"&S32)+1) -> 10 | U32: =IF(OR(L32>=Tham_so!$B$3,AND(ISNUMBER(S32),S32>=Tham_so!$B$3)),"Có","Không") -> Có | V32: =IF(L32>=Tham_so!$B$9,"Giỏi",IF(L32>=Tham_so!$B$10,"Khá",IF(L32>=Tham_so!$B$11,"Trung bình","Yếu"))) -> Khá | W32: =IF(S32="","",IF(S32>=Tham_so!$B$9,"Giỏi",IF(S32>=Tham_so!$B$10,"Khá",IF(S32>=Tham_so!$B$11,"Trung bình","Yếu")))) -> Giỏi | X32: Có
A33: 32 | B33: toanpham032@ptit.edu.vn | C33: Phạm Anh Toàn | D33: Bảng B | E33: Đại học Bách Khoa Hà Nội | F33: Phú Thọ | G33: Có | H33: =IF(D33="Bảng A","COS Pro Level 3","COS Pro Level 2") -> COS Pro Level 2 | I33: 240 | J33: 120 | K33: 170 | L33: =SUM(I33:K33) -> 530 | M33: =COUNTIFS($D$2:$D$120,D33,$L$2:$L$120,">"&L33)+1 -> 50 | N33: =IF(M33<=IF(D33="Bảng A",Tham_so!$B$5,Tham_so!$B$6),"Có","Không") -> Không | O33: =IF(COUNT(P33:R33)=0,"",IF(D33="Bảng A","COS Pro Level 2","COS Pro Level 1")) | S33: =IF(COUNT(P33:R33)=0,"",SUM(P33:R33)) | T33: =IF(S33="","",COUNTIFS($D$2:$D$120,D33,$S$2:$S$120,">"&S33)+1) | U33: =IF(OR(L33>=Tham_so!$B$3,AND(ISNUMBER(S33),S33>=Tham_so!$B$3)),"Có","Không") -> Không | V33: =IF(L33>=Tham_so!$B$9,"Giỏi",IF(L33>=Tham_so!$B$10,"Khá",IF(L33>=Tham_so!$B$11,"Trung bình","Yếu"))) -> Trung bình | W33: =IF(S33="","",IF(S33>=Tham_so!$B$9,"Giỏi",IF(S33>=Tham_so!$B$10,"Khá",IF(S33>=Tham_so!$B$11,"Trung bình","Yếu")))) | X33: Có
A34: 33 | B34: lamta033@ptit.edu.vn | C34: Tạ Anh Lâm | D34: Bảng B | E34: Đại học Công nghệ - ĐHQGHN | F34: Nghệ An | G34: Có | H34: =IF(D34="Bảng A","COS Pro Level 3","COS Pro Level 2") -> COS Pro Level 2 | I34: 230 | J34: 140 | K34: 110 | L34: =SUM(I34:K34) -> 480 | M34: =COUNTIFS($D$2:$D$120,D34,$L$2:$L$120,">"&L34)+1 -> 63 | N34: =IF(M34<=IF(D34="Bảng A",Tham_so!$B$5,Tham_so!$B$6),"Có","Không") -> Không | O34: =IF(COUNT(P34:R34)=0,"",IF(D34="Bảng A","COS Pro Level 2","COS Pro Level 1")) | S34: =IF(COUNT(P34:R34)=0,"",SUM(P34:R34)) | T34: =IF(S34="","",COUNTIFS($D$2:$D$120,D34,$S$2:$S$120,">"&S34)+1) | U34: =IF(OR(L34>=Tham_so!$B$3,AND(ISNUMBER(S34),S34>=Tham_so!$B$3)),"Có","Không") -> Không | V34: =IF(L34>=Tham_so!$B$9,"Giỏi",IF(L34>=Tham_so!$B$10,"Khá",IF(L34>=Tham_so!$B$11,"Trung bình","Yếu"))) -> Trung bình | W34: =IF(S34="","",IF(S34>=Tham_so!$B$9,"Giỏi",IF(S34>=Tham_so!$B$10,"Khá",IF(S34>=Tham_so!$B$11,"Trung bình","Yếu")))) | X34: Có
A35: 34 | B35: lanhoang034@ptit.edu.vn | C35: Hoàng Nhật Lan | D35: Bảng B | E35: Đại học Kinh tế Quốc dân | F35: Lâm Đồng | G35: Có | H35: =IF(D35="Bảng A","COS Pro Level 3","COS Pro Level 2") -> COS Pro Level 2 | I35: 280 | J35: 150 | K35: 120 | L35: =SUM(I35:K35) -> 550 | M35: =COUNTIFS($D$2:$D$120,D35,$L$2:$L$120,">"&L35)+1 -> 43 | N35: =IF(M35<=IF(D35="Bảng A",Tham_so!$B$5,Tham_so!$B$6),"Có","Không") -> Không | O35: =IF(COUNT(P35:R35)=0,"",IF(D35="Bảng A","COS Pro Level 2","COS Pro Level 1")) | S35: =IF(COUNT(P35:R35)=0,"",SUM(P35:R35)) | T35: =IF(S35="","",COUNTIFS($D$2:$D$120,D35,$S$2:$S$120,">"&S35)+1) | U35: =IF(OR(L35>=Tham_so!$B$3,AND(ISNUMBER(S35),S35>=Tham_so!$B$3)),"Có","Không") -> Không | V35: =IF(L35>=Tham_so!$B$9,"Giỏi",IF(L35>=Tham_so!$B$10,"Khá",IF(L35>=Tham_so!$B$11,"Trung bình","Yếu"))) -> Trung bình | W35: =IF(S35="","",IF(S35>=Tham_so!$B$9,"Giỏi",IF(S35>=Tham_so!$B$10,"Khá",IF(S35>=Tham_so!$B$11,"Trung bình","Yếu")))) | X35: Có
A36: 35 | B36: dunghoang035@ptit.edu.vn | C36: Hoàng Anh Dũng | D36: Bảng B | E36: Đại học FPT | F36: Huế | G36: Có | H36: =IF(D36="Bảng A","COS Pro Level 3","COS Pro Level 2") -> COS Pro Level 2 | I36: 290 | J36: 160 | K36: 150 | L36: =SUM(I36:K36) -> 600 | M36: =COUNTIFS($D$2:$D$120,D36,$L$2:$L$120,">"&L36)+1 -> 30 | N36: =IF(M36<=IF(D36="Bảng A",Tham_so!$B$5,Tham_so!$B$6),"Có","Không") -> Không | O36: =IF(COUNT(P36:R36)=0,"",IF(D36="Bảng A","COS Pro Level 2","COS Pro Level 1")) | S36: =IF(COUNT(P36:R36)=0,"",SUM(P36:R36)) | T36: =IF(S36="","",COUNTIFS($D$2:$D$120,D36,$S$2:$S$120,">"&S36)+1) | U36: =IF(OR(L36>=Tham_so!$B$3,AND(ISNUMBER(S36),S36>=Tham_so!$B$3)),"Có","Không") -> Có | V36: =IF(L36>=Tham_so!$B$9,"Giỏi",IF(L36>=Tham_so!$B$10,"Khá",IF(L36>=Tham_so!$B$11,"Trung bình","Yếu"))) -> Khá | W36: =IF(S36="","",IF(S36>=Tham_so!$B$9,"Giỏi",IF(S36>=Tham_so!$B$10,"Khá",IF(S36>=Tham_so!$B$11,"Trung bình","Yếu")))) | X36: Có
A37: 36 | B37: tuele036@ptit.edu.vn | C37: Lê Phương Tuệ | D37: Bảng B | E37: Đại học Bách Khoa TP.HCM | F37: Thanh Hóa | G37: Có | H37: =IF(D37="Bảng A","COS Pro Level 3","COS Pro Level 2") -> COS Pro Level 2 | I37: 370 | J37: 190 | K37: 210 | L37: =SUM(I37:K37) -> 770 | M37: =COUNTIFS($D$2:$D$120,D37,$L$2:$L$120,">"&L37)+1 -> 6 | N37: =IF(M37<=IF(D37="Bảng A",Tham_so!$B$5,Tham_so!$B$6),"Có","Không") -> Có | O37: =IF(COUNT(P37:R37)=0,"",IF(D37="Bảng A","COS Pro Level 2","COS Pro Level 1")) -> COS Pro Level 1 | P37: 340 | Q37: 400 | R37: 240 | S37: =IF(COUNT(P37:R37)=0,"",SUM(P37:R37)) -> 980 | T37: =IF(S37="","",COUNTIFS($D$2:$D$120,D37,$S$2:$S$120,">"&S37)+1) -> 3 | U37: =IF(OR(L37>=Tham_so!$B$3,AND(ISNUMBER(S37),S37>=Tham_so!$B$3)),"Có","Không") -> Có | V37: =IF(L37>=Tham_so!$B$9,"Giỏi",IF(L37>=Tham_so!$B$10,"Khá",IF(L37>=Tham_so!$B$11,"Trung bình","Yếu"))) -> Khá | W37: =IF(S37="","",IF(S37>=Tham_so!$B$9,"Giỏi",IF(S37>=Tham_so!$B$10,"Khá",IF(S37>=Tham_so!$B$11,"Trung bình","Yếu")))) -> Giỏi | X37: Có
A38: 37 | B38: cuongvu037@ptit.edu.vn | C38: Vũ Tuấn Cường | D38: Bảng B | E38: Đại học Khoa học Tự nhiên TP.HCM | F38: Đồng Nai | G38: Có | H38: =IF(D38="Bảng A","COS Pro Level 3","COS Pro Level 2") -> COS Pro Level 2 | I38: 400 | J38: 170 | K38: 190 | L38: =SUM(I38:K38) -> 760 | M38: =COUNTIFS($D$2:$D$120,D38,$L$2:$L$120,">"&L38)+1 -> 10 | N38: =IF(M38<=IF(D38="Bảng A",Tham_so!$B$5,Tham_so!$B$6),"Có","Không") -> Có | O38: =IF(COUNT(P38:R38)=0,"",IF(D38="Bảng A","COS Pro Level 2","COS Pro Level 1")) -> COS Pro Level 1 | P38: 340 | Q38: 310 | R38: 240 | S38: =IF(COUNT(P38:R38)=0,"",SUM(P38:R38)) -> 890 | T38: =IF(S38="","",COUNTIFS($D$2:$D$120,D38,$S$2:$S$120,">"&S38)+1) -> 8 | U38: =IF(OR(L38>=Tham_so!$B$3,AND(ISNUMBER(S38),S38>=Tham_so!$B$3)),"Có","Không") -> Có | V38: =IF(L38>=Tham_so!$B$9,"Giỏi",IF(L38>=Tham_so!$B$10,"Khá",IF(L38>=Tham_so!$B$11,"Trung bình","Yếu"))) -> Khá | W38: =IF(S38="","",IF(S38>=Tham_so!$B$9,"Giỏi",IF(S38>=Tham_so!$B$10,"Khá",IF(S38>=Tham_so!$B$11,"Trung bình","Yếu")))) -> Giỏi | X38: Có
A39: 38 | B39: tienle038@ptit.edu.vn | C39: Lê Minh Tiến | D39: Bảng B | E39: Đại học CNTT - ĐHQG TP.HCM | F39: Cần Thơ | G39: Có | H39: =IF(D39="Bảng A","COS Pro Level 3","COS Pro Level 2") -> COS Pro Level 2 | I39: 220 | J39: 90 | K39: 160 | L39: =SUM(I39:K39) -> 470 | M39: =COUNTIFS($D$2:$D$120,D39,$L$2:$L$120,">"&L39)+1 -> 66 | N39: =IF(M39<=IF(D39="Bảng A",Tham_so!$B$5,Tham_so!$B$6),"Có","Không") -> Không | O39: =IF(COUNT(P39:R39)=0,"",IF(D39="Bảng A","COS Pro Level 2","COS Pro Level 1")) | S39: =IF(COUNT(P39:R39)=0,"",SUM(P39:R39)) | T39: =IF(S39="","",COUNTIFS($D$2:$D$120,D39,$S$2:$S$120,">"&S39)+1) | U39: =IF(OR(L39>=Tham_so!$B$3,AND(ISNUMBER(S39),S39>=Tham_so!$B$3)),"Có","Không") -> Không | V39: =IF(L39>=Tham_so!$B$9,"Giỏi",IF(L39>=Tham_so!$B$10,"Khá",IF(L39>=Tham_so!$B$11,"Trung bình","Yếu"))) -> Trung bình | W39: =IF(S39="","",IF(S39>=Tham_so!$B$9,"Giỏi",IF(S39>=Tham_so!$B$10,"Khá",IF(S39>=Tham_so!$B$11,"Trung bình","Yếu")))) | X39: Có
A40: 39 | B40: khoita039@ptit.edu.vn | C40: Tạ Xuân Khôi | D40: Bảng B | E40: Đại học Sư phạm Kỹ thuật TP.HCM | F40: Hải Dương | G40: Có | H40: =IF(D40="Bảng A","COS Pro Level 3","COS Pro Level 2") -> COS Pro Level 2 | I40: 270 | J40: 150 | K40: 160 | L40: =SUM(I40:K40) -> 580 | M40: =COUNTIFS($D$2:$D$120,D40,$L$2:$L$120,">"&L40)+1 -> 35 | N40: =IF(M40<=IF(D40="Bảng A",Tham_so!$B$5,Tham_so!$B$6),"Có","Không") -> Không | O40: =IF(COUNT(P40:R40)=0,"",IF(D40="Bảng A","COS Pro Level 2","COS Pro Level 1")) | S40: =IF(COUNT(P40:R40)=0,"",SUM(P40:R40)) | T40: =IF(S40="","",COUNTIFS($D$2:$D$120,D40,$S$2:$S$120,">"&S40)+1) | U40: =IF(OR(L40>=Tham_so!$B$3,AND(ISNUMBER(S40),S40>=Tham_so!$B$3)),"Có","Không") -> Không | V40: =IF(L40>=Tham_so!$B$9,"Giỏi",IF(L40>=Tham_so!$B$10,"Khá",IF(L40>=Tham_so!$B$11,"Trung bình","Yếu"))) -> Trung bình | W40: =IF(S40="","",IF(S40>=Tham_so!$B$9,"Giỏi",IF(S40>=Tham_so!$B$10,"Khá",IF(S40>=Tham_so!$B$11,"Trung bình","Yếu")))) | X40: Có
A41: 40 | B41: quyentrinh040@ptit.edu.vn | C41: Trịnh Hải Quyên | D41: Bảng B | E41: Đại học Duy Tân | F41: Bình Dương | G41: Có | H41: =IF(D41="Bảng A","COS Pro Level 3","COS Pro Level 2") -> COS Pro Level 2 | I41: 220 | J41: 100 | K41: 170 | L41: =SUM(I41:K41) -> 490 | M41: =COUNTIFS($D$2:$D$120,D41,$L$2:$L$120,">"&L41)+1 -> 58 | N41: =IF(M41<=IF(D41="Bảng A",Tham_so!$B$5,Tham_so!$B$6),"Có","Không") -> Không | O41: =IF(COUNT(P41:R41)=0,"",IF(D41="Bảng A","COS Pro Level 2","COS Pro Level 1")) | S41: =IF(COUNT(P41:R41)=0,"",SUM(P41:R41)) | T41: =IF(S41="","",COUNTIFS($D$2:$D$120,D41,$S$2:$S$120,">"&S41)+1) | U41: =IF(OR(L41>=Tham_so!$B$3,AND(ISNUMBER(S41),S41>=Tham_so!$B$3)),"Có","Không") -> Không | V41: =IF(L41>=Tham_so!$B$9,"Giỏi",IF(L41>=Tham_so!$B$10,"Khá",IF(L41>=Tham_so!$B$11,"Trung bình","Yếu"))) -> Trung bình | W41: =IF(S41="","",IF(S41>=Tham_so!$B$9,"Giỏi",IF(S41>=Tham_so!$B$10,"Khá",IF(S41>=Tham_so!$B$11,"Trung bình","Yếu")))) | X41: Có
A42: 41 | B42: tuepham041@ptit.edu.vn | C42: Phạm Hải Tuệ | D42: Bảng B | E42: Học viện Công nghệ Bưu chính Viễn thông (PTIT) | F42: Hà Nội | G42: Có | H42: =IF(D42="Bảng A","COS Pro Level 3","COS Pro Level 2") -> COS Pro Level 2 | I42: 250 | J42: 160 | K42: 130 | L42: =SUM(I42:K42) -> 540 | M42: =COUNTIFS($D$2:$D$120,D42,$L$2:$L$120,">"&L42)+1 -> 47 | N42: =IF(M42<=IF(D42="Bảng A",Tham_so!$B$5,Tham_so!$B$6),"Có","Không") -> Không | O42: =IF(COUNT(P42:R42)=0,"",IF(D42="Bảng A","COS Pro Level 2","COS Pro Level 1")) | S42: =IF(COUNT(P42:R42)=0,"",SUM(P42:R42)) | T42: =IF(S42="","",COUNTIFS($D$2:$D$120,D42,$S$2:$S$120,">"&S42)+1) | U42: =IF(OR(L42>=Tham_so!$B$3,AND(ISNUMBER(S42),S42>=Tham_so!$B$3)),"Có","Không") -> Không | V42: =IF(L42>=Tham_so!$B$9,"Giỏi",IF(L42>=Tham_so!$B$10,"Khá",IF(L42>=Tham_so!$B$11,"Trung bình","Yếu"))) -> Trung bình | W42: =IF(S42="","",IF(S42>=Tham_so!$B$9,"Giỏi",IF(S42>=Tham_so!$B$10,"Khá",IF(S42>=Tham_so!$B$11,"Trung bình","Yếu")))) | X42: Có
A43: 42 | B43: khoipham042@ptit.edu.vn | C43: Phạm Văn Khôi | D43: Bảng B | E43: Đại học Bách Khoa Hà Nội | F43: Bắc Ninh | G43: Có | H43: =IF(D43="Bảng A","COS Pro Level 3","COS Pro Level 2") -> COS Pro Level 2 | I43: 140 | J43: 80 | K43: 90 | L43: =SUM(I43:K43) -> 310 | M43: =COUNTIFS($D$2:$D$120,D43,$L$2:$L$120,">"&L43)+1 -> 89 | N43: =IF(M43<=IF(D43="Bảng A",Tham_so!$B$5,Tham_so!$B$6),"Có","Không") -> Không | O43: =IF(COUNT(P43:R43)=0,"",IF(D43="Bảng A","COS Pro Level 2","COS Pro Level 1")) | S43: =IF(COUNT(P43:R43)=0,"",SUM(P43:R43)) | T43: =IF(S43="","",COUNTIFS($D$2:$D$120,D43,$S$2:$S$120,">"&S43)+1) | U43: =IF(OR(L43>=Tham_so!$B$3,AND(ISNUMBER(S43),S43>=Tham_so!$B$3)),"Có","Không") -> Không | V43: =IF(L43>=Tham_so!$B$9,"Giỏi",IF(L43>=Tham_so!$B$10,"Khá",IF(L43>=Tham_so!$B$11,"Trung bình","Yếu"))) -> Yếu | W43: =IF(S43="","",IF(S43>=Tham_so!$B$9,"Giỏi",IF(S43>=Tham_so!$B$10,"Khá",IF(S43>=Tham_so!$B$11,"Trung bình","Yếu")))) | X43: Có
A44: 43 | B44: kienpham043@ptit.edu.vn | C44: Phạm Hải Kiên | D44: Bảng B | E44: Đại học Công nghệ - ĐHQGHN | F44: Khánh Hòa | G44: Có | H44: =IF(D44="Bảng A","COS Pro Level 3","COS Pro Level 2") -> COS Pro Level 2 | I44: 210 | J44: 70 | K44: 150 | L44: =SUM(I44:K44) -> 430 | M44: =COUNTIFS($D$2:$D$120,D44,$L$2:$L$120,">"&L44)+1 -> 75 | N44: =IF(M44<=IF(D44="Bảng A",Tham_so!$B$5,Tham_so!$B$6),"Có","Không") -> Không | O44: =IF(COUNT(P44:R44)=0,"",IF(D44="Bảng A","COS Pro Level 2","COS Pro Level 1")) | S44: =IF(COUNT(P44:R44)=0,"",SUM(P44:R44)) | T44: =IF(S44="","",COUNTIFS($D$2:$D$120,D44,$S$2:$S$120,">"&S44)+1) | U44: =IF(OR(L44>=Tham_so!$B$3,AND(ISNUMBER(S44),S44>=Tham_so!$B$3)),"Có","Không") -> Không | V44: =IF(L44>=Tham_so!$B$9,"Giỏi",IF(L44>=Tham_so!$B$10,"Khá",IF(L44>=Tham_so!$B$11,"Trung bình","Yếu"))) -> Trung bình | W44: =IF(S44="","",IF(S44>=Tham_so!$B$9,"Giỏi",IF(S44>=Tham_so!$B$10,"Khá",IF(S44>=Tham_so!$B$11,"Trung bình","Yếu")))) | X44: Có
A45: 44 | B45: chipham044@ptit.edu.vn | C45: Phạm Trung Chi | D45: Bảng B | E45: Đại học Kinh tế Quốc dân | F45: TP. Hồ Chí Minh | G45: Có | H45: =IF(D45="Bảng A","COS Pro Level 3","COS Pro Level 2") -> COS Pro Level 2 | I45: 400 | J45: 150 | K45: 210 | L45: =SUM(I45:K45) -> 760 | M45: =COUNTIFS($D$2:$D$120,D45,$L$2:$L$120,">"&L45)+1 -> 10 | N45: =IF(M45<=IF(D45="Bảng A",Tham_so!$B$5,Tham_so!$B$6),"Có","Không") -> Có | O45: =IF(COUNT(P45:R45)=0,"",IF(D45="Bảng A","COS Pro Level 2","COS Pro Level 1")) | S45: =IF(COUNT(P45:R45)=0,"",SUM(P45:R45)) | T45: =IF(S45="","",COUNTIFS($D$2:$D$120,D45,$S$2:$S$120,">"&S45)+1) | U45: =IF(OR(L45>=Tham_so!$B$3,AND(ISNUMBER(S45),S45>=Tham_so!$B$3)),"Có","Không") -> Có | V45: =IF(L45>=Tham_so!$B$9,"Giỏi",IF(L45>=Tham_so!$B$10,"Khá",IF(L45>=Tham_so!$B$11,"Trung bình","Yếu"))) -> Khá | W45: =IF(S45="","",IF(S45>=Tham_so!$B$9,"Giỏi",IF(S45>=Tham_so!$B$10,"Khá",IF(S45>=Tham_so!$B$11,"Trung bình","Yếu")))) | X45: Có
A46: 45 | B46: chido045@ptit.edu.vn | C46: Đỗ Nhật Chi | D46: Bảng B | E46: Đại học FPT | F46: Nam Định | G46: Có | H46: =IF(D46="Bảng A","COS Pro Level 3","COS Pro Level 2") -> COS Pro Level 2 | I46: 270 | J46: 150 | K46: 140 | L46: =SUM(I46:K46) -> 560 | M46: =COUNTIFS($D$2:$D$120,D46,$L$2:$L$120,">"&L46)+1 -> 39 | N46: =IF(M46<=IF(D46="Bảng A",Tham_so!$B$5,Tham_so!$B$6),"Có","Không") -> Không | O46: =IF(COUNT(P46:R46)=0,"",IF(D46="Bảng A","COS Pro Level 2","COS Pro Level 1")) | S46: =IF(COUNT(P46:R46)=0,"",SUM(P46:R46)) | T46: =IF(S46="","",COUNTIFS($D$2:$D$120,D46,$S$2:$S$120,">"&S46)+1) | U46: =IF(OR(L46>=Tham_so!$B$3,AND(ISNUMBER(S46),S46>=Tham_so!$B$3)),"Có","Không") -> Không | V46: =IF(L46>=Tham_so!$B$9,"Giỏi",IF(L46>=Tham_so!$B$10,"Khá",IF(L46>=Tham_so!$B$11,"Trung bình","Yếu"))) -> Trung bình | W46: =IF(S46="","",IF(S46>=Tham_so!$B$9,"Giỏi",IF(S46>=Tham_so!$B$10,"Khá",IF(S46>=Tham_so!$B$11,"Trung bình","Yếu")))) | X46: Có
A47: 46 | B47: khoipham046@ptit.edu.vn | C47: Phạm Thu Khôi | D47: Bảng B | E47: Đại học Bách Khoa TP.HCM | F47: Hà Tĩnh | G47: Có | H47: =IF(D47="Bảng A","COS Pro Level 3","COS Pro Level 2") -> COS Pro Level 2 | I47: 360 | J47: 210 | K47: 200 | L47: =SUM(I47:K47) -> 770 | M47: =COUNTIFS($D$2:$D$120,D47,$L$2:$L$120,">"&L47)+1 -> 6 | N47: =IF(M47<=IF(D47="Bảng A",Tham_so!$B$5,Tham_so!$B$6),"Có","Không") -> Có | O47: =IF(COUNT(P47:R47)=0,"",IF(D47="Bảng A","COS Pro Level 2","COS Pro Level 1")) -> COS Pro Level 1 | P47: 340 | Q47: 390 | R47: 240 | S47: =IF(COUNT(P47:R47)=0,"",SUM(P47:R47)) -> 970 | T47: =IF(S47="","",COUNTIFS($D$2:$D$120,D47,$S$2:$S$120,">"&S47)+1) -> 4 | U47: =IF(OR(L47>=Tham_so!$B$3,AND(ISNUMBER(S47),S47>=Tham_so!$B$3)),"Có","Không") -> Có | V47: =IF(L47>=Tham_so!$B$9,"Giỏi",IF(L47>=Tham_so!$B$10,"Khá",IF(L47>=Tham_so!$B$11,"Trung bình","Yếu"))) -> Khá | W47: =IF(S47="","",IF(S47>=Tham_so!$B$9,"Giỏi",IF(S47>=Tham_so!$B$10,"Khá",IF(S47>=Tham_so!$B$11,"Trung bình","Yếu")))) -> Giỏi | X47: Có
A48: 47 | B48: quanle047@ptit.edu.vn | C48: Lê Tuấn Quân | D48: Bảng B | E48: Đại học Khoa học Tự nhiên TP.HCM | F48: Hải Phòng | G48: Có | H48: =IF(D48="Bảng A","COS Pro Level 3","COS Pro Level 2") -> COS Pro Level 2 | I48: 180 | J48: 30 | K48: 70 | L48: =SUM(I48:K48) -> 280 | M48: =COUNTIFS($D$2:$D$120,D48,$L$2:$L$120,">"&L48)+1 -> 90 | N48: =IF(M48<=IF(D48="Bảng A",Tham_so!$B$5,Tham_so!$B$6),"Có","Không") -> Không | O48: =IF(COUNT(P48:R48)=0,"",IF(D48="Bảng A","COS Pro Level 2","COS Pro Level 1")) | S48: =IF(COUNT(P48:R48)=0,"",SUM(P48:R48)) | T48: =IF(S48="","",COUNTIFS($D$2:$D$120,D48,$S$2:$S$120,">"&S48)+1) | U48: =IF(OR(L48>=Tham_so!$B$3,AND(ISNUMBER(S48),S48>=Tham_so!$B$3)),"Có","Không") -> Không | V48: =IF(L48>=Tham_so!$B$9,"Giỏi",IF(L48>=Tham_so!$B$10,"Khá",IF(L48>=Tham_so!$B$11,"Trung bình","Yếu"))) -> Yếu | W48: =IF(S48="","",IF(S48>=Tham_so!$B$9,"Giỏi",IF(S48>=Tham_so!$B$10,"Khá",IF(S48>=Tham_so!$B$11,"Trung bình","Yếu")))) | X48: Có
A49: 48 | B49: hungle048@ptit.edu.vn | C49: Lê Thu Hùng | D49: Bảng B | E49: Đại học CNTT - ĐHQG TP.HCM | F49: Thái Nguyên | G49: Có | H49: =IF(D49="Bảng A","COS Pro Level 3","COS Pro Level 2") -> COS Pro Level 2 | I49: 230 | J49: 120 | K49: 120 | L49: =SUM(I49:K49) -> 470 | M49: =COUNTIFS($D$2:$D$120,D49,$L$2:$L$120,">"&L49)+1 -> 66 | N49: =IF(M49<=IF(D49="Bảng A",Tham_so!$B$5,Tham_so!$B$6),"Có","Không") -> Không | O49: =IF(COUNT(P49:R49)=0,"",IF(D49="Bảng A","COS Pro Level 2","COS Pro Level 1")) | S49: =IF(COUNT(P49:R49)=0,"",SUM(P49:R49)) | T49: =IF(S49="","",COUNTIFS($D$2:$D$120,D49,$S$2:$S$120,">"&S49)+1) | U49: =IF(OR(L49>=Tham_so!$B$3,AND(ISNUMBER(S49),S49>=Tham_so!$B$3)),"Có","Không") -> Không | V49: =IF(L49>=Tham_so!$B$9,"Giỏi",IF(L49>=Tham_so!$B$10,"Khá",IF(L49>=Tham_so!$B$11,"Trung bình","Yếu"))) -> Trung bình | W49: =IF(S49="","",IF(S49>=Tham_so!$B$9,"Giỏi",IF(S49>=Tham_so!$B$10,"Khá",IF(S49>=Tham_so!$B$11,"Trung bình","Yếu")))) | X49: Có
A50: 49 | B50: phongduong049@ptit.edu.vn | C50: Dương Văn Phong | D50: Bảng B | E50: Đại học Sư phạm Kỹ thuật TP.HCM | F50: Vĩnh Phúc | G50: Có | H50: =IF(D50="Bảng A","COS Pro Level 3","COS Pro Level 2") -> COS Pro Level 2 | I50: 320 | J50: 130 | K50: 180 | L50: =SUM(I50:K50) -> 630 | M50: =COUNTIFS($D$2:$D$120,D50,$L$2:$L$120,">"&L50)+1 -> 25 | N50: =IF(M50<=IF(D50="Bảng A",Tham_so!$B$5,Tham_so!$B$6),"Có","Không") -> Không | O50: =IF(COUNT(P50:R50)=0,"",IF(D50="Bảng A","COS Pro Level 2","COS Pro Level 1")) | S50: =IF(COUNT(P50:R50)=0,"",SUM(P50:R50)) | T50: =IF(S50="","",COUNTIFS($D$2:$D$120,D50,$S$2:$S$120,">"&S50)+1) | U50: =IF(OR(L50>=Tham_so!$B$3,AND(ISNUMBER(S50),S50>=Tham_so!$B$3)),"Có","Không") -> Có | V50: =IF(L50>=Tham_so!$B$9,"Giỏi",IF(L50>=Tham_so!$B$10,"Khá",IF(L50>=Tham_so!$B$11,"Trung bình","Yếu"))) -> Khá | W50: =IF(S50="","",IF(S50>=Tham_so!$B$9,"Giỏi",IF(S50>=Tham_so!$B$10,"Khá",IF(S50>=Tham_so!$B$11,"Trung bình","Yếu")))) | X50: Có
A51: 50 | B51: lamdang050@ptit.edu.vn | C51: Đặng Hải Lâm | D51: Bảng B | E51: Đại học Duy Tân | F51: Đà Nẵng | G51: Có | H51: =IF(D51="Bảng A","COS Pro Level 3","COS Pro Level 2") -> COS Pro Level 2 | I51: 260 | J51: 120 | K51: 140 | L51: =SUM(I51:K51) -> 520 | M51: =COUNTIFS($D$2:$D$120,D51,$L$2:$L$120,">"&L51)+1 -> 52 | N51: =IF(M51<=IF(D51="Bảng A",Tham_so!$B$5,Tham_so!$B$6),"Có","Không") -> Không | O51: =IF(COUNT(P51:R51)=0,"",IF(D51="Bảng A","COS Pro Level 2","COS Pro Level 1")) | S51: =IF(COUNT(P51:R51)=0,"",SUM(P51:R51)) | T51: =IF(S51="","",COUNTIFS($D$2:$D$120,D51,$S$2:$S$120,">"&S51)+1) | U51: =IF(OR(L51>=Tham_so!$B$3,AND(ISNUMBER(S51),S51>=Tham_so!$B$3)),"Có","Không") -> Không | V51: =IF(L51>=Tham_so!$B$9,"Giỏi",IF(L51>=Tham_so!$B$10,"Khá",IF(L51>=Tham_so!$B$11,"Trung bình","Yếu"))) -> Trung bình | W51: =IF(S51="","",IF(S51>=Tham_so!$B$9,"Giỏi",IF(S51>=Tham_so!$B$10,"Khá",IF(S51>=Tham_so!$B$11,"Trung bình","Yếu")))) | X51: Có
A52: 51 | B52: khangho051@ptit.edu.vn | C52: Hồ Minh Khang | D52: Bảng B | E52: Học viện Công nghệ Bưu chính Viễn thông (PTIT) | F52: Quảng Ninh | G52: Có | H52: =IF(D52="Bảng A","COS Pro Level 3","COS Pro Level 2") -> COS Pro Level 2 | I52: 260 | J52: 120 | K52: 120 | L52: =SUM(I52:K52) -> 500 | M52: =COUNTIFS($D$2:$D$120,D52,$L$2:$L$120,">"&L52)+1 -> 55 | N52: =IF(M52<=IF(D52="Bảng A",Tham_so!$B$5,Tham_so!$B$6),"Có","Không") -> Không | O52: =IF(COUNT(P52:R52)=0,"",IF(D52="Bảng A","COS Pro Level 2","COS Pro Level 1")) | S52: =IF(COUNT(P52:R52)=0,"",SUM(P52:R52)) | T52: =IF(S52="","",COUNTIFS($D$2:$D$120,D52,$S$2:$S$120,">"&S52)+1) | U52: =IF(OR(L52>=Tham_so!$B$3,AND(ISNUMBER(S52),S52>=Tham_so!$B$3)),"Có","Không") -> Không | V52: =IF(L52>=Tham_so!$B$9,"Giỏi",IF(L52>=Tham_so!$B$10,"Khá",IF(L52>=Tham_so!$B$11,"Trung bình","Yếu"))) -> Trung bình | W52: =IF(S52="","",IF(S52>=Tham_so!$B$9,"Giỏi",IF(S52>=Tham_so!$B$10,"Khá",IF(S52>=Tham_so!$B$11,"Trung bình","Yếu")))) | X52: Có
A53: 52 | B53: hungvu052@ptit.edu.vn | C53: Vũ Đức Hùng | D53: Bảng B | E53: Đại học Bách Khoa Hà Nội | F53: Phú Thọ | G53: Có | H53: =IF(D53="Bảng A","COS Pro Level 3","COS Pro Level 2") -> COS Pro Level 2 | I53: 310 | J53: 160 | K53: 140 | L53: =SUM(I53:K53) -> 610 | M53: =COUNTIFS($D$2:$D$120,D53,$L$2:$L$120,">"&L53)+1 -> 28 | N53: =IF(M53<=IF(D53="Bảng A",Tham_so!$B$5,Tham_so!$B$6),"Có","Không") -> Không | O53: =IF(COUNT(P53:R53)=0,"",IF(D53="Bảng A","COS Pro Level 2","COS Pro Level 1")) | S53: =IF(COUNT(P53:R53)=0,"",SUM(P53:R53)) | T53: =IF(S53="","",COUNTIFS($D$2:$D$120,D53,$S$2:$S$120,">"&S53)+1) | U53: =IF(OR(L53>=Tham_so!$B$3,AND(ISNUMBER(S53),S53>=Tham_so!$B$3)),"Có","Không") -> Có | V53: =IF(L53>=Tham_so!$B$9,"Giỏi",IF(L53>=Tham_so!$B$10,"Khá",IF(L53>=Tham_so!$B$11,"Trung bình","Yếu"))) -> Khá | W53: =IF(S53="","",IF(S53>=Tham_so!$B$9,"Giỏi",IF(S53>=Tham_so!$B$10,"Khá",IF(S53>=Tham_so!$B$11,"Trung bình","Yếu")))) | X53: Có
A54: 53 | B54: quyenngo053@ptit.edu.vn | C54: Ngô Văn Quyên | D54: Bảng B | E54: Đại học Công nghệ - ĐHQGHN | F54: Nghệ An | G54: Có | H54: =IF(D54="Bảng A","COS Pro Level 3","COS Pro Level 2") -> COS Pro Level 2 | I54: 370 | J54: 140 | K54: 190 | L54: =SUM(I54:K54) -> 700 | M54: =COUNTIFS($D$2:$D$120,D54,$L$2:$L$120,">"&L54)+1 -> 14 | N54: =IF(M54<=IF(D54="Bảng A",Tham_so!$B$5,Tham_so!$B$6),"Có","Không") -> Không | O54: =IF(COUNT(P54:R54)=0,"",IF(D54="Bảng A","COS Pro Level 2","COS Pro Level 1")) | S54: =IF(COUNT(P54:R54)=0,"",SUM(P54:R54)) | T54: =IF(S54="","",COUNTIFS($D$2:$D$120,D54,$S$2:$S$120,">"&S54)+1) | U54: =IF(OR(L54>=Tham_so!$B$3,AND(ISNUMBER(S54),S54>=Tham_so!$B$3)),"Có","Không") -> Có | V54: =IF(L54>=Tham_so!$B$9,"Giỏi",IF(L54>=Tham_so!$B$10,"Khá",IF(L54>=Tham_so!$B$11,"Trung bình","Yếu"))) -> Khá | W54: =IF(S54="","",IF(S54>=Tham_so!$B$9,"Giỏi",IF(S54>=Tham_so!$B$10,"Khá",IF(S54>=Tham_so!$B$11,"Trung bình","Yếu")))) | X54: Có
A55: 54 | B55: cuongtrinh054@ptit.edu.vn | C55: Trịnh Nhật Cường | D55: Bảng B | E55: Đại học Kinh tế Quốc dân | F55: Lâm Đồng | G55: Có | H55: =IF(D55="Bảng A","COS Pro Level 3","COS Pro Level 2") -> COS Pro Level 2 | I55: 150 | J55: 80 | K55: 120 | L55: =SUM(I55:K55) -> 350 | M55: =COUNTIFS($D$2:$D$120,D55,$L$2:$L$120,">"&L55)+1 -> 86 | N55: =IF(M55<=IF(D55="Bảng A",Tham_so!$B$5,Tham_so!$B$6),"Có","Không") -> Không | O55: =IF(COUNT(P55:R55)=0,"",IF(D55="Bảng A","COS Pro Level 2","COS Pro Level 1")) | S55: =IF(COUNT(P55:R55)=0,"",SUM(P55:R55)) | T55: =IF(S55="","",COUNTIFS($D$2:$D$120,D55,$S$2:$S$120,">"&S55)+1) | U55: =IF(OR(L55>=Tham_so!$B$3,AND(ISNUMBER(S55),S55>=Tham_so!$B$3)),"Có","Không") -> Không | V55: =IF(L55>=Tham_so!$B$9,"Giỏi",IF(L55>=Tham_so!$B$10,"Khá",IF(L55>=Tham_so!$B$11,"Trung bình","Yếu"))) -> Yếu | W55: =IF(S55="","",IF(S55>=Tham_so!$B$9,"Giỏi",IF(S55>=Tham_so!$B$10,"Khá",IF(S55>=Tham_so!$B$11,"Trung bình","Yếu")))) | X55: Có
A56: 55 | B56: nguyenly055@ptit.edu.vn | C56: Lý Gia Nguyên | D56: Bảng B | E56: Đại học FPT | F56: Huế | G56: Có | H56: =IF(D56="Bảng A","COS Pro Level 3","COS Pro Level 2") -> COS Pro Level 2 | I56: 250 | J56: 130 | K56: 160 | L56: =SUM(I56:K56) -> 540 | M56: =COUNTIFS($D$2:$D$120,D56,$L$2:$L$120,">"&L56)+1 -> 47 | N56: =IF(M56<=IF(D56="Bảng A",Tham_so!$B$5,Tham_so!$B$6),"Có","Không") -> Không | O56: =IF(COUNT(P56:R56)=0,"",IF(D56="Bảng A","COS Pro Level 2","COS Pro Level 1")) | S56: =IF(COUNT(P56:R56)=0,"",SUM(P56:R56)) | T56: =IF(S56="","",COUNTIFS($D$2:$D$120,D56,$S$2:$S$120,">"&S56)+1) | U56: =IF(OR(L56>=Tham_so!$B$3,AND(ISNUMBER(S56),S56>=Tham_so!$B$3)),"Có","Không") -> Không | V56: =IF(L56>=Tham_so!$B$9,"Giỏi",IF(L56>=Tham_so!$B$10,"Khá",IF(L56>=Tham_so!$B$11,"Trung bình","Yếu"))) -> Trung bình | W56: =IF(S56="","",IF(S56>=Tham_so!$B$9,"Giỏi",IF(S56>=Tham_so!$B$10,"Khá",IF(S56>=Tham_so!$B$11,"Trung bình","Yếu")))) | X56: Có
A57: 56 | B57: phongvu056@ptit.edu.vn | C57: Vũ Nhật Phong | D57: Bảng B | E57: Đại học Bách Khoa TP.HCM | F57: Thanh Hóa | G57: Có | H57: =IF(D57="Bảng A","COS Pro Level 3","COS Pro Level 2") -> COS Pro Level 2 | I57: 220 | J57: 110 | K57: 100 | L57: =SUM(I57:K57) -> 430 | M57: =COUNTIFS($D$2:$D$120,D57,$L$2:$L$120,">"&L57)+1 -> 75 | N57: =IF(M57<=IF(D57="Bảng A",Tham_so!$B$5,Tham_so!$B$6),"Có","Không") -> Không | O57: =IF(COUNT(P57:R57)=0,"",IF(D57="Bảng A","COS Pro Level 2","COS Pro Level 1")) | S57: =IF(COUNT(P57:R57)=0,"",SUM(P57:R57)) | T57: =IF(S57="","",COUNTIFS($D$2:$D$120,D57,$S$2:$S$120,">"&S57)+1) | U57: =IF(OR(L57>=Tham_so!$B$3,AND(ISNUMBER(S57),S57>=Tham_so!$B$3)),"Có","Không") -> Không | V57: =IF(L57>=Tham_so!$B$9,"Giỏi",IF(L57>=Tham_so!$B$10,"Khá",IF(L57>=Tham_so!$B$11,"Trung bình","Yếu"))) -> Trung bình | W57: =IF(S57="","",IF(S57>=Tham_so!$B$9,"Giỏi",IF(S57>=Tham_so!$B$10,"Khá",IF(S57>=Tham_so!$B$11,"Trung bình","Yếu")))) | X57: Có
A58: 57 | B58: ninhphan057@ptit.edu.vn | C58: Phan Anh Ninh | D58: Bảng B | E58: Đại học Khoa học Tự nhiên TP.HCM | F58: Đồng Nai | G58: Có | H58: =IF(D58="Bảng A","COS Pro Level 3","COS Pro Level 2") -> COS Pro Level 2 | I58: 330 | J58: 160 | K58: 180 | L58: =SUM(I58:K58) -> 670 | M58: =COUNTIFS($D$2:$D$120,D58,$L$2:$L$120,">"&L58)+1 -> 21 | N58: =IF(M58<=IF(D58="Bảng A",Tham_so!$B$5,Tham_so!$B$6),"Có","Không") -> Không | O58: =IF(COUNT(P58:R58)=0,"",IF(D58="Bảng A","COS Pro Level 2","COS Pro Level 1")) | S58: =IF(COUNT(P58:R58)=0,"",SUM(P58:R58)) | T58: =IF(S58="","",COUNTIFS($D$2:$D$120,D58,$S$2:$S$120,">"&S58)+1) | U58: =IF(OR(L58>=Tham_so!$B$3,AND(ISNUMBER(S58),S58>=Tham_so!$B$3)),"Có","Không") -> Có | V58: =IF(L58>=Tham_so!$B$9,"Giỏi",IF(L58>=Tham_so!$B$10,"Khá",IF(L58>=Tham_so!$B$11,"Trung bình","Yếu"))) -> Khá | W58: =IF(S58="","",IF(S58>=Tham_so!$B$9,"Giỏi",IF(S58>=Tham_so!$B$10,"Khá",IF(S58>=Tham_so!$B$11,"Trung bình","Yếu")))) | X58: Có
A59: 58 | B59: namdinh058@ptit.edu.vn | C59: Đinh Đức Nam | D59: Bảng B | E59: Đại học CNTT - ĐHQG TP.HCM | F59: Cần Thơ | G59: Có | H59: =IF(D59="Bảng A","COS Pro Level 3","COS Pro Level 2") -> COS Pro Level 2 | I59: 320 | J59: 200 | K59: 210 | L59: =SUM(I59:K59) -> 730 | M59: =COUNTIFS($D$2:$D$120,D59,$L$2:$L$120,">"&L59)+1 -> 12 | N59: =IF(M59<=IF(D59="Bảng A",Tham_so!$B$5,Tham_so!$B$6),"Có","Không") -> Không | O59: =IF(COUNT(P59:R59)=0,"",IF(D59="Bảng A","COS Pro Level 2","COS Pro Level 1")) | S59: =IF(COUNT(P59:R59)=0,"",SUM(P59:R59)) | T59: =IF(S59="","",COUNTIFS($D$2:$D$120,D59,$S$2:$S$120,">"&S59)+1) | U59: =IF(OR(L59>=Tham_so!$B$3,AND(ISNUMBER(S59),S59>=Tham_so!$B$3)),"Có","Không") -> Có | V59: =IF(L59>=Tham_so!$B$9,"Giỏi",IF(L59>=Tham_so!$B$10,"Khá",IF(L59>=Tham_so!$B$11,"Trung bình","Yếu"))) -> Khá | W59: =IF(S59="","",IF(S59>=Tham_so!$B$9,"Giỏi",IF(S59>=Tham_so!$B$10,"Khá",IF(S59>=Tham_so!$B$11,"Trung bình","Yếu")))) | X59: Có
... A61: 60 | B61: duyho060@ptit.edu.vn | C61: Hồ Ngọc Duy | D61: Bảng B | E61: Đại học Duy Tân | F61: Bình Dương | G61: Có | H61: =IF(D61="Bảng A","COS Pro Level 3","COS Pro Level 2") -> COS Pro Level 2 | I61: 90 | J61: 50 | K61: 60 | L61: =SUM(I61:K61) -> 200 | M61: =COUNTIFS($D$2:$D$120,D61,$L$2:$L$120,">"&L61)+1 -> 94 | N61: =IF(M61<=IF(D61="Bảng A",Tham_so!$B$5,Tham_so!$B$6),"Có","Không") -> Không | O61: =IF(COUNT(P61:R61)=0,"",IF(D61="Bảng A","COS Pro Level 2","COS Pro Level 1")) | S61: =IF(COUNT(P61:R61)=0,"",SUM(P61:R61)) | T61: =IF(S61="","",COUNTIFS($D$2:$D$120,D61,$S$2:$S$120,">"&S61)+1) | U61: =IF(OR(L61>=Tham_so!$B$3,AND(ISNUMBER(S61),S61>=Tham_so!$B$3)),"Có","Không") -> Không | V61: =IF(L61>=Tham_so!$B$9,"Giỏi",IF(L61>=Tham_so!$B$10,"Khá",IF(L61>=Tham_so!$B$11,"Trung bình","Yếu"))) -> Yếu | W61: =IF(S61="","",IF(S61>=Tham_so!$B$9,"Giỏi",IF(S61>=Tham_so!$B$10,"Khá",IF(S61>=Tham_so!$B$11,"Trung bình","Yếu")))) | X61: Có
A62: 61 | B62: mailam061@ptit.edu.vn | C62: Lâm Hoài Mai | D62: Bảng B | E62: Học viện Công nghệ Bưu chính Viễn thông (PTIT) | F62: Hà Nội | G62: Có | H62: =IF(D62="Bảng A","COS Pro Level 3","COS Pro Level 2") -> COS Pro Level 2 | I62: 380 | J62: 160 | K62: 230 | L62: =SUM(I62:K62) -> 770 | M62: =COUNTIFS($D$2:$D$120,D62,$L$2:$L$120,">"&L62)+1 -> 6 | N62: =IF(M62<=IF(D62="Bảng A",Tham_so!$B$5,Tham_so!$B$6),"Có","Không") -> Có | O62: =IF(COUNT(P62:R62)=0,"",IF(D62="Bảng A","COS Pro Level 2","COS Pro Level 1")) -> COS Pro Level 1 | P62: 340 | Q62: 370 | R62: 220 | S62: =IF(COUNT(P62:R62)=0,"",SUM(P62:R62)) -> 930 | T62: =IF(S62="","",COUNTIFS($D$2:$D$120,D62,$S$2:$S$120,">"&S62)+1) -> 6 | U62: =IF(OR(L62>=Tham_so!$B$3,AND(ISNUMBER(S62),S62>=Tham_so!$B$3)),"Có","Không") -> Có | V62: =IF(L62>=Tham_so!$B$9,"Giỏi",IF(L62>=Tham_so!$B$10,"Khá",IF(L62>=Tham_so!$B$11,"Trung bình","Yếu"))) -> Khá | W62: =IF(S62="","",IF(S62>=Tham_so!$B$9,"Giỏi",IF(S62>=Tham_so!$B$10,"Khá",IF(S62>=Tham_so!$B$11,"Trung bình","Yếu")))) -> Giỏi | X62: Có
A63: 62 | B63: khoitran062@ptit.edu.vn | C63: Trần Thị Khôi | D63: Bảng B | E63: Đại học Bách Khoa Hà Nội | F63: Bắc Ninh | G63: Có | H63: =IF(D63="Bảng A","COS Pro Level 3","COS Pro Level 2") -> COS Pro Level 2 | I63: 390 | J63: 200 | K63: 240 | L63: =SUM(I63:K63) -> 830 | M63: =COUNTIFS($D$2:$D$120,D63,$L$2:$L$120,">"&L63)+1 -> 3 | N63: =IF(M63<=IF(D63="Bảng A",Tham_so!$B$5,Tham_so!$B$6),"Có","Không") -> Có | O63: =IF(COUNT(P63:R63)=0,"",IF(D63="Bảng A","COS Pro Level 2","COS Pro Level 1")) -> COS Pro Level 1 | P63: 340 | Q63: 410 | R63: 240 | S63: =IF(COUNT(P63:R63)=0,"",SUM(P63:R63)) -> 990 | T63: =IF(S63="","",COUNTIFS($D$2:$D$120,D63,$S$2:$S$120,">"&S63)+1) -> 1 | U63: =IF(OR(L63>=Tham_so!$B$3,AND(ISNUMBER(S63),S63>=Tham_so!$B$3)),"Có","Không") -> Có | V63: =IF(L63>=Tham_so!$B$9,"Giỏi",IF(L63>=Tham_so!$B$10,"Khá",IF(L63>=Tham_so!$B$11,"Trung bình","Yếu"))) -> Giỏi | W63: =IF(S63="","",IF(S63>=Tham_so!$B$9,"Giỏi",IF(S63>=Tham_so!$B$10,"Khá",IF(S63>=Tham_so!$B$11,"Trung bình","Yếu")))) -> Giỏi | X63: Có
A64: 63 | B64: nguyenvo063@ptit.edu.vn | C64: Võ Phương Nguyên | D64: Bảng B | E64: Đại học Công nghệ - ĐHQGHN | F64: Khánh Hòa | G64: Có | H64: =IF(D64="Bảng A","COS Pro Level 3","COS Pro Level 2") -> COS Pro Level 2 | I64: 380 | J64: 160 | K64: 160 | L64: =SUM(I64:K64) -> 700 | M64: =COUNTIFS($D$2:$D$120,D64,$L$2:$L$120,">"&L64)+1 -> 14 | N64: =IF(M64<=IF(D64="Bảng A",Tham_so!$B$5,Tham_so!$B$6),"Có","Không") -> Không | O64: =IF(COUNT(P64:R64)=0,"",IF(D64="Bảng A","COS Pro Level 2","COS Pro Level 1")) | S64: =IF(COUNT(P64:R64)=0,"",SUM(P64:R64)) | T64: =IF(S64="","",COUNTIFS($D$2:$D$120,D64,$S$2:$S$120,">"&S64)+1) | U64: =IF(OR(L64>=Tham_so!$B$3,AND(ISNUMBER(S64),S64>=Tham_so!$B$3)),"Có","Không") -> Có | V64: =IF(L64>=Tham_so!$B$9,"Giỏi",IF(L64>=Tham_so!$B$10,"Khá",IF(L64>=Tham_so!$B$11,"Trung bình","Yếu"))) -> Khá | W64: =IF(S64="","",IF(S64>=Tham_so!$B$9,"Giỏi",IF(S64>=Tham_so!$B$10,"Khá",IF(S64>=Tham_so!$B$11,"Trung bình","Yếu")))) | X64: Có
A65: 64 | B65: longngo064@ptit.edu.vn | C65: Ngô Nhật Long | D65: Bảng B | E65: Đại học Kinh tế Quốc dân | F65: TP. Hồ Chí Minh | G65: Có | H65: =IF(D65="Bảng A","COS Pro Level 3","COS Pro Level 2") -> COS Pro Level 2 | I65: 290 | J65: 130 | K65: 150 | L65: =SUM(I65:K65) -> 570 | M65: =COUNTIFS($D$2:$D$120,D65,$L$2:$L$120,">"&L65)+1 -> 37 | N65: =IF(M65<=IF(D65="Bảng A",Tham_so!$B$5,Tham_so!$B$6),"Có","Không") -> Không | O65: =IF(COUNT(P65:R65)=0,"",IF(D65="Bảng A","COS Pro Level 2","COS Pro Level 1")) | S65: =IF(COUNT(P65:R65)=0,"",SUM(P65:R65)) | T65: =IF(S65="","",COUNTIFS($D$2:$D$120,D65,$S$2:$S$120,">"&S65)+1) | U65: =IF(OR(L65>=Tham_so!$B$3,AND(ISNUMBER(S65),S65>=Tham_so!$B$3)),"Có","Không") -> Không | V65: =IF(L65>=Tham_so!$B$9,"Giỏi",IF(L65>=Tham_so!$B$10,"Khá",IF(L65>=Tham_so!$B$11,"Trung bình","Yếu"))) -> Trung bình | W65: =IF(S65="","",IF(S65>=Tham_so!$B$9,"Giỏi",IF(S65>=Tham_so!$B$10,"Khá",IF(S65>=Tham_so!$B$11,"Trung bình","Yếu")))) | X65: Có
A66: 65 | B66: kienngo065@ptit.edu.vn | C66: Ngô Hoài Kiên | D66: Bảng B | E66: Đại học FPT | F66: Nam Định | G66: Có | H66: =IF(D66="Bảng A","COS Pro Level 3","COS Pro Level 2") -> COS Pro Level 2 | I66: 210 | J66: 120 | K66: 120 | L66: =SUM(I66:K66) -> 450 | M66: =COUNTIFS($D$2:$D$120,D66,$L$2:$L$120,">"&L66)+1 -> 73 | N66: =IF(M66<=IF(D66="Bảng A",Tham_so!$B$5,Tham_so!$B$6),"Có","Không") -> Không | O66: =IF(COUNT(P66:R66)=0,"",IF(D66="Bảng A","COS Pro Level 2","COS Pro Level 1")) | S66: =IF(COUNT(P66:R66)=0,"",SUM(P66:R66)) | T66: =IF(S66="","",COUNTIFS($D$2:$D$120,D66,$S$2:$S$120,">"&S66)+1) | U66: =IF(OR(L66>=Tham_so!$B$3,AND(ISNUMBER(S66),S66>=Tham_so!$B$3)),"Có","Không") -> Không | V66: =IF(L66>=Tham_so!$B$9,"Giỏi",IF(L66>=Tham_so!$B$10,"Khá",IF(L66>=Tham_so!$B$11,"Trung bình","Yếu"))) -> Trung bình | W66: =IF(S66="","",IF(S66>=Tham_so!$B$9,"Giỏi",IF(S66>=Tham_so!$B$10,"Khá",IF(S66>=Tham_so!$B$11,"Trung bình","Yếu")))) | X66: Có
A67: 66 | B67: nhihoang066@ptit.edu.vn | C67: Hoàng Gia Nhi | D67: Bảng B | E67: Đại học Bách Khoa TP.HCM | F67: Hà Tĩnh | G67: Có | H67: =IF(D67="Bảng A","COS Pro Level 3","COS Pro Level 2") -> COS Pro Level 2 | I67: 230 | J67: 150 | K67: 140 | L67: =SUM(I67:K67) -> 520 | M67: =COUNTIFS($D$2:$D$120,D67,$L$2:$L$120,">"&L67)+1 -> 52 | N67: =IF(M67<=IF(D67="Bảng A",Tham_so!$B$5,Tham_so!$B$6),"Có","Không") -> Không | O67: =IF(COUNT(P67:R67)=0,"",IF(D67="Bảng A","COS Pro Level 2","COS Pro Level 1")) | S67: =IF(COUNT(P67:R67)=0,"",SUM(P67:R67)) | T67: =IF(S67="","",COUNTIFS($D$2:$D$120,D67,$S$2:$S$120,">"&S67)+1) | U67: =IF(OR(L67>=Tham_so!$B$3,AND(ISNUMBER(S67),S67>=Tham_so!$B$3)),"Có","Không") -> Không | V67: =IF(L67>=Tham_so!$B$9,"Giỏi",IF(L67>=Tham_so!$B$10,"Khá",IF(L67>=Tham_so!$B$11,"Trung bình","Yếu"))) -> Trung bình | W67: =IF(S67="","",IF(S67>=Tham_so!$B$9,"Giỏi",IF(S67>=Tham_so!$B$10,"Khá",IF(S67>=Tham_so!$B$11,"Trung bình","Yếu")))) | X67: Có
A68: 67 | B68: thuylam067@ptit.edu.vn | C68: Lâm Văn Thủy | D68: Bảng B | E68: Đại học Khoa học Tự nhiên TP.HCM | F68: Hải Phòng | G68: Không | H68: =IF(D68="Bảng A","COS Pro Level 3","COS Pro Level 2") -> COS Pro Level 2 | I68: 250 | J68: 120 | K68: 120 | L68: =SUM(I68:K68) -> 490 | M68: =COUNTIFS($D$2:$D$120,D68,$L$2:$L$120,">"&L68)+1 -> 58 | N68: =IF(M68<=IF(D68="Bảng A",Tham_so!$B$5,Tham_so!$B$6),"Có","Không") -> Không | O68: =IF(COUNT(P68:R68)=0,"",IF(D68="Bảng A","COS Pro Level 2","COS Pro Level 1")) | S68: =IF(COUNT(P68:R68)=0,"",SUM(P68:R68)) | T68: =IF(S68="","",COUNTIFS($D$2:$D$120,D68,$S$2:$S$120,">"&S68)+1) | U68: =IF(OR(L68>=Tham_so!$B$3,AND(ISNUMBER(S68),S68>=Tham_so!$B$3)),"Có","Không") -> Không | V68: =IF(L68>=Tham_so!$B$9,"Giỏi",IF(L68>=Tham_so!$B$10,"Khá",IF(L68>=Tham_so!$B$11,"Trung bình","Yếu"))) -> Trung bình | W68: =IF(S68="","",IF(S68>=Tham_so!$B$9,"Giỏi",IF(S68>=Tham_so!$B$10,"Khá",IF(S68>=Tham_so!$B$11,"Trung bình","Yếu")))) | X68: Có
A69: 68 | B69: nhitrinh068@ptit.edu.vn | C69: Trịnh Khánh Nhi | D69: Bảng B | E69: Đại học CNTT - ĐHQG TP.HCM | F69: Thái Nguyên | G69: Không | H69: =IF(D69="Bảng A","COS Pro Level 3","COS Pro Level 2") -> COS Pro Level 2 | I69: 280 | J69: 150 | K69: 170 | L69: =SUM(I69:K69) -> 600 | M69: =COUNTIFS($D$2:$D$120,D69,$L$2:$L$120,">"&L69)+1 -> 30 | N69: =IF(M69<=IF(D69="Bảng A",Tham_so!$B$5,Tham_so!$B$6),"Có","Không") -> Không | O69: =IF(COUNT(P69:R69)=0,"",IF(D69="Bảng A","COS Pro Level 2","COS Pro Level 1")) | S69: =IF(COUNT(P69:R69)=0,"",SUM(P69:R69)) | T69: =IF(S69="","",COUNTIFS($D$2:$D$120,D69,$S$2:$S$120,">"&S69)+1) | U69: =IF(OR(L69>=Tham_so!$B$3,AND(ISNUMBER(S69),S69>=Tham_so!$B$3)),"Có","Không") -> Có | V69: =IF(L69>=Tham_so!$B$9,"Giỏi",IF(L69>=Tham_so!$B$10,"Khá",IF(L69>=Tham_so!$B$11,"Trung bình","Yếu"))) -> Khá | W69: =IF(S69="","",IF(S69>=Tham_so!$B$9,"Giỏi",IF(S69>=Tham_so!$B$10,"Khá",IF(S69>=Tham_so!$B$11,"Trung bình","Yếu")))) | X69: Có
A70: 69 | B70: khoingo069@ptit.edu.vn | C70: Ngô Trung Khôi | D70: Bảng B | E70: Đại học Sư phạm Kỹ thuật TP.HCM | F70: Vĩnh Phúc | G70: Không | H70: =IF(D70="Bảng A","COS Pro Level 3","COS Pro Level 2") -> COS Pro Level 2 | I70: 90 | J70: 60 | K70: 120 | L70: =SUM(I70:K70) -> 270 | M70: =COUNTIFS($D$2:$D$120,D70,$L$2:$L$120,">"&L70)+1 -> 91 | N70: =IF(M70<=IF(D70="Bảng A",Tham_so!$B$5,Tham_so!$B$6),"Có","Không") -> Không | O70: =IF(COUNT(P70:R70)=0,"",IF(D70="Bảng A","COS Pro Level 2","COS Pro Level 1")) | S70: =IF(COUNT(P70:R70)=0,"",SUM(P70:R70)) | T70: =IF(S70="","",COUNTIFS($D$2:$D$120,D70,$S$2:$S$120,">"&S70)+1) | U70: =IF(OR(L70>=Tham_so!$B$3,AND(ISNUMBER(S70),S70>=Tham_so!$B$3)),"Có","Không") -> Không | V70: =IF(L70>=Tham_so!$B$9,"Giỏi",IF(L70>=Tham_so!$B$10,"Khá",IF(L70>=Tham_so!$B$11,"Trung bình","Yếu"))) -> Yếu | W70: =IF(S70="","",IF(S70>=Tham_so!$B$9,"Giỏi",IF(S70>=Tham_so!$B$10,"Khá",IF(S70>=Tham_so!$B$11,"Trung bình","Yếu")))) | X70: Có
A71: 70 | B71: tutran070@ptit.edu.vn | C71: Trần Phương Tú | D71: Bảng B | E71: Đại học Duy Tân | F71: Đà Nẵng | G71: Không | H71: =IF(D71="Bảng A","COS Pro Level 3","COS Pro Level 2") -> COS Pro Level 2 | I71: 320 | J71: 160 | K71: 180 | L71: =SUM(I71:K71) -> 660 | M71: =COUNTIFS($D$2:$D$120,D71,$L$2:$L$120,">"&L71)+1 -> 22 | N71: =IF(M71<=IF(D71="Bảng A",Tham_so!$B$5,Tham_so!$B$6),"Có","Không") -> Không | O71: =IF(COUNT(P71:R71)=0,"",IF(D71="Bảng A","COS Pro Level 2","COS Pro Level 1")) | S71: =IF(COUNT(P71:R71)=0,"",SUM(P71:R71)) | T71: =IF(S71="","",COUNTIFS($D$2:$D$120,D71,$S$2:$S$120,">"&S71)+1) | U71: =IF(OR(L71>=Tham_so!$B$3,AND(ISNUMBER(S71),S71>=Tham_so!$B$3)),"Có","Không") -> Có | V71: =IF(L71>=Tham_so!$B$9,"Giỏi",IF(L71>=Tham_so!$B$10,"Khá",IF(L71>=Tham_so!$B$11,"Trung bình","Yếu"))) -> Khá | W71: =IF(S71="","",IF(S71>=Tham_so!$B$9,"Giỏi",IF(S71>=Tham_so!$B$10,"Khá",IF(S71>=Tham_so!$B$11,"Trung bình","Yếu")))) | X71: Có
A72: 71 | B72: duyvu071@ptit.edu.vn | C72: Vũ Ngọc Duy | D72: Bảng B | E72: Học viện Công nghệ Bưu chính Viễn thông (PTIT) | F72: Quảng Ninh | G72: Không | H72: =IF(D72="Bảng A","COS Pro Level 3","COS Pro Level 2") -> COS Pro Level 2 | I72: 390 | J72: 200 | K72: 200 | L72: =SUM(I72:K72) -> 790 | M72: =COUNTIFS($D$2:$D$120,D72,$L$2:$L$120,">"&L72)+1 -> 5 | N72: =IF(M72<=IF(D72="Bảng A",Tham_so!$B$5,Tham_so!$B$6),"Có","Không") -> Có | O72: =IF(COUNT(P72:R72)=0,"",IF(D72="Bảng A","COS Pro Level 2","COS Pro Level 1")) -> COS Pro Level 1 | P72: 340 | Q72: 330 | R72: 240 | S72: =IF(COUNT(P72:R72)=0,"",SUM(P72:R72)) -> 910 | T72: =IF(S72="","",COUNTIFS($D$2:$D$120,D72,$S$2:$S$120,">"&S72)+1) -> 7 | U72: =IF(OR(L72>=Tham_so!$B$3,AND(ISNUMBER(S72),S72>=Tham_so!$B$3)),"Có","Không") -> Có | V72: =IF(L72>=Tham_so!$B$9,"Giỏi",IF(L72>=Tham_so!$B$10,"Khá",IF(L72>=Tham_so!$B$11,"Trung bình","Yếu"))) -> Khá | W72: =IF(S72="","",IF(S72>=Tham_so!$B$9,"Giỏi",IF(S72>=Tham_so!$B$10,"Khá",IF(S72>=Tham_so!$B$11,"Trung bình","Yếu")))) -> Giỏi | X72: Có
A73: 72 | B73: trile072@ptit.edu.vn | C73: Lê Xuân Trí | D73: Bảng B | E73: Đại học Bách Khoa Hà Nội | F73: Phú Thọ | G73: Không | H73: =IF(D73="Bảng A","COS Pro Level 3","COS Pro Level 2") -> COS Pro Level 2 | I73: 270 | J73: 160 | K73: 220 | L73: =SUM(I73:K73) -> 650 | M73: =COUNTIFS($D$2:$D$120,D73,$L$2:$L$120,">"&L73)+1 -> 24 | N73: =IF(M73<=IF(D73="Bảng A",Tham_so!$B$5,Tham_so!$B$6),"Có","Không") -> Không | O73: =IF(COUNT(P73:R73)=0,"",IF(D73="Bảng A","COS Pro Level 2","COS Pro Level 1")) | S73: =IF(COUNT(P73:R73)=0,"",SUM(P73:R73)) | T73: =IF(S73="","",COUNTIFS($D$2:$D$120,D73,$S$2:$S$120,">"&S73)+1) | U73: =IF(OR(L73>=Tham_so!$B$3,AND(ISNUMBER(S73),S73>=Tham_so!$B$3)),"Có","Không") -> Có | V73: =IF(L73>=Tham_so!$B$9,"Giỏi",IF(L73>=Tham_so!$B$10,"Khá",IF(L73>=Tham_so!$B$11,"Trung bình","Yếu"))) -> Khá | W73: =IF(S73="","",IF(S73>=Tham_so!$B$9,"Giỏi",IF(S73>=Tham_so!$B$10,"Khá",IF(S73>=Tham_so!$B$11,"Trung bình","Yếu")))) | X73: Có
A74: 73 | B74: longle073@ptit.edu.vn | C74: Lê Minh Long | D74: Bảng B | E74: Đại học Công nghệ - ĐHQGHN | F74: Nghệ An | G74: Không | H74: =IF(D74="Bảng A","COS Pro Level 3","COS Pro Level 2") -> COS Pro Level 2 | I74: 250 | J74: 70 | K74: 180 | L74: =SUM(I74:K74) -> 500 | M74: =COUNTIFS($D$2:$D$120,D74,$L$2:$L$120,">"&L74)+1 -> 55 | N74: =IF(M74<=IF(D74="Bảng A",Tham_so!$B$5,Tham_so!$B$6),"Có","Không") -> Không | O74: =IF(COUNT(P74:R74)=0,"",IF(D74="Bảng A","COS Pro Level 2","COS Pro Level 1")) | S74: =IF(COUNT(P74:R74)=0,"",SUM(P74:R74)) | T74: =IF(S74="","",COUNTIFS($D$2:$D$120,D74,$S$2:$S$120,">"&S74)+1) | U74: =IF(OR(L74>=Tham_so!$B$3,AND(ISNUMBER(S74),S74>=Tham_so!$B$3)),"Có","Không") -> Không | V74: =IF(L74>=Tham_so!$B$9,"Giỏi",IF(L74>=Tham_so!$B$10,"Khá",IF(L74>=Tham_so!$B$11,"Trung bình","Yếu"))) -> Trung bình | W74: =IF(S74="","",IF(S74>=Tham_so!$B$9,"Giỏi",IF(S74>=Tham_so!$B$10,"Khá",IF(S74>=Tham_so!$B$11,"Trung bình","Yếu")))) | X74: Có
A75: 74 | B75: vyho074@ptit.edu.vn | C75: Hồ Hải Vy | D75: Bảng B | E75: Đại học Kinh tế Quốc dân | F75: Lâm Đồng | G75: Không | H75: =IF(D75="Bảng A","COS Pro Level 3","COS Pro Level 2") -> COS Pro Level 2 | I75: 280 | J75: 130 | K75: 150 | L75: =SUM(I75:K75) -> 560 | M75: =COUNTIFS($D$2:$D$120,D75,$L$2:$L$120,">"&L75)+1 -> 39 | N75: =IF(M75<=IF(D75="Bảng A",Tham_so!$B$5,Tham_so!$B$6),"Có","Không") -> Không | O75: =IF(COUNT(P75:R75)=0,"",IF(D75="Bảng A","COS Pro Level 2","COS Pro Level 1")) | S75: =IF(COUNT(P75:R75)=0,"",SUM(P75:R75)) | T75: =IF(S75="","",COUNTIFS($D$2:$D$120,D75,$S$2:$S$120,">"&S75)+1) | U75: =IF(OR(L75>=Tham_so!$B$3,AND(ISNUMBER(S75),S75>=Tham_so!$B$3)),"Có","Không") -> Không | V75: =IF(L75>=Tham_so!$B$9,"Giỏi",IF(L75>=Tham_so!$B$10,"Khá",IF(L75>=Tham_so!$B$11,"Trung bình","Yếu"))) -> Trung bình | W75: =IF(S75="","",IF(S75>=Tham_so!$B$9,"Giỏi",IF(S75>=Tham_so!$B$10,"Khá",IF(S75>=Tham_so!$B$11,"Trung bình","Yếu")))) | X75: Có
A76: 75 | B76: longdang075@ptit.edu.vn | C76: Đặng Anh Long | D76: Bảng B | E76: Đại học FPT | F76: Huế | G76: Không | H76: =IF(D76="Bảng A","COS Pro Level 3","COS Pro Level 2") -> COS Pro Level 2 | I76: 270 | J76: 130 | K76: 120 | L76: =SUM(I76:K76) -> 520 | M76: =COUNTIFS($D$2:$D$120,D76,$L$2:$L$120,">"&L76)+1 -> 52 | N76: =IF(M76<=IF(D76="Bảng A",Tham_so!$B$5,Tham_so!$B$6),"Có","Không") -> Không | O76: =IF(COUNT(P76:R76)=0,"",IF(D76="Bảng A","COS Pro Level 2","COS Pro Level 1")) | S76: =IF(COUNT(P76:R76)=0,"",SUM(P76:R76)) | T76: =IF(S76="","",COUNTIFS($D$2:$D$120,D76,$S$2:$S$120,">"&S76)+1) | U76: =IF(OR(L76>=Tham_so!$B$3,AND(ISNUMBER(S76),S76>=Tham_so!$B$3)),"Có","Không") -> Không | V76: =IF(L76>=Tham_so!$B$9,"Giỏi",IF(L76>=Tham_so!$B$10,"Khá",IF(L76>=Tham_so!$B$11,"Trung bình","Yếu"))) -> Trung bình | W76: =IF(S76="","",IF(S76>=Tham_so!$B$9,"Giỏi",IF(S76>=Tham_so!$B$10,"Khá",IF(S76>=Tham_so!$B$11,"Trung bình","Yếu")))) | X76: Có
A77: 76 | B77: lamhoang076@ptit.edu.vn | C77: Hoàng Phương Lâm | D77: Bảng B | E77: Đại học Bách Khoa TP.HCM | F77: Thanh Hóa | G77: Không | H77: =IF(D77="Bảng A","COS Pro Level 3","COS Pro Level 2") -> COS Pro Level 2 | I77: 240 | J77: 80 | K77: 110 | L77: =SUM(I77:K77) -> 430 | M77: =COUNTIFS($D$2:$D$120,D77,$L$2:$L$120,">"&L77)+1 -> 75 | N77: =IF(M77<=IF(D77="Bảng A",Tham_so!$B$5,Tham_so!$B$6),"Có","Không") -> Không | O77: =IF(COUNT(P77:R77)=0,"",IF(D77="Bảng A","COS Pro Level 2","COS Pro Level 1")) | S77: =IF(COUNT(P77:R77)=0,"",SUM(P77:R77)) | T77: =IF(S77="","",COUNTIFS($D$2:$D$120,D77,$S$2:$S$120,">"&S77)+1) | U77: =IF(OR(L77>=Tham_so!$B$3,AND(ISNUMBER(S77),S77>=Tham_so!$B$3)),"Có","Không") -> Không | V77: =IF(L77>=Tham_so!$B$9,"Giỏi",IF(L77>=Tham_so!$B$10,"Khá",IF(L77>=Tham_so!$B$11,"Trung bình","Yếu"))) -> Trung bình | W77: =IF(S77="","",IF(S77>=Tham_so!$B$9,"Giỏi",IF(S77>=Tham_so!$B$10,"Khá",IF(S77>=Tham_so!$B$11,"Trung bình","Yếu")))) | X77: Có
A78: 77 | B78: anle077@ptit.edu.vn | C78: Lê Khánh An | D78: Bảng B | E78: Đại học Khoa học Tự nhiên TP.HCM | F78: Đồng Nai | G78: Không | H78: =IF(D78="Bảng A","COS Pro Level 3","COS Pro Level 2") -> COS Pro Level 2 | I78: 180 | J78: 90 | K78: 100 | L78: =SUM(I78:K78) -> 370 | M78: =COUNTIFS($D$2:$D$120,D78,$L$2:$L$120,">"&L78)+1 -> 83 | N78: =IF(M78<=IF(D78="Bảng A",Tham_so!$B$5,Tham_so!$B$6),"Có","Không") -> Không | O78: =IF(COUNT(P78:R78)=0,"",IF(D78="Bảng A","COS Pro Level 2","COS Pro Level 1")) | S78: =IF(COUNT(P78:R78)=0,"",SUM(P78:R78)) | T78: =IF(S78="","",COUNTIFS($D$2:$D$120,D78,$S$2:$S$120,">"&S78)+1) | U78: =IF(OR(L78>=Tham_so!$B$3,AND(ISNUMBER(S78),S78>=Tham_so!$B$3)),"Có","Không") -> Không | V78: =IF(L78>=Tham_so!$B$9,"Giỏi",IF(L78>=Tham_so!$B$10,"Khá",IF(L78>=Tham_so!$B$11,"Trung bình","Yếu"))) -> Yếu | W78: =IF(S78="","",IF(S78>=Tham_so!$B$9,"Giỏi",IF(S78>=Tham_so!$B$10,"Khá",IF(S78>=Tham_so!$B$11,"Trung bình","Yếu")))) | X78: Có
A79: 78 | B79: tringuyen078@ptit.edu.vn | C79: Nguyễn Thanh Trí | D79: Bảng B | E79: Đại học CNTT - ĐHQG TP.HCM | F79: Cần Thơ | G79: Không | H79: =IF(D79="Bảng A","COS Pro Level 3","COS Pro Level 2") -> COS Pro Level 2 | I79: 350 | J79: 160 | K79: 180 | L79: =SUM(I79:K79) -> 690 | M79: =COUNTIFS($D$2:$D$120,D79,$L$2:$L$120,">"&L79)+1 -> 17 | N79: =IF(M79<=IF(D79="Bảng A",Tham_so!$B$5,Tham_so!$B$6),"Có","Không") -> Không | O79: =IF(COUNT(P79:R79)=0,"",IF(D79="Bảng A","COS Pro Level 2","COS Pro Level 1")) | S79: =IF(COUNT(P79:R79)=0,"",SUM(P79:R79)) | T79: =IF(S79="","",COUNTIFS($D$2:$D$120,D79,$S$2:$S$120,">"&S79)+1) | U79: =IF(OR(L79>=Tham_so!$B$3,AND(ISNUMBER(S79),S79>=Tham_so!$B$3)),"Có","Không") -> Có | V79: =IF(L79>=Tham_so!$B$9,"Giỏi",IF(L79>=Tham_so!$B$10,"Khá",IF(L79>=Tham_so!$B$11,"Trung bình","Yếu"))) -> Khá | W79: =IF(S79="","",IF(S79>=Tham_so!$B$9,"Giỏi",IF(S79>=Tham_so!$B$10,"Khá",IF(S79>=Tham_so!$B$11,"Trung bình","Yếu")))) | X79: Có
A80: 79 | B80: khangtrinh079@ptit.edu.vn | C80: Trịnh Thanh Khang | D80: Bảng B | E80: Đại học Sư phạm Kỹ thuật TP.HCM | F80: Hải Dương | G80: Không | H80: =IF(D80="Bảng A","COS Pro Level 3","COS Pro Level 2") -> COS Pro Level 2 | I80: 260 | J80: 120 | K80: 180 | L80: =SUM(I80:K80) -> 560 | M80: =COUNTIFS($D$2:$D$120,D80,$L$2:$L$120,">"&L80)+1 -> 39 | N80: =IF(M80<=IF(D80="Bảng A",Tham_so!$B$5,Tham_so!$B$6),"Có","Không") -> Không | O80: =IF(COUNT(P80:R80)=0,"",IF(D80="Bảng A","COS Pro Level 2","COS Pro Level 1")) | S80: =IF(COUNT(P80:R80)=0,"",SUM(P80:R80)) | T80: =IF(S80="","",COUNTIFS($D$2:$D$120,D80,$S$2:$S$120,">"&S80)+1) | U80: =IF(OR(L80>=Tham_so!$B$3,AND(ISNUMBER(S80),S80>=Tham_so!$B$3)),"Có","Không") -> Không | V80: =IF(L80>=Tham_so!$B$9,"Giỏi",IF(L80>=Tham_so!$B$10,"Khá",IF(L80>=Tham_so!$B$11,"Trung bình","Yếu"))) -> Trung bình | W80: =IF(S80="","",IF(S80>=Tham_so!$B$9,"Giỏi",IF(S80>=Tham_so!$B$10,"Khá",IF(S80>=Tham_so!$B$11,"Trung bình","Yếu")))) | X80: Có
A81: 80 | B81: linhtrinh080@ptit.edu.vn | C81: Trịnh Xuân Linh | D81: Bảng B | E81: Đại học Duy Tân | F81: Bình Dương | G81: Không | H81: =IF(D81="Bảng A","COS Pro Level 3","COS Pro Level 2") -> COS Pro Level 2 | I81: 250 | J81: 110 | K81: 130 | L81: =SUM(I81:K81) -> 490 | M81: =COUNTIFS($D$2:$D$120,D81,$L$2:$L$120,">"&L81)+1 -> 58 | N81: =IF(M81<=IF(D81="Bảng A",Tham_so!$B$5,Tham_so!$B$6),"Có","Không") -> Không | O81: =IF(COUNT(P81:R81)=0,"",IF(D81="Bảng A","COS Pro Level 2","COS Pro Level 1")) | S81: =IF(COUNT(P81:R81)=0,"",SUM(P81:R81)) | T81: =IF(S81="","",COUNTIFS($D$2:$D$120,D81,$S$2:$S$120,">"&S81)+1) | U81: =IF(OR(L81>=Tham_so!$B$3,AND(ISNUMBER(S81),S81>=Tham_so!$B$3)),"Có","Không") -> Không | V81: =IF(L81>=Tham_so!$B$9,"Giỏi",IF(L81>=Tham_so!$B$10,"Khá",IF(L81>=Tham_so!$B$11,"Trung bình","Yếu"))) -> Trung bình | W81: =IF(S81="","",IF(S81>=Tham_so!$B$9,"Giỏi",IF(S81>=Tham_so!$B$10,"Khá",IF(S81>=Tham_so!$B$11,"Trung bình","Yếu")))) | X81: Có
A82: 81 | B82: phongho081@ptit.edu.vn | C82: Hồ Thị Phong | D82: Bảng B | E82: Học viện Công nghệ Bưu chính Viễn thông (PTIT) | F82: Hà Nội | G82: Không | H82: =IF(D82="Bảng A","COS Pro Level 3","COS Pro Level 2") -> COS Pro Level 2 | I82: 110 | J82: 50 | K82: 90 | L82: =SUM(I82:K82) -> 250 | M82: =COUNTIFS($D$2:$D$120,D82,$L$2:$L$120,">"&L82)+1 -> 93 | N82: =IF(M82<=IF(D82="Bảng A",Tham_so!$B$5,Tham_so!$B$6),"Có","Không") -> Không | O82: =IF(COUNT(P82:R82)=0,"",IF(D82="Bảng A","COS Pro Level 2","COS Pro Level 1")) | S82: =IF(COUNT(P82:R82)=0,"",SUM(P82:R82)) | T82: =IF(S82="","",COUNTIFS($D$2:$D$120,D82,$S$2:$S$120,">"&S82)+1) | U82: =IF(OR(L82>=Tham_so!$B$3,AND(ISNUMBER(S82),S82>=Tham_so!$B$3)),"Có","Không") -> Không | V82: =IF(L82>=Tham_so!$B$9,"Giỏi",IF(L82>=Tham_so!$B$10,"Khá",IF(L82>=Tham_so!$B$11,"Trung bình","Yếu"))) -> Yếu | W82: =IF(S82="","",IF(S82>=Tham_so!$B$9,"Giỏi",IF(S82>=Tham_so!$B$10,"Khá",IF(S82>=Tham_so!$B$11,"Trung bình","Yếu")))) | X82: Có
A83: 82 | B83: khoabui082@ptit.edu.vn | C83: Bùi Xuân Khoa | D83: Bảng B | E83: Đại học Bách Khoa Hà Nội | F83: Bắc Ninh | G83: Không | H83: =IF(D83="Bảng A","COS Pro Level 3","COS Pro Level 2") -> COS Pro Level 2 | I83: 260 | J83: 130 | K83: 200 | L83: =SUM(I83:K83) -> 590 | M83: =COUNTIFS($D$2:$D$120,D83,$L$2:$L$120,">"&L83)+1 -> 32 | N83: =IF(M83<=IF(D83="Bảng A",Tham_so!$B$5,Tham_so!$B$6),"Có","Không") -> Không | O83: =IF(COUNT(P83:R83)=0,"",IF(D83="Bảng A","COS Pro Level 2","COS Pro Level 1")) | S83: =IF(COUNT(P83:R83)=0,"",SUM(P83:R83)) | T83: =IF(S83="","",COUNTIFS($D$2:$D$120,D83,$S$2:$S$120,">"&S83)+1) | U83: =IF(OR(L83>=Tham_so!$B$3,AND(ISNUMBER(S83),S83>=Tham_so!$B$3)),"Có","Không") -> Không | V83: =IF(L83>=Tham_so!$B$9,"Giỏi",IF(L83>=Tham_so!$B$10,"Khá",IF(L83>=Tham_so!$B$11,"Trung bình","Yếu"))) -> Trung bình | W83: =IF(S83="","",IF(S83>=Tham_so!$B$9,"Giỏi",IF(S83>=Tham_so!$B$10,"Khá",IF(S83>=Tham_so!$B$11,"Trung bình","Yếu")))) | X83: Có
A84: 83 | B84: maidinh083@ptit.edu.vn | C84: Đinh Xuân Mai | D84: Bảng B | E84: Đại học Công nghệ - ĐHQGHN | F84: Khánh Hòa | G84: Không | H84: =IF(D84="Bảng A","COS Pro Level 3","COS Pro Level 2") -> COS Pro Level 2 | I84: 400 | J84: 180 | K84: 230 | L84: =SUM(I84:K84) -> 810 | M84: =COUNTIFS($D$2:$D$120,D84,$L$2:$L$120,">"&L84)+1 -> 4 | N84: =IF(M84<=IF(D84="Bảng A",Tham_so!$B$5,Tham_so!$B$6),"Có","Không") -> Có | O84: =IF(COUNT(P84:R84)=0,"",IF(D84="Bảng A","COS Pro Level 2","COS Pro Level 1")) -> COS Pro Level 1 | P84: 330 | Q84: 340 | R84: 210 | S84: =IF(COUNT(P84:R84)=0,"",SUM(P84:R84)) -> 880 | T84: =IF(S84="","",COUNTIFS($D$2:$D$120,D84,$S$2:$S$120,">"&S84)+1) -> 9 | U84: =IF(OR(L84>=Tham_so!$B$3,AND(ISNUMBER(S84),S84>=Tham_so!$B$3)),"Có","Không") -> Có | V84: =IF(L84>=Tham_so!$B$9,"Giỏi",IF(L84>=Tham_so!$B$10,"Khá",IF(L84>=Tham_so!$B$11,"Trung bình","Yếu"))) -> Giỏi | W84: =IF(S84="","",IF(S84>=Tham_so!$B$9,"Giỏi",IF(S84>=Tham_so!$B$10,"Khá",IF(S84>=Tham_so!$B$11,"Trung bình","Yếu")))) -> Giỏi | X84: Có
A85: 84 | B85: hungduong084@ptit.edu.vn | C85: Dương Xuân Hùng | D85: Bảng B | E85: Đại học Kinh tế Quốc dân | F85: TP. Hồ Chí Minh | G85: Không | H85: =IF(D85="Bảng A","COS Pro Level 3","COS Pro Level 2") -> COS Pro Level 2 | I85: 230 | J85: 70 | K85: 70 | L85: =SUM(I85:K85) -> 370 | M85: =COUNTIFS($D$2:$D$120,D85,$L$2:$L$120,">"&L85)+1 -> 83 | N85: =IF(M85<=IF(D85="Bảng A",Tham_so!$B$5,Tham_so!$B$6),"Có","Không") -> Không | O85: =IF(COUNT(P85:R85)=0,"",IF(D85="Bảng A","COS Pro Level 2","COS Pro Level 1")) | S85: =IF(COUNT(P85:R85)=0,"",SUM(P85:R85)) | T85: =IF(S85="","",COUNTIFS($D$2:$D$120,D85,$S$2:$S$120,">"&S85)+1) | U85: =IF(OR(L85>=Tham_so!$B$3,AND(ISNUMBER(S85),S85>=Tham_so!$B$3)),"Có","Không") -> Không | V85: =IF(L85>=Tham_so!$B$9,"Giỏi",IF(L85>=Tham_so!$B$10,"Khá",IF(L85>=Tham_so!$B$11,"Trung bình","Yếu"))) -> Yếu | W85: =IF(S85="","",IF(S85>=Tham_so!$B$9,"Giỏi",IF(S85>=Tham_so!$B$10,"Khá",IF(S85>=Tham_so!$B$11,"Trung bình","Yếu")))) | X85: Có
A86: 85 | B86: sondang085@ptit.edu.vn | C86: Đặng Quang Sơn | D86: Bảng B | E86: Đại học FPT | F86: Nam Định | G86: Không | H86: =IF(D86="Bảng A","COS Pro Level 3","COS Pro Level 2") -> COS Pro Level 2 | I86: 200 | J86: 180 | K86: 100 | L86: =SUM(I86:K86) -> 480 | M86: =COUNTIFS($D$2:$D$120,D86,$L$2:$L$120,">"&L86)+1 -> 63 | N86: =IF(M86<=IF(D86="Bảng A",Tham_so!$B$5,Tham_so!$B$6),"Có","Không") -> Không | O86: =IF(COUNT(P86:R86)=0,"",IF(D86="Bảng A","COS Pro Level 2","COS Pro Level 1")) | S86: =IF(COUNT(P86:R86)=0,"",SUM(P86:R86)) | T86: =IF(S86="","",COUNTIFS($D$2:$D$120,D86,$S$2:$S$120,">"&S86)+1) | U86: =IF(OR(L86>=Tham_so!$B$3,AND(ISNUMBER(S86),S86>=Tham_so!$B$3)),"Có","Không") -> Không | V86: =IF(L86>=Tham_so!$B$9,"Giỏi",IF(L86>=Tham_so!$B$10,"Khá",IF(L86>=Tham_so!$B$11,"Trung bình","Yếu"))) -> Trung bình | W86: =IF(S86="","",IF(S86>=Tham_so!$B$9,"Giỏi",IF(S86>=Tham_so!$B$10,"Khá",IF(S86>=Tham_so!$B$11,"Trung bình","Yếu")))) | X86: Có
A87: 86 | B87: quanta086@ptit.edu.vn | C87: Tạ Trung Quân | D87: Bảng B | E87: Đại học Bách Khoa TP.HCM | F87: Hà Tĩnh | G87: Không | H87: =IF(D87="Bảng A","COS Pro Level 3","COS Pro Level 2") -> COS Pro Level 2 | I87: 190 | J87: 80 | K87: 110 | L87: =SUM(I87:K87) -> 380 | M87: =COUNTIFS($D$2:$D$120,D87,$L$2:$L$120,">"&L87)+1 -> 81 | N87: =IF(M87<=IF(D87="Bảng A",Tham_so!$B$5,Tham_so!$B$6),"Có","Không") -> Không | O87: =IF(COUNT(P87:R87)=0,"",IF(D87="Bảng A","COS Pro Level 2","COS Pro Level 1")) | S87: =IF(COUNT(P87:R87)=0,"",SUM(P87:R87)) | T87: =IF(S87="","",COUNTIFS($D$2:$D$120,D87,$S$2:$S$120,">"&S87)+1) | U87: =IF(OR(L87>=Tham_so!$B$3,AND(ISNUMBER(S87),S87>=Tham_so!$B$3)),"Có","Không") -> Không | V87: =IF(L87>=Tham_so!$B$9,"Giỏi",IF(L87>=Tham_so!$B$10,"Khá",IF(L87>=Tham_so!$B$11,"Trung bình","Yếu"))) -> Yếu | W87: =IF(S87="","",IF(S87>=Tham_so!$B$9,"Giỏi",IF(S87>=Tham_so!$B$10,"Khá",IF(S87>=Tham_so!$B$11,"Trung bình","Yếu")))) | X87: Có
A88: 87 | B88: nganvu087@ptit.edu.vn | C88: Vũ Bảo Ngân | D88: Bảng B | E88: Đại học Khoa học Tự nhiên TP.HCM | F88: Hải Phòng | G88: Không | H88: =IF(D88="Bảng A","COS Pro Level 3","COS Pro Level 2") -> COS Pro Level 2 | I88: 200 | J88: 130 | K88: 130 | L88: =SUM(I88:K88) -> 460 | M88: =COUNTIFS($D$2:$D$120,D88,$L$2:$L$120,">"&L88)+1 -> 71 | N88: =IF(M88<=IF(D88="Bảng A",Tham_so!$B$5,Tham_so!$B$6),"Có","Không") -> Không | O88: =IF(COUNT(P88:R88)=0,"",IF(D88="Bảng A","COS Pro Level 2","COS Pro Level 1")) | S88: =IF(COUNT(P88:R88)=0,"",SUM(P88:R88)) | T88: =IF(S88="","",COUNTIFS($D$2:$D$120,D88,$S$2:$S$120,">"&S88)+1) | U88: =IF(OR(L88>=Tham_so!$B$3,AND(ISNUMBER(S88),S88>=Tham_so!$B$3)),"Có","Không") -> Không | V88: =IF(L88>=Tham_so!$B$9,"Giỏi",IF(L88>=Tham_so!$B$10,"Khá",IF(L88>=Tham_so!$B$11,"Trung bình","Yếu"))) -> Trung bình | W88: =IF(S88="","",IF(S88>=Tham_so!$B$9,"Giỏi",IF(S88>=Tham_so!$B$10,"Khá",IF(S88>=Tham_so!$B$11,"Trung bình","Yếu")))) | X88: Có
A89: 88 | B89: hoatrinh088@ptit.edu.vn | C89: Trịnh Gia Hoa | D89: Bảng B | E89: Đại học CNTT - ĐHQG TP.HCM | F89: Thái Nguyên | G89: Không | H89: =IF(D89="Bảng A","COS Pro Level 3","COS Pro Level 2") -> COS Pro Level 2 | I89: 320 | J89: 170 | K89: 140 | L89: =SUM(I89:K89) -> 630 | M89: =COUNTIFS($D$2:$D$120,D89,$L$2:$L$120,">"&L89)+1 -> 25 | N89: =IF(M89<=IF(D89="Bảng A",Tham_so!$B$5,Tham_so!$B$6),"Có","Không") -> Không | O89: =IF(COUNT(P89:R89)=0,"",IF(D89="Bảng A","COS Pro Level 2","COS Pro Level 1")) | S89: =IF(COUNT(P89:R89)=0,"",SUM(P89:R89)) | T89: =IF(S89="","",COUNTIFS($D$2:$D$120,D89,$S$2:$S$120,">"&S89)+1) | U89: =IF(OR(L89>=Tham_so!$B$3,AND(ISNUMBER(S89),S89>=Tham_so!$B$3)),"Có","Không") -> Có | V89: =IF(L89>=Tham_so!$B$9,"Giỏi",IF(L89>=Tham_so!$B$10,"Khá",IF(L89>=Tham_so!$B$11,"Trung bình","Yếu"))) -> Khá | W89: =IF(S89="","",IF(S89>=Tham_so!$B$9,"Giỏi",IF(S89>=Tham_so!$B$10,"Khá",IF(S89>=Tham_so!$B$11,"Trung bình","Yếu")))) | X89: Có
A90: 89 | B90: phucle089@ptit.edu.vn | C90: Lê Văn Phúc | D90: Bảng B | E90: Đại học Sư phạm Kỹ thuật TP.HCM | F90: Vĩnh Phúc | G90: Không | H90: =IF(D90="Bảng A","COS Pro Level 3","COS Pro Level 2") -> COS Pro Level 2 | I90: 240 | J90: 110 | K90: 120 | L90: =SUM(I90:K90) -> 470 | M90: =COUNTIFS($D$2:$D$120,D90,$L$2:$L$120,">"&L90)+1 -> 66 | N90: =IF(M90<=IF(D90="Bảng A",Tham_so!$B$5,Tham_so!$B$6),"Có","Không") -> Không | O90: =IF(COUNT(P90:R90)=0,"",IF(D90="Bảng A","COS Pro Level 2","COS Pro Level 1")) | S90: =IF(COUNT(P90:R90)=0,"",SUM(P90:R90)) | T90: =IF(S90="","",COUNTIFS($D$2:$D$120,D90,$S$2:$S$120,">"&S90)+1) | U90: =IF(OR(L90>=Tham_so!$B$3,AND(ISNUMBER(S90),S90>=Tham_so!$B$3)),"Có","Không") -> Không | V90: =IF(L90>=Tham_so!$B$9,"Giỏi",IF(L90>=Tham_so!$B$10,"Khá",IF(L90>=Tham_so!$B$11,"Trung bình","Yếu"))) -> Trung bình | W90: =IF(S90="","",IF(S90>=Tham_so!$B$9,"Giỏi",IF(S90>=Tham_so!$B$10,"Khá",IF(S90>=Tham_so!$B$11,"Trung bình","Yếu")))) | X90: Có
A91: 90 | B91: khoilam090@ptit.edu.vn | C91: Lâm Văn Khôi | D91: Bảng B | E91: Đại học Duy Tân | F91: Đà Nẵng | G91: Không | H91: =IF(D91="Bảng A","COS Pro Level 3","COS Pro Level 2") -> COS Pro Level 2 | I91: 210 | J91: 100 | K91: 90 | L91: =SUM(I91:K91) -> 400 | M91: =COUNTIFS($D$2:$D$120,D91,$L$2:$L$120,">"&L91)+1 -> 80 | N91: =IF(M91<=IF(D91="Bảng A",Tham_so!$B$5,Tham_so!$B$6),"Có","Không") -> Không | O91: =IF(COUNT(P91:R91)=0,"",IF(D91="Bảng A","COS Pro Level 2","COS Pro Level 1")) | S91: =IF(COUNT(P91:R91)=0,"",SUM(P91:R91)) | T91: =IF(S91="","",COUNTIFS($D$2:$D$120,D91,$S$2:$S$120,">"&S91)+1) | U91: =IF(OR(L91>=Tham_so!$B$3,AND(ISNUMBER(S91),S91>=Tham_so!$B$3)),"Có","Không") -> Không | V91: =IF(L91>=Tham_so!$B$9,"Giỏi",IF(L91>=Tham_so!$B$10,"Khá",IF(L91>=Tham_so!$B$11,"Trung bình","Yếu"))) -> Trung bình | W91: =IF(S91="","",IF(S91>=Tham_so!$B$9,"Giỏi",IF(S91>=Tham_so!$B$10,"Khá",IF(S91>=Tham_so!$B$11,"Trung bình","Yếu")))) | X91: Có
A92: 91 | B92: andang091@ptit.edu.vn | C92: Đặng Trung An | D92: Bảng B | E92: Học viện Công nghệ Bưu chính Viễn thông (PTIT) | F92: Quảng Ninh | G92: Không | H92: =IF(D92="Bảng A","COS Pro Level 3","COS Pro Level 2") -> COS Pro Level 2 | I92: 340 | J92: 130 | K92: 190 | L92: =SUM(I92:K92) -> 660 | M92: =COUNTIFS($D$2:$D$120,D92,$L$2:$L$120,">"&L92)+1 -> 22 | N92: =IF(M92<=IF(D92="Bảng A",Tham_so!$B$5,Tham_so!$B$6),"Có","Không") -> Không | O92: =IF(COUNT(P92:R92)=0,"",IF(D92="Bảng A","COS Pro Level 2","COS Pro Level 1")) | S92: =IF(COUNT(P92:R92)=0,"",SUM(P92:R92)) | T92: =IF(S92="","",COUNTIFS($D$2:$D$120,D92,$S$2:$S$120,">"&S92)+1) | U92: =IF(OR(L92>=Tham_so!$B$3,AND(ISNUMBER(S92),S92>=Tham_so!$B$3)),"Có","Không") -> Có | V92: =IF(L92>=Tham_so!$B$9,"Giỏi",IF(L92>=Tham_so!$B$10,"Khá",IF(L92>=Tham_so!$B$11,"Trung bình","Yếu"))) -> Khá | W92: =IF(S92="","",IF(S92>=Tham_so!$B$9,"Giỏi",IF(S92>=Tham_so!$B$10,"Khá",IF(S92>=Tham_so!$B$11,"Trung bình","Yếu")))) | X92: Có
A93: 92 | B93: toanmai092@ptit.edu.vn | C93: Mai Ngọc Toàn | D93: Bảng B | E93: Đại học Bách Khoa Hà Nội | F93: Phú Thọ | G93: Không | H93: =IF(D93="Bảng A","COS Pro Level 3","COS Pro Level 2") -> COS Pro Level 2 | I93: 320 | J93: 110 | K93: 160 | L93: =SUM(I93:K93) -> 590 | M93: =COUNTIFS($D$2:$D$120,D93,$L$2:$L$120,">"&L93)+1 -> 32 | N93: =IF(M93<=IF(D93="Bảng A",Tham_so!$B$5,Tham_so!$B$6),"Có","Không") -> Không | O93: =IF(COUNT(P93:R93)=0,"",IF(D93="Bảng A","COS Pro Level 2","COS Pro Level 1")) | S93: =IF(COUNT(P93:R93)=0,"",SUM(P93:R93)) | T93: =IF(S93="","",COUNTIFS($D$2:$D$120,D93,$S$2:$S$120,">"&S93)+1) | U93: =IF(OR(L93>=Tham_so!$B$3,AND(ISNUMBER(S93),S93>=Tham_so!$B$3)),"Có","Không") -> Không | V93: =IF(L93>=Tham_so!$B$9,"Giỏi",IF(L93>=Tham_so!$B$10,"Khá",IF(L93>=Tham_so!$B$11,"Trung bình","Yếu"))) -> Trung bình | W93: =IF(S93="","",IF(S93>=Tham_so!$B$9,"Giỏi",IF(S93>=Tham_so!$B$10,"Khá",IF(S93>=Tham_so!$B$11,"Trung bình","Yếu")))) | X93: Có
A94: 93 | B94: phongpham093@ptit.edu.vn | C94: Phạm Tuấn Phong | D94: Bảng B | E94: Đại học Công nghệ - ĐHQGHN | F94: Nghệ An | G94: Không | H94: =IF(D94="Bảng A","COS Pro Level 3","COS Pro Level 2") -> COS Pro Level 2 | I94: 350 | J94: 150 | K94: 190 | L94: =SUM(I94:K94) -> 690 | M94: =COUNTIFS($D$2:$D$120,D94,$L$2:$L$120,">"&L94)+1 -> 17 | N94: =IF(M94<=IF(D94="Bảng A",Tham_so!$B$5,Tham_so!$B$6),"Có","Không") -> Không | O94: =IF(COUNT(P94:R94)=0,"",IF(D94="Bảng A","COS Pro Level 2","COS Pro Level 1")) | S94: =IF(COUNT(P94:R94)=0,"",SUM(P94:R94)) | T94: =IF(S94="","",COUNTIFS($D$2:$D$120,D94,$S$2:$S$120,">"&S94)+1) | U94: =IF(OR(L94>=Tham_so!$B$3,AND(ISNUMBER(S94),S94>=Tham_so!$B$3)),"Có","Không") -> Có | V94: =IF(L94>=Tham_so!$B$9,"Giỏi",IF(L94>=Tham_so!$B$10,"Khá",IF(L94>=Tham_so!$B$11,"Trung bình","Yếu"))) -> Khá | W94: =IF(S94="","",IF(S94>=Tham_so!$B$9,"Giỏi",IF(S94>=Tham_so!$B$10,"Khá",IF(S94>=Tham_so!$B$11,"Trung bình","Yếu")))) | X94: Có
A95: 94 | B95: anly094@ptit.edu.vn | C95: Lý Thị An | D95: Bảng B | E95: Đại học Kinh tế Quốc dân | F95: Lâm Đồng | G95: Không | H95: =IF(D95="Bảng A","COS Pro Level 3","COS Pro Level 2") -> COS Pro Level 2 | I95: 270 | J95: 60 | K95: 160 | L95: =SUM(I95:K95) -> 490 | M95: =COUNTIFS($D$2:$D$120,D95,$L$2:$L$120,">"&L95)+1 -> 58 | N95: =IF(M95<=IF(D95="Bảng A",Tham_so!$B$5,Tham_so!$B$6),"Có","Không") -> Không | O95: =IF(COUNT(P95:R95)=0,"",IF(D95="Bảng A","COS Pro Level 2","COS Pro Level 1")) | S95: =IF(COUNT(P95:R95)=0,"",SUM(P95:R95)) | T95: =IF(S95="","",COUNTIFS($D$2:$D$120,D95,$S$2:$S$120,">"&S95)+1) | U95: =IF(OR(L95>=Tham_so!$B$3,AND(ISNUMBER(S95),S95>=Tham_so!$B$3)),"Có","Không") -> Không | V95: =IF(L95>=Tham_so!$B$9,"Giỏi",IF(L95>=Tham_so!$B$10,"Khá",IF(L95>=Tham_so!$B$11,"Trung bình","Yếu"))) -> Trung bình | W95: =IF(S95="","",IF(S95>=Tham_so!$B$9,"Giỏi",IF(S95>=Tham_so!$B$10,"Khá",IF(S95>=Tham_so!$B$11,"Trung bình","Yếu")))) | X95: Có
A96: 95 | B96: vyphan095@ptit.edu.vn | C96: Phan Thanh Vy | D96: Bảng B | E96: Đại học FPT | F96: Huế | G96: Không | H96: =IF(D96="Bảng A","COS Pro Level 3","COS Pro Level 2") -> COS Pro Level 2 | I96: 220 | J96: 130 | K96: 150 | L96: =SUM(I96:K96) -> 500 | M96: =COUNTIFS($D$2:$D$120,D96,$L$2:$L$120,">"&L96)+1 -> 55 | N96: =IF(M96<=IF(D96="Bảng A",Tham_so!$B$5,Tham_so!$B$6),"Có","Không") -> Không | O96: =IF(COUNT(P96:R96)=0,"",IF(D96="Bảng A","COS Pro Level 2","COS Pro Level 1")) | S96: =IF(COUNT(P96:R96)=0,"",SUM(P96:R96)) | T96: =IF(S96="","",COUNTIFS($D$2:$D$120,D96,$S$2:$S$120,">"&S96)+1) | U96: =IF(OR(L96>=Tham_so!$B$3,AND(ISNUMBER(S96),S96>=Tham_so!$B$3)),"Có","Không") -> Không | V96: =IF(L96>=Tham_so!$B$9,"Giỏi",IF(L96>=Tham_so!$B$10,"Khá",IF(L96>=Tham_so!$B$11,"Trung bình","Yếu"))) -> Trung bình | W96: =IF(S96="","",IF(S96>=Tham_so!$B$9,"Giỏi",IF(S96>=Tham_so!$B$10,"Khá",IF(S96>=Tham_so!$B$11,"Trung bình","Yếu")))) | X96: Có
... A109: 108 | B109: toanlam108@ptit.edu.vn | C109: Lâm Gia Toàn | D109: Bảng B | E109: Đại học CNTT - ĐHQG TP.HCM | F109: Thái Nguyên | G109: Không | H109: =IF(D109="Bảng A","COS Pro Level 3","COS Pro Level 2") -> COS Pro Level 2 | I109: 240 | J109: 130 | K109: 90 | L109: =SUM(I109:K109) -> 460 | M109: =COUNTIFS($D$2:$D$120,D109,$L$2:$L$120,">"&L109)+1 -> 71 | N109: =IF(M109<=IF(D109="Bảng A",Tham_so!$B$5,Tham_so!$B$6),"Có","Không") -> Không | O109: =IF(COUNT(P109:R109)=0,"",IF(D109="Bảng A","COS Pro Level 2","COS Pro Level 1")) | S109: =IF(COUNT(P109:R109)=0,"",SUM(P109:R109)) | T109: =IF(S109="","",COUNTIFS($D$2:$D$120,D109,$S$2:$S$120,">"&S109)+1) | U109: =IF(OR(L109>=Tham_so!$B$3,AND(ISNUMBER(S109),S109>=Tham_so!$B$3)),"Có","Không") -> Không | V109: =IF(L109>=Tham_so!$B$9,"Giỏi",IF(L109>=Tham_so!$B$10,"Khá",IF(L109>=Tham_so!$B$11,"Trung bình","Yếu"))) -> Trung bình | W109: =IF(S109="","",IF(S109>=Tham_so!$B$9,"Giỏi",IF(S109>=Tham_so!$B$10,"Khá",IF(S109>=Tham_so!$B$11,"Trung bình","Yếu")))) | X109: Có
A110: 109 | B110: hanhho109@ptit.edu.vn | C110: Hồ Tuấn Hạnh | D110: Bảng B | E110: Đại học Sư phạm Kỹ thuật TP.HCM | F110: Vĩnh Phúc | G110: Không | H110: =IF(D110="Bảng A","COS Pro Level 3","COS Pro Level 2") -> COS Pro Level 2 | I110: 420 | J110: 230 | K110: 200 | L110: =SUM(I110:K110) -> 850 | M110: =COUNTIFS($D$2:$D$120,D110,$L$2:$L$120,">"&L110)+1 -> 1 | N110: =IF(M110<=IF(D110="Bảng A",Tham_so!$B$5,Tham_so!$B$6),"Có","Không") -> Có | O110: =IF(COUNT(P110:R110)=0,"",IF(D110="Bảng A","COS Pro Level 2","COS Pro Level 1")) -> COS Pro Level 1 | P110: 340 | Q110: 410 | R110: 240 | S110: =IF(COUNT(P110:R110)=0,"",SUM(P110:R110)) -> 990 | T110: =IF(S110="","",COUNTIFS($D$2:$D$120,D110,$S$2:$S$120,">"&S110)+1) -> 1 | U110: =IF(OR(L110>=Tham_so!$B$3,AND(ISNUMBER(S110),S110>=Tham_so!$B$3)),"Có","Không") -> Có | V110: =IF(L110>=Tham_so!$B$9,"Giỏi",IF(L110>=Tham_so!$B$10,"Khá",IF(L110>=Tham_so!$B$11,"Trung bình","Yếu"))) -> Giỏi | W110: =IF(S110="","",IF(S110>=Tham_so!$B$9,"Giỏi",IF(S110>=Tham_so!$B$10,"Khá",IF(S110>=Tham_so!$B$11,"Trung bình","Yếu")))) -> Giỏi | X110: Có
A111: 110 | B111: toanmai110@ptit.edu.vn | C111: Mai Thanh Toàn | D111: Bảng B | E111: Đại học Duy Tân | F111: Đà Nẵng | G111: Không | H111: =IF(D111="Bảng A","COS Pro Level 3","COS Pro Level 2") -> COS Pro Level 2 | I111: 280 | J111: 110 | K111: 200 | L111: =SUM(I111:K111) -> 590 | M111: =COUNTIFS($D$2:$D$120,D111,$L$2:$L$120,">"&L111)+1 -> 32 | N111: =IF(M111<=IF(D111="Bảng A",Tham_so!$B$5,Tham_so!$B$6),"Có","Không") -> Không | O111: =IF(COUNT(P111:R111)=0,"",IF(D111="Bảng A","COS Pro Level 2","COS Pro Level 1")) | S111: =IF(COUNT(P111:R111)=0,"",SUM(P111:R111)) | T111: =IF(S111="","",COUNTIFS($D$2:$D$120,D111,$S$2:$S$120,">"&S111)+1) | U111: =IF(OR(L111>=Tham_so!$B$3,AND(ISNUMBER(S111),S111>=Tham_so!$B$3)),"Có","Không") -> Không | V111: =IF(L111>=Tham_so!$B$9,"Giỏi",IF(L111>=Tham_so!$B$10,"Khá",IF(L111>=Tham_so!$B$11,"Trung bình","Yếu"))) -> Trung bình | W111: =IF(S111="","",IF(S111>=Tham_so!$B$9,"Giỏi",IF(S111>=Tham_so!$B$10,"Khá",IF(S111>=Tham_so!$B$11,"Trung bình","Yếu")))) | X111: Có
A112: 111 | B112: trangngo111@ptit.edu.vn | C112: Ngô Văn Trang | D112: Bảng B | E112: Học viện Công nghệ Bưu chính Viễn thông (PTIT) | F112: Quảng Ninh | G112: Không | H112: =IF(D112="Bảng A","COS Pro Level 3","COS Pro Level 2") -> COS Pro Level 2 | I112: 250 | J112: 110 | K112: 130 | L112: =SUM(I112:K112) -> 490 | M112: =COUNTIFS($D$2:$D$120,D112,$L$2:$L$120,">"&L112)+1 -> 58 | N112: =IF(M112<=IF(D112="Bảng A",Tham_so!$B$5,Tham_so!$B$6),"Có","Không") -> Không | O112: =IF(COUNT(P112:R112)=0,"",IF(D112="Bảng A","COS Pro Level 2","COS Pro Level 1")) | S112: =IF(COUNT(P112:R112)=0,"",SUM(P112:R112)) | T112: =IF(S112="","",COUNTIFS($D$2:$D$120,D112,$S$2:$S$120,">"&S112)+1) | U112: =IF(OR(L112>=Tham_so!$B$3,AND(ISNUMBER(S112),S112>=Tham_so!$B$3)),"Có","Không") -> Không | V112: =IF(L112>=Tham_so!$B$9,"Giỏi",IF(L112>=Tham_so!$B$10,"Khá",IF(L112>=Tham_so!$B$11,"Trung bình","Yếu"))) -> Trung bình | W112: =IF(S112="","",IF(S112>=Tham_so!$B$9,"Giỏi",IF(S112>=Tham_so!$B$10,"Khá",IF(S112>=Tham_so!$B$11,"Trung bình","Yếu")))) | X112: Có
A113: 112 | B113: vytran112@ptit.edu.vn | C113: Trần Bảo Vy | D113: Bảng B | E113: Đại học Bách Khoa Hà Nội | F113: Phú Thọ | G113: Không | H113: =IF(D113="Bảng A","COS Pro Level 3","COS Pro Level 2") -> COS Pro Level 2 | I113: 250 | J113: 100 | K113: 120 | L113: =SUM(I113:K113) -> 470 | M113: =COUNTIFS($D$2:$D$120,D113,$L$2:$L$120,">"&L113)+1 -> 66 | N113: =IF(M113<=IF(D113="Bảng A",Tham_so!$B$5,Tham_so!$B$6),"Có","Không") -> Không | O113: =IF(COUNT(P113:R113)=0,"",IF(D113="Bảng A","COS Pro Level 2","COS Pro Level 1")) | S113: =IF(COUNT(P113:R113)=0,"",SUM(P113:R113)) | T113: =IF(S113="","",COUNTIFS($D$2:$D$120,D113,$S$2:$S$120,">"&S113)+1) | U113: =IF(OR(L113>=Tham_so!$B$3,AND(ISNUMBER(S113),S113>=Tham_so!$B$3)),"Có","Không") -> Không | V113: =IF(L113>=Tham_so!$B$9,"Giỏi",IF(L113>=Tham_so!$B$10,"Khá",IF(L113>=Tham_so!$B$11,"Trung bình","Yếu"))) -> Trung bình | W113: =IF(S113="","",IF(S113>=Tham_so!$B$9,"Giỏi",IF(S113>=Tham_so!$B$10,"Khá",IF(S113>=Tham_so!$B$11,"Trung bình","Yếu")))) | X113: Có
...

Sheet Phan_loai
A1: PHÂN LOẠI ĐIỂM THEO BẢNG THI (dữ liệu GIẢ LẬP)
A2: Xếp loại theo tổng điểm /1000, ngưỡng lấy từ sheet Tham_so. Chung kết chỉ có ít người nên tỷ lệ % rất kém ổn định.
A5: Xếp loại | B5: Điều kiện (tổng /1000) | C5: Bảng A – Vòng loại | E5: Bảng A – Chung kết | G5: Bảng B – Vòng loại | I5: Bảng B – Chung kết
C6: Số người | D6: % | E6: Số người | F6: % | G6: Số người | H6: % | I6: Số người | J6: %
A7: Giỏi | B7: ="≥ "&Tham_so!$B$9 -> ≥ 800 | C7: =COUNTIFS(Tong_hop!$D$2:$D$120,"Bảng A",Tong_hop!$V$2:$V$120,$A7) -> 0 | D7: =IF(C$11=0,"",C7/C$11) -> 0 | E7: =COUNTIFS(Tong_hop!$D$2:$D$120,"Bảng A",Tong_hop!$W$2:$W$120,$A7) -> 0 | F7: =IF(E$11=0,"",E7/E$11) -> 0 | G7: =COUNTIFS(Tong_hop!$D$2:$D$120,"Bảng B",Tong_hop!$V$2:$V$120,$A7) -> 4 | H7: =IF(G$11=0,"",G7/G$11) -> 0.042105263 | I7: =COUNTIFS(Tong_hop!$D$2:$D$120,"Bảng B",Tong_hop!$W$2:$W$120,$A7) -> 10 | J7: =IF(I$11=0,"",I7/I$11) -> 1
A8: Khá | B8: ="từ "&Tham_so!$B$10&" đến dưới "&Tham_so!$B$9 -> từ 600 đến dưới 800 | C8: =COUNTIFS(Tong_hop!$D$2:$D$120,"Bảng A",Tong_hop!$V$2:$V$120,$A8) -> 4 | D8: =IF(C$11=0,"",C8/C$11) -> 0.16666667 | E8: =COUNTIFS(Tong_hop!$D$2:$D$120,"Bảng A",Tong_hop!$W$2:$W$120,$A8) -> 3 | F8: =IF(E$11=0,"",E8/E$11) -> 1 | G8: =COUNTIFS(Tong_hop!$D$2:$D$120,"Bảng B",Tong_hop!$V$2:$V$120,$A8) -> 27 | H8: =IF(G$11=0,"",G8/G$11) -> 0.28421053 | I8: =COUNTIFS(Tong_hop!$D$2:$D$120,"Bảng B",Tong_hop!$W$2:$W$120,$A8) -> 0 | J8: =IF(I$11=0,"",I8/I$11) -> 0
A9: Trung bình | B9: ="từ "&Tham_so!$B$11&" đến dưới "&Tham_so!$B$10 -> từ 400 đến dưới 600 | C9: =COUNTIFS(Tong_hop!$D$2:$D$120,"Bảng A",Tong_hop!$V$2:$V$120,$A9) -> 14 | D9: =IF(C$11=0,"",C9/C$11) -> 0.58333333 | E9: =COUNTIFS(Tong_hop!$D$2:$D$120,"Bảng A",Tong_hop!$W$2:$W$120,$A9) -> 0 | F9: =IF(E$11=0,"",E9/E$11) -> 0 | G9: =COUNTIFS(Tong_hop!$D$2:$D$120,"Bảng B",Tong_hop!$V$2:$V$120,$A9) -> 49 | H9: =IF(G$11=0,"",G9/G$11) -> 0.51578947 | I9: =COUNTIFS(Tong_hop!$D$2:$D$120,"Bảng B",Tong_hop!$W$2:$W$120,$A9) -> 0 | J9: =IF(I$11=0,"",I9/I$11) -> 0
A10: Yếu | B10: ="dưới "&Tham_so!$B$11 -> dưới 400 | C10: =COUNTIFS(Tong_hop!$D$2:$D$120,"Bảng A",Tong_hop!$V$2:$V$120,$A10) -> 6 | D10: =IF(C$11=0,"",C10/C$11) -> 0.25 | E10: =COUNTIFS(Tong_hop!$D$2:$D$120,"Bảng A",Tong_hop!$W$2:$W$120,$A10) -> 0 | F10: =IF(E$11=0,"",E10/E$11) -> 0 | G10: =COUNTIFS(Tong_hop!$D$2:$D$120,"Bảng B",Tong_hop!$V$2:$V$120,$A10) -> 15 | H10: =IF(G$11=0,"",G10/G$11) -> 0.15789474 | I10: =COUNTIFS(Tong_hop!$D$2:$D$120,"Bảng B",Tong_hop!$W$2:$W$120,$A10) -> 0 | J10: =IF(I$11=0,"",I10/I$11) -> 0
A11: Tổng | C11: =SUM(C7:C10) -> 24 | D11: =IF(C11=0,"",SUM(D7:D10)) -> 1 | E11: =SUM(E7:E10) -> 3 | F11: =IF(E11=0,"",SUM(F7:F10)) -> 1 | G11: =SUM(G7:G10) -> 95 | H11: =IF(G11=0,"",SUM(H7:H10)) -> 1 | I11: =SUM(I7:I10) -> 10 | J11: =IF(I11=0,"",SUM(J7:J10)) -> 1
A14: CHỈ SỐ TỔNG QUAN
A15: Chỉ số | C15: Bảng A – Vòng loại | E15: Bảng A – Chung kết | G15: Bảng B – Vòng loại | I15: Bảng B – Chung kết
A16: Số thí sinh có điểm | C16: =COUNTIFS(Tong_hop!$D$2:$D$120,"Bảng A",Tong_hop!$L$2:$L$120,">=0") -> 24 | E16: =COUNTIFS(Tong_hop!$D$2:$D$120,"Bảng A",Tong_hop!$S$2:$S$120,">=0") -> 3 | G16: =COUNTIFS(Tong_hop!$D$2:$D$120,"Bảng B",Tong_hop!$L$2:$L$120,">=0") -> 95 | I16: =COUNTIFS(Tong_hop!$D$2:$D$120,"Bảng B",Tong_hop!$S$2:$S$120,">=0") -> 10
A17: Điểm trung bình | C17: =IFERROR(AVERAGEIFS(Tong_hop!$L$2:$L$120,Tong_hop!$D$2:$D$120,"Bảng A"),"") -> 472.5 | E17: =IFERROR(AVERAGEIFS(Tong_hop!$S$2:$S$120,Tong_hop!$D$2:$D$120,"Bảng A"),"") -> 756.66667 | G17: =IFERROR(AVERAGEIFS(Tong_hop!$L$2:$L$120,Tong_hop!$D$2:$D$120,"Bảng B"),"") -> 541.36842 | I17: =IFERROR(AVERAGEIFS(Tong_hop!$S$2:$S$120,Tong_hop!$D$2:$D$120,"Bảng B"),"") -> 936
A18: Điểm cao nhất | C18: =IF(C16=0,"",_xlfn.MAXIFS(Tong_hop!$L$2:$L$120,Tong_hop!$D$2:$D$120,"Bảng A")) -> 670 | E18: =IF(E16=0,"",_xlfn.MAXIFS(Tong_hop!$S$2:$S$120,Tong_hop!$D$2:$D$120,"Bảng A")) -> 780 | G18: =IF(G16=0,"",_xlfn.MAXIFS(Tong_hop!$L$2:$L$120,Tong_hop!$D$2:$D$120,"Bảng B")) -> 850 | I18: =IF(I16=0,"",_xlfn.MAXIFS(Tong_hop!$S$2:$S$120,Tong_hop!$D$2:$D$120,"Bảng B")) -> 990
A19: Điểm thấp nhất | C19: =IF(C16=0,"",_xlfn.MINIFS(Tong_hop!$L$2:$L$120,Tong_hop!$D$2:$D$120,"Bảng A")) -> 260 | E19: =IF(E16=0,"",_xlfn.MINIFS(Tong_hop!$S$2:$S$120,Tong_hop!$D$2:$D$120,"Bảng A")) -> 720 | G19: =IF(G16=0,"",_xlfn.MINIFS(Tong_hop!$L$2:$L$120,Tong_hop!$D$2:$D$120,"Bảng B")) -> 170 | I19: =IF(I16=0,"",_xlfn.MINIFS(Tong_hop!$S$2:$S$120,Tong_hop!$D$2:$D$120,"Bảng B")) -> 860
A20: Số người đạt ngưỡng chứng chỉ | C20: =COUNTIFS(Tong_hop!$D$2:$D$120,"Bảng A",Tong_hop!$L$2:$L$120,">="&Tham_so!$B$3) -> 4 | E20: =COUNTIFS(Tong_hop!$D$2:$D$120,"Bảng A",Tong_hop!$S$2:$S$120,">="&Tham_so!$B$3) -> 3 | G20: =COUNTIFS(Tong_hop!$D$2:$D$120,"Bảng B",Tong_hop!$L$2:$L$120,">="&Tham_so!$B$3) -> 31 | I20: =COUNTIFS(Tong_hop!$D$2:$D$120,"Bảng B",Tong_hop!$S$2:$S$120,">="&Tham_so!$B$3) -> 10

Sheet Chi_tiet_diem
A1: Email | B1: Họ tên | C1: Bảng | D1: Vòng | E1: Cấp COS Pro | F1: Phần thi | G1: Điểm | H1: Điểm tối đa | I1: % điểm | J1: Dữ liệu giả lập
A2: namduong001@ptit.edu.vn | B2: Dương Hoài Nam | C2: Bảng A | D2: Vòng loại | E2: COS Pro Level 3 | F2: Đọc hiểu code (điền chỗ trống) | G2: =INDEX(Tong_hop!$I$2:$I$120,MATCH($A2,Tong_hop!$B$2:$B$120,0)) -> 290 | H2: 500 | I2: =IF(H2=0,"",G2/H2) -> 0.58 | J2: Có
A3: namduong001@ptit.edu.vn | B3: Dương Hoài Nam | C3: Bảng A | D3: Vòng loại | E3: COS Pro Level 3 | F3: Thiết kế · viết hàm | G3: =INDEX(Tong_hop!$J$2:$J$120,MATCH($A3,Tong_hop!$B$2:$B$120,0)) -> 250 | H3: 500 | I3: =IF(H3=0,"",G3/H3) -> 0.5 | J3: Có
A4: sonmai002@ptit.edu.vn | B4: Mai Minh Sơn | C4: Bảng A | D4: Vòng loại | E4: COS Pro Level 3 | F4: Đọc hiểu code (điền chỗ trống) | G4: =INDEX(Tong_hop!$I$2:$I$120,MATCH($A4,Tong_hop!$B$2:$B$120,0)) -> 370 | H4: 500 | I4: =IF(H4=0,"",G4/H4) -> 0.74 | J4: Có
A5: sonmai002@ptit.edu.vn | B5: Mai Minh Sơn | C5: Bảng A | D5: Vòng loại | E5: COS Pro Level 3 | F5: Thiết kế · viết hàm | G5: =INDEX(Tong_hop!$J$2:$J$120,MATCH($A5,Tong_hop!$B$2:$B$120,0)) -> 230 | H5: 500 | I5: =IF(H5=0,"",G5/H5) -> 0.46 | J5: Có
A6: sonmai002@ptit.edu.vn | B6: Mai Minh Sơn | C6: Bảng A | D6: Chung kết | E6: COS Pro Level 2 | F6: Debugging | G6: =INDEX(Tong_hop!$R$2:$R$120,MATCH($A6,Tong_hop!$B$2:$B$120,0)) -> 220 | H6: 280 | I6: =IF(H6=0,"",G6/H6) -> 0.78571429 | J6: Có
A7: sonmai002@ptit.edu.vn | B7: Mai Minh Sơn | C7: Bảng A | D7: Chung kết | E7: COS Pro Level 2 | F7: Design | G7: =INDEX(Tong_hop!$Q$2:$Q$120,MATCH($A7,Tong_hop!$B$2:$B$120,0)) -> 180 | H7: 280 | I7: =IF(H7=0,"",G7/H7) -> 0.64285714 | J7: Có
A8: sonmai002@ptit.edu.vn | B8: Mai Minh Sơn | C8: Bảng A | D8: Chung kết | E8: COS Pro Level 2 | F8: Đọc hiểu code | G8: =INDEX(Tong_hop!$P$2:$P$120,MATCH($A8,Tong_hop!$B$2:$B$120,0)) -> 320 | H8: 440 | I8: =IF(H8=0,"",G8/H8) -> 0.72727273 | J8: Có
A9: giangpham003@ptit.edu.vn | B9: Phạm Hoài Giang | C9: Bảng A | D9: Vòng loại | E9: COS Pro Level 3 | F9: Đọc hiểu code (điền chỗ trống) | G9: =INDEX(Tong_hop!$I$2:$I$120,MATCH($A9,Tong_hop!$B$2:$B$120,0)) -> 400 | H9: 500 | I9: =IF(H9=0,"",G9/H9) -> 0.8 | J9: Có
A10: giangpham003@ptit.edu.vn | B10: Phạm Hoài Giang | C10: Bảng A | D10: Vòng loại | E10: COS Pro Level 3 | F10: Thiết kế · viết hàm | G10: =INDEX(Tong_hop!$J$2:$J$120,MATCH($A10,Tong_hop!$B$2:$B$120,0)) -> 270 | H10: 500 | I10: =IF(H10=0,"",G10/H10) -> 0.54 | J10: Có
A11: giangpham003@ptit.edu.vn | B11: Phạm Hoài Giang | C11: Bảng A | D11: Chung kết | E11: COS Pro Level 2 | F11: Debugging | G11: =INDEX(Tong_hop!$R$2:$R$120,MATCH($A11,Tong_hop!$B$2:$B$120,0)) -> 230 | H11: 280 | I11: =IF(H11=0,"",G11/H11) -> 0.82142857 | J11: Có
A12: giangpham003@ptit.edu.vn | B12: Phạm Hoài Giang | C12: Bảng A | D12: Chung kết | E12: COS Pro Level 2 | F12: Design | G12: =INDEX(Tong_hop!$Q$2:$Q$120,MATCH($A12,Tong_hop!$B$2:$B$120,0)) -> 190 | H12: 280 | I12: =IF(H12=0,"",G12/H12) -> 0.67857143 | J12: Có
A13: giangpham003@ptit.edu.vn | B13: Phạm Hoài Giang | C13: Bảng A | D13: Chung kết | E13: COS Pro Level 2 | F13: Đọc hiểu code | G13: =INDEX(Tong_hop!$P$2:$P$120,MATCH($A13,Tong_hop!$B$2:$B$120,0)) -> 360 | H13: 440 | I13: =IF(H13=0,"",G13/H13) -> 0.81818182 | J13: Có
A14: vyho004@ptit.edu.vn | B14: Hồ Hữu Vy | C14: Bảng A | D14: Vòng loại | E14: COS Pro Level 3 | F14: Đọc hiểu code (điền chỗ trống) | G14: =INDEX(Tong_hop!$I$2:$I$120,MATCH($A14,Tong_hop!$B$2:$B$120,0)) -> 350 | H14: 500 | I14: =IF(H14=0,"",G14/H14) -> 0.7 | J14: Có
A15: vyho004@ptit.edu.vn | B15: Hồ Hữu Vy | C15: Bảng A | D15: Vòng loại | E15: COS Pro Level 3 | F15: Thiết kế · viết hàm | G15: =INDEX(Tong_hop!$J$2:$J$120,MATCH($A15,Tong_hop!$B$2:$B$120,0)) -> 210 | H15: 500 | I15: =IF(H15=0,"",G15/H15) -> 0.42 | J15: Có
A16: phucvo005@ptit.edu.vn | B16: Võ Phương Phúc | C16: Bảng A | D16: Vòng loại | E16: COS Pro Level 3 | F16: Đọc hiểu code (điền chỗ trống) | G16: =INDEX(Tong_hop!$I$2:$I$120,MATCH($A16,Tong_hop!$B$2:$B$120,0)) -> 130 | H16: 500 | I16: =IF(H16=0,"",G16/H16) -> 0.26 | J16: Có
A17: phucvo005@ptit.edu.vn | B17: Võ Phương Phúc | C17: Bảng A | D17: Vòng loại | E17: COS Pro Level 3 | F17: Thiết kế · viết hàm | G17: =INDEX(Tong_hop!$J$2:$J$120,MATCH($A17,Tong_hop!$B$2:$B$120,0)) -> 130 | H17: 500 | I17: =IF(H17=0,"",G17/H17) -> 0.26 | J17: Có
A18: hoapham006@ptit.edu.vn | B18: Phạm Khánh Hoa | C18: Bảng A | D18: Vòng loại | E18: COS Pro Level 3 | F18: Đọc hiểu code (điền chỗ trống) | G18: =INDEX(Tong_hop!$I$2:$I$120,MATCH($A18,Tong_hop!$B$2:$B$120,0)) -> 280 | H18: 500 | I18: =IF(H18=0,"",G18/H18) -> 0.56 | J18: Có
A19: hoapham006@ptit.edu.vn | B19: Phạm Khánh Hoa | C19: Bảng A | D19: Vòng loại | E19: COS Pro Level 3 | F19: Thiết kế · viết hàm | G19: =INDEX(Tong_hop!$J$2:$J$120,MATCH($A19,Tong_hop!$B$2:$B$120,0)) -> 280 | H19: 500 | I19: =IF(H19=0,"",G19/H19) -> 0.56 | J19: Có
A20: yenlam007@ptit.edu.vn | B20: Lâm Hoài Yến | C20: Bảng A | D20: Vòng loại | E20: COS Pro Level 3 | F20: Đọc hiểu code (điền chỗ trống) | G20: =INDEX(Tong_hop!$I$2:$I$120,MATCH($A20,Tong_hop!$B$2:$B$120,0)) -> 340 | H20: 500 | I20: =IF(H20=0,"",G20/H20) -> 0.68 | J20: Có
A21: yenlam007@ptit.edu.vn | B21: Lâm Hoài Yến | C21: Bảng A | D21: Vòng loại | E21: COS Pro Level 3 | F21: Thiết kế · viết hàm | G21: =INDEX(Tong_hop!$J$2:$J$120,MATCH($A21,Tong_hop!$B$2:$B$120,0)) -> 190 | H21: 500 | I21: =IF(H21=0,"",G21/H21) -> 0.38 | J21: Có
A22: giangtrinh008@ptit.edu.vn | B22: Trịnh Thị Giang | C22: Bảng A | D22: Vòng loại | E22: COS Pro Level 3 | F22: Đọc hiểu code (điền chỗ trống) | G22: =INDEX(Tong_hop!$I$2:$I$120,MATCH($A22,Tong_hop!$B$2:$B$120,0)) -> 300 | H22: 500 | I22: =IF(H22=0,"",G22/H22) -> 0.6 | J22: Có
A23: giangtrinh008@ptit.edu.vn | B23: Trịnh Thị Giang | C23: Bảng A | D23: Vòng loại | E23: COS Pro Level 3 | F23: Thiết kế · viết hàm | G23: =INDEX(Tong_hop!$J$2:$J$120,MATCH($A23,Tong_hop!$B$2:$B$120,0)) -> 300 | H23: 500 | I23: =IF(H23=0,"",G23/H23) -> 0.6 | J23: Có
A24: yenhoang009@ptit.edu.vn | B24: Hoàng Anh Yến | C24: Bảng A | D24: Vòng loại | E24: COS Pro Level 3 | F24: Đọc hiểu code (điền chỗ trống) | G24: =INDEX(Tong_hop!$I$2:$I$120,MATCH($A24,Tong_hop!$B$2:$B$120,0)) -> 270 | H24: 500 | I24: =IF(H24=0,"",G24/H24) -> 0.54 | J24: Có
A25: yenhoang009@ptit.edu.vn | B25: Hoàng Anh Yến | C25: Bảng A | D25: Vòng loại | E25: COS Pro Level 3 | F25: Thiết kế · viết hàm | G25: =INDEX(Tong_hop!$J$2:$J$120,MATCH($A25,Tong_hop!$B$2:$B$120,0)) -> 210 | H25: 500 | I25: =IF(H25=0,"",G25/H25) -> 0.42 | J25: Có
A26: cuongtran010@ptit.edu.vn | B26: Trần Thanh Cường | C26: Bảng A | D26: Vòng loại | E26: COS Pro Level 3 | F26: Đọc hiểu code (điền chỗ trống) | G26: =INDEX(Tong_hop!$I$2:$I$120,MATCH($A26,Tong_hop!$B$2:$B$120,0)) -> 190 | H26: 500 | I26: =IF(H26=0,"",G26/H26) -> 0.38 | J26: Có
A27: cuongtran010@ptit.edu.vn | B27: Trần Thanh Cường | C27: Bảng A | D27: Vòng loại | E27: COS Pro Level 3 | F27: Thiết kế · viết hàm | G27: =INDEX(Tong_hop!$J$2:$J$120,MATCH($A27,Tong_hop!$B$2:$B$120,0)) -> 220 | H27: 500 | I27: =IF(H27=0,"",G27/H27) -> 0.44 | J27: Có
A28: dungdang011@ptit.edu.vn | B28: Đặng Thu Dũng | C28: Bảng A | D28: Vòng loại | E28: COS Pro Level 3 | F28: Đọc hiểu code (điền chỗ trống) | G28: =INDEX(Tong_hop!$I$2:$I$120,MATCH($A28,Tong_hop!$B$2:$B$120,0)) -> 250 | H28: 500 | I28: =IF(H28=0,"",G28/H28) -> 0.5 | J28: Có
A29: dungdang011@ptit.edu.vn | B29: Đặng Thu Dũng | C29: Bảng A | D29: Vòng loại | E29: COS Pro Level 3 | F29: Thiết kế · viết hàm | G29: =INDEX(Tong_hop!$J$2:$J$120,MATCH($A29,Tong_hop!$B$2:$B$120,0)) -> 70 | H29: 500 | I29: =IF(H29=0,"",G29/H29) -> 0.14 | J29: Có
A30: phongphan012@ptit.edu.vn | B30: Phan Xuân Phong | C30: Bảng A | D30: Vòng loại | E30: COS Pro Level 3 | F30: Đọc hiểu code (điền chỗ trống) | G30: =INDEX(Tong_hop!$I$2:$I$120,MATCH($A30,Tong_hop!$B$2:$B$120,0)) -> 270 | H30: 500 | I30: =IF(H30=0,"",G30/H30) -> 0.54 | J30: Có
A31: phongphan012@ptit.edu.vn | B31: Phan Xuân Phong | C31: Bảng A | D31: Vòng loại | E31: COS Pro Level 3 | F31: Thiết kế · viết hàm | G31: =INDEX(Tong_hop!$J$2:$J$120,MATCH($A31,Tong_hop!$B$2:$B$120,0)) -> 220 | H31: 500 | I31: =IF(H31=0,"",G31/H31) -> 0.44 | J31: Có
A32: phongpham013@ptit.edu.vn | B32: Phạm Thu Phong | C32: Bảng A | D32: Vòng loại | E32: COS Pro Level 3 | F32: Đọc hiểu code (điền chỗ trống) | G32: =INDEX(Tong_hop!$I$2:$I$120,MATCH($A32,Tong_hop!$B$2:$B$120,0)) -> 220 | H32: 500 | I32: =IF(H32=0,"",G32/H32) -> 0.44 | J32: Có
A33: phongpham013@ptit.edu.vn | B33: Phạm Thu Phong | C33: Bảng A | D33: Vòng loại | E33: COS Pro Level 3 | F33: Thiết kế · viết hàm | G33: =INDEX(Tong_hop!$J$2:$J$120,MATCH($A33,Tong_hop!$B$2:$B$120,0)) -> 180 | H33: 500 | I33: =IF(H33=0,"",G33/H33) -> 0.36 | J33: Có
A34: vinhbui014@ptit.edu.vn | B34: Bùi Khánh Vinh | C34: Bảng A | D34: Vòng loại | E34: COS Pro Level 3 | F34: Đọc hiểu code (điền chỗ trống) | G34: =INDEX(Tong_hop!$I$2:$I$120,MATCH($A34,Tong_hop!$B$2:$B$120,0)) -> 250 | H34: 500 | I34: =IF(H34=0,"",G34/H34) -> 0.5 | J34: Có
A35: vinhbui014@ptit.edu.vn | B35: Bùi Khánh Vinh | C35: Bảng A | D35: Vòng loại | E35: COS Pro Level 3 | F35: Thiết kế · viết hàm | G35: =INDEX(Tong_hop!$J$2:$J$120,MATCH($A35,Tong_hop!$B$2:$B$120,0)) -> 280 | H35: 500 | I35: =IF(H35=0,"",G35/H35) -> 0.56 | J35: Có
A36: lanlam015@ptit.edu.vn | B36: Lâm Thị Lan | C36: Bảng A | D36: Vòng loại | E36: COS Pro Level 3 | F36: Đọc hiểu code (điền chỗ trống) | G36: =INDEX(Tong_hop!$I$2:$I$120,MATCH($A36,Tong_hop!$B$2:$B$120,0)) -> 430 | H36: 500 | I36: =IF(H36=0,"",G36/H36) -> 0.86 | J36: Có
A37: lanlam015@ptit.edu.vn | B37: Lâm Thị Lan | C37: Bảng A | D37: Vòng loại | E37: COS Pro Level 3 | F37: Thiết kế · viết hàm | G37: =INDEX(Tong_hop!$J$2:$J$120,MATCH($A37,Tong_hop!$B$2:$B$120,0)) -> 220 | H37: 500 | I37: =IF(H37=0,"",G37/H37) -> 0.44 | J37: Có
A38: lanlam015@ptit.edu.vn | B38: Lâm Thị Lan | C38: Bảng A | D38: Chung kết | E38: COS Pro Level 2 | F38: Debugging | G38: =INDEX(Tong_hop!$R$2:$R$120,MATCH($A38,Tong_hop!$B$2:$B$120,0)) -> 260 | H38: 280 | I38: =IF(H38=0,"",G38/H38) -> 0.92857143 | J38: Có
A39: lanlam015@ptit.edu.vn | B39: Lâm Thị Lan | C39: Bảng A | D39: Chung kết | E39: COS Pro Level 2 | F39: Design | G39: =INDEX(Tong_hop!$Q$2:$Q$120,MATCH($A39,Tong_hop!$B$2:$B$120,0)) -> 160 | H39: 280 | I39: =IF(H39=0,"",G39/H39) -> 0.57142857 | J39: Có
A40: lanlam015@ptit.edu.vn | B40: Lâm Thị Lan | C40: Bảng A | D40: Chung kết | E40: COS Pro Level 2 | F40: Đọc hiểu code | G40: =INDEX(Tong_hop!$P$2:$P$120,MATCH($A40,Tong_hop!$B$2:$B$120,0)) -> 350 | H40: 440 | I40: =IF(H40=0,"",G40/H40) -> 0.79545455 | J40: Có
A41: vyle016@ptit.edu.vn | B41: Lê Hải Vy | C41: Bảng A | D41: Vòng loại | E41: COS Pro Level 3 | F41: Đọc hiểu code (điền chỗ trống) | G41: =INDEX(Tong_hop!$I$2:$I$120,MATCH($A41,Tong_hop!$B$2:$B$120,0)) -> 290 | H41: 500 | I41: =IF(H41=0,"",G41/H41) -> 0.58 | J41: Có
A42: vyle016@ptit.edu.vn | B42: Lê Hải Vy | C42: Bảng A | D42: Vòng loại | E42: COS Pro Level 3 | F42: Thiết kế · viết hàm | G42: =INDEX(Tong_hop!$J$2:$J$120,MATCH($A42,Tong_hop!$B$2:$B$120,0)) -> 210 | H42: 500 | I42: =IF(H42=0,"",G42/H42) -> 0.42 | J42: Có
A43: giangdang017@ptit.edu.vn | B43: Đặng Xuân Giang | C43: Bảng A | D43: Vòng loại | E43: COS Pro Level 3 | F43: Đọc hiểu code (điền chỗ trống) | G43: =INDEX(Tong_hop!$I$2:$I$120,MATCH($A43,Tong_hop!$B$2:$B$120,0)) -> 240 | H43: 500 | I43: =IF(H43=0,"",G43/H43) -> 0.48 | J43: Có
A44: giangdang017@ptit.edu.vn | B44: Đặng Xuân Giang | C44: Bảng A | D44: Vòng loại | E44: COS Pro Level 3 | F44: Thiết kế · viết hàm | G44: =INDEX(Tong_hop!$J$2:$J$120,MATCH($A44,Tong_hop!$B$2:$B$120,0)) -> 250 | H44: 500 | I44: =IF(H44=0,"",G44/H44) -> 0.5 | J44: Có
A45: trangbui018@ptit.edu.vn | B45: Bùi Thị Trang | C45: Bảng A | D45: Vòng loại | E45: COS Pro Level 3 | F45: Đọc hiểu code (điền chỗ trống) | G45: =INDEX(Tong_hop!$I$2:$I$120,MATCH($A45,Tong_hop!$B$2:$B$120,0)) -> 310 | H45: 500 | I45: =IF(H45=0,"",G45/H45) -> 0.62 | J45: Có
A46: trangbui018@ptit.edu.vn | B46: Bùi Thị Trang | C46: Bảng A | D46: Vòng loại | E46: COS Pro Level 3 | F46: Thiết kế · viết hàm | G46: =INDEX(Tong_hop!$J$2:$J$120,MATCH($A46,Tong_hop!$B$2:$B$120,0)) -> 200 | H46: 500 | I46: =IF(H46=0,"",G46/H46) -> 0.4 | J46: Có
A47: trangta019@ptit.edu.vn | B47: Tạ Thị Trang | C47: Bảng A | D47: Vòng loại | E47: COS Pro Level 3 | F47: Đọc hiểu code (điền chỗ trống) | G47: =INDEX(Tong_hop!$I$2:$I$120,MATCH($A47,Tong_hop!$B$2:$B$120,0)) -> 220 | H47: 500 | I47: =IF(H47=0,"",G47/H47) -> 0.44 | J47: Có
A48: trangta019@ptit.edu.vn | B48: Tạ Thị Trang | C48: Bảng A | D48: Vòng loại | E48: COS Pro Level 3 | F48: Thiết kế · viết hàm | G48: =INDEX(Tong_hop!$J$2:$J$120,MATCH($A48,Tong_hop!$B$2:$B$120,0)) -> 130 | H48: 500 | I48: =IF(H48=0,"",G48/H48) -> 0.26 | J48: Có
A49: haimai020@ptit.edu.vn | B49: Mai Gia Hải | C49: Bảng A | D49: Vòng loại | E49: COS Pro Level 3 | F49: Đọc hiểu code (điền chỗ trống) | G49: =INDEX(Tong_hop!$I$2:$I$120,MATCH($A49,Tong_hop!$B$2:$B$120,0)) -> 180 | H49: 500 | I49: =IF(H49=0,"",G49/H49) -> 0.36 | J49: Có
A50: haimai020@ptit.edu.vn | B50: Mai Gia Hải | C50: Bảng A | D50: Vòng loại | E50: COS Pro Level 3 | F50: Thiết kế · viết hàm | G50: =INDEX(Tong_hop!$J$2:$J$120,MATCH($A50,Tong_hop!$B$2:$B$120,0)) -> 90 | H50: 500 | I50: =IF(H50=0,"",G50/H50) -> 0.18 | J50: Có
A51: binhhoang021@ptit.edu.vn | B51: Hoàng Hữu Bình | C51: Bảng A | D51: Vòng loại | E51: COS Pro Level 3 | F51: Đọc hiểu code (điền chỗ trống) | G51: =INDEX(Tong_hop!$I$2:$I$120,MATCH($A51,Tong_hop!$B$2:$B$120,0)) -> 280 | H51: 500 | I51: =IF(H51=0,"",G51/H51) -> 0.56 | J51: Có
A52: binhhoang021@ptit.edu.vn | B52: Hoàng Hữu Bình | C52: Bảng A | D52: Vòng loại | E52: COS Pro Level 3 | F52: Thiết kế · viết hàm | G52: =INDEX(Tong_hop!$J$2:$J$120,MATCH($A52,Tong_hop!$B$2:$B$120,0)) -> 310 | H52: 500 | I52: =IF(H52=0,"",G52/H52) -> 0.62 | J52: Có
A53: hieumai022@ptit.edu.vn | B53: Mai Hải Hiếu | C53: Bảng A | D53: Vòng loại | E53: COS Pro Level 3 | F53: Đọc hiểu code (điền chỗ trống) | G53: =INDEX(Tong_hop!$I$2:$I$120,MATCH($A53,Tong_hop!$B$2:$B$120,0)) -> 250 | H53: 500 | I53: =IF(H53=0,"",G53/H53) -> 0.5 | J53: Có
A54: hieumai022@ptit.edu.vn | B54: Mai Hải Hiếu | C54: Bảng A | D54: Vòng loại | E54: COS Pro Level 3 | F54: Thiết kế · viết hàm | G54: =INDEX(Tong_hop!$J$2:$J$120,MATCH($A54,Tong_hop!$B$2:$B$120,0)) -> 200 | H54: 500 | I54: =IF(H54=0,"",G54/H54) -> 0.4 | J54: Có
A55: nganphan023@ptit.edu.vn | B55: Phan Anh Ngân | C55: Bảng A | D55: Vòng loại | E55: COS Pro Level 3 | F55: Đọc hiểu code (điền chỗ trống) | G55: =INDEX(Tong_hop!$I$2:$I$120,MATCH($A55,Tong_hop!$B$2:$B$120,0)) -> 170 | H55: 500 | I55: =IF(H55=0,"",G55/H55) -> 0.34 | J55: Có
A56: nganphan023@ptit.edu.vn | B56: Phan Anh Ngân | C56: Bảng A | D56: Vòng loại | E56: COS Pro Level 3 | F56: Thiết kế · viết hàm | G56: =INDEX(Tong_hop!$J$2:$J$120,MATCH($A56,Tong_hop!$B$2:$B$120,0)) -> 130 | H56: 500 | I56: =IF(H56=0,"",G56/H56) -> 0.26 | J56: Có
A57: nhiduong024@ptit.edu.vn | B57: Dương Hữu Nhi | C57: Bảng A | D57: Vòng loại | E57: COS Pro Level 3 | F57: Đọc hiểu code (điền chỗ trống) | G57: =INDEX(Tong_hop!$I$2:$I$120,MATCH($A57,Tong_hop!$B$2:$B$120,0)) -> 150 | H57: 500 | I57: =IF(H57=0,"",G57/H57) -> 0.3 | J57: Có
A58: nhiduong024@ptit.edu.vn | B58: Dương Hữu Nhi | C58: Bảng A | D58: Vòng loại | E58: COS Pro Level 3 | F58: Thiết kế · viết hàm | G58: =INDEX(Tong_hop!$J$2:$J$120,MATCH($A58,Tong_hop!$B$2:$B$120,0)) -> 130 | H58: 500 | I58: =IF(H58=0,"",G58/H58) -> 0.26 | J58: Có
A59: duyvu025@ptit.edu.vn | B59: Vũ Anh Duy | C59: Bảng B | D59: Vòng loại | E59: COS Pro Level 2 | F59: Debugging | G59: =INDEX(Tong_hop!$K$2:$K$120,MATCH($A59,Tong_hop!$B$2:$B$120,0)) -> 210 | H59: 280 | I59: =IF(H59=0,"",G59/H59) -> 0.75 | J59: Có
A60: duyvu025@ptit.edu.vn | B60: Vũ Anh Duy | C60: Bảng B | D60: Vòng loại | E60: COS Pro Level 2 | F60: Design | G60: =INDEX(Tong_hop!$J$2:$J$120,MATCH($A60,Tong_hop!$B$2:$B$120,0)) -> 180 | H60: 280 | I60: =IF(H60=0,"",G60/H60) -> 0.64285714 | J60: Có
A61: duyvu025@ptit.edu.vn | B61: Vũ Anh Duy | C61: Bảng B | D61: Vòng loại | E61: COS Pro Level 2 | F61: Đọc hiểu code | G61: =INDEX(Tong_hop!$I$2:$I$120,MATCH($A61,Tong_hop!$B$2:$B$120,0)) -> 290 | H61: 440 | I61: =IF(H61=0,"",G61/H61) -> 0.65909091 | J61: Có
A62: namngo026@ptit.edu.vn | B62: Ngô Minh Nam | C62: Bảng B | D62: Vòng loại | E62: COS Pro Level 2 | F62: Debugging | G62: =INDEX(Tong_hop!$K$2:$K$120,MATCH($A62,Tong_hop!$B$2:$B$120,0)) -> 130 | H62: 280 | I62: =IF(H62=0,"",G62/H62) -> 0.46428571 | J62: Có
A63: namngo026@ptit.edu.vn | B63: Ngô Minh Nam | C63: Bảng B | D63: Vòng loại | E63: COS Pro Level 2 | F63: Design | G63: =INDEX(Tong_hop!$J$2:$J$120,MATCH($A63,Tong_hop!$B$2:$B$120,0)) -> 130 | H63: 280 | I63: =IF(H63=0,"",G63/H63) -> 0.46428571 | J63: Có
A64: namngo026@ptit.edu.vn | B64: Ngô Minh Nam | C64: Bảng B | D64: Vòng loại | E64: COS Pro Level 2 | F64: Đọc hiểu code | G64: =INDEX(Tong_hop!$I$2:$I$120,MATCH($A64,Tong_hop!$B$2:$B$120,0)) -> 270 | H64: 440 | I64: =IF(H64=0,"",G64/H64) -> 0.61363636 | J64: Có
A65: hungtrinh027@ptit.edu.vn | B65: Trịnh Ngọc Hùng | C65: Bảng B | D65: Vòng loại | E65: COS Pro Level 2 | F65: Debugging | G65: =INDEX(Tong_hop!$K$2:$K$120,MATCH($A65,Tong_hop!$B$2:$B$120,0)) -> 150 | H65: 280 | I65: =IF(H65=0,"",G65/H65) -> 0.53571429 | J65: Có
A66: hungtrinh027@ptit.edu.vn | B66: Trịnh Ngọc Hùng | C66: Bảng B | D66: Vòng loại | E66: COS Pro Level 2 | F66: Design | G66: =INDEX(Tong_hop!$J$2:$J$120,MATCH($A66,Tong_hop!$B$2:$B$120,0)) -> 140 | H66: 280 | I66: =IF(H66=0,"",G66/H66) -> 0.5 | J66: Có
A67: hungtrinh027@ptit.edu.vn | B67: Trịnh Ngọc Hùng | C67: Bảng B | D67: Vòng loại | E67: COS Pro Level 2 | F67: Đọc hiểu code | G67: =INDEX(Tong_hop!$I$2:$I$120,MATCH($A67,Tong_hop!$B$2:$B$120,0)) -> 260 | H67: 440 | I67: =IF(H67=0,"",G67/H67) -> 0.59090909 | J67: Có
A68: huyphan028@ptit.edu.vn | B68: Phan Thu Huy | C68: Bảng B | D68: Vòng loại | E68: COS Pro Level 2 | F68: Debugging | G68: =INDEX(Tong_hop!$K$2:$K$120,MATCH($A68,Tong_hop!$B$2:$B$120,0)) -> 150 | H68: 280 | I68: =IF(H68=0,"",G68/H68) -> 0.53571429 | J68: Có
A69: huyphan028@ptit.edu.vn | B69: Phan Thu Huy | C69: Bảng B | D69: Vòng loại | E69: COS Pro Level 2 | F69: Design | G69: =INDEX(Tong_hop!$J$2:$J$120,MATCH($A69,Tong_hop!$B$2:$B$120,0)) -> 160 | H69: 280 | I69: =IF(H69=0,"",G69/H69) -> 0.57142857 | J69: Có
A70: huyphan028@ptit.edu.vn | B70: Phan Thu Huy | C70: Bảng B | D70: Vòng loại | E70: COS Pro Level 2 | F70: Đọc hiểu code | G70: =INDEX(Tong_hop!$I$2:$I$120,MATCH($A70,Tong_hop!$B$2:$B$120,0)) -> 240 | H70: 440 | I70: =IF(H70=0,"",G70/H70) -> 0.54545455 | J70: Có
A71: toanngo029@ptit.edu.vn | B71: Ngô Ngọc Toàn | C71: Bảng B | D71: Vòng loại | E71: COS Pro Level 2 | F71: Debugging | G71: =INDEX(Tong_hop!$K$2:$K$120,MATCH($A71,Tong_hop!$B$2:$B$120,0)) -> 190 | H71: 280 | I71: =IF(H71=0,"",G71/H71) -> 0.67857143 | J71: Có
A72: toanngo029@ptit.edu.vn | B72: Ngô Ngọc Toàn | C72: Bảng B | D72: Vòng loại | E72: COS Pro Level 2 | F72: Design | G72: =INDEX(Tong_hop!$J$2:$J$120,MATCH($A72,Tong_hop!$B$2:$B$120,0)) -> 220 | H72: 280 | I72: =IF(H72=0,"",G72/H72) -> 0.78571429 | J72: Có
A73: toanngo029@ptit.edu.vn | B73: Ngô Ngọc Toàn | C73: Bảng B | D73: Vòng loại | E73: COS Pro Level 2 | F73: Đọc hiểu code | G73: =INDEX(Tong_hop!$I$2:$I$120,MATCH($A73,Tong_hop!$B$2:$B$120,0)) -> 290 | H73: 440 | I73: =IF(H73=0,"",G73/H73) -> 0.65909091 | J73: Có
A74: thanhnguyen030@ptit.edu.vn | B74: Nguyễn Đức Thành | C74: Bảng B | D74: Vòng loại | E74: COS Pro Level 2 | F74: Debugging | G74: =INDEX(Tong_hop!$K$2:$K$120,MATCH($A74,Tong_hop!$B$2:$B$120,0)) -> 230 | H74: 280 | I74: =IF(H74=0,"",G74/H74) -> 0.82142857 | J74: Có
A75: thanhnguyen030@ptit.edu.vn | B75: Nguyễn Đức Thành | C75: Bảng B | D75: Vòng loại | E75: COS Pro Level 2 | F75: Design | G75: =INDEX(Tong_hop!$J$2:$J$120,MATCH($A75,Tong_hop!$B$2:$B$120,0)) -> 200 | H75: 280 | I75: =IF(H75=0,"",G75/H75) -> 0.71428571 | J75: Có
A76: thanhnguyen030@ptit.edu.vn | B76: Nguyễn Đức Thành | C76: Bảng B | D76: Vòng loại | E76: COS Pro Level 2 | F76: Đọc hiểu code | G76: =INDEX(Tong_hop!$I$2:$I$120,MATCH($A76,Tong_hop!$B$2:$B$120,0)) -> 420 | H76: 440 | I76: =IF(H76=0,"",G76/H76) -> 0.95454545 | J76: Có
A77: thanhnguyen030@ptit.edu.vn | B77: Nguyễn Đức Thành | C77: Bảng B | D77: Chung kết | E77: COS Pro Level 1 | F77: Debugging | G77: =INDEX(Tong_hop!$R$2:$R$120,MATCH($A77,Tong_hop!$B$2:$B$120,0)) -> 230 | H77: 240 | I77: =IF(H77=0,"",G77/H77) -> 0.95833333 | J77: Có
A78: thanhnguyen030@ptit.edu.vn | B78: Nguyễn Đức Thành | C78: Bảng B | D78: Chung kết | E78: COS Pro Level 1 | F78: Design | G78: =INDEX(Tong_hop!$Q$2:$Q$120,MATCH($A78,Tong_hop!$B$2:$B$120,0)) -> 390 | H78: 420 | I78: =IF(H78=0,"",G78/H78) -> 0.92857143 | J78: Có
A79: thanhnguyen030@ptit.edu.vn | B79: Nguyễn Đức Thành | C79: Bảng B | D79: Chung kết | E79: COS Pro Level 1 | F79: Đọc hiểu code | G79: =INDEX(Tong_hop!$P$2:$P$120,MATCH($A79,Tong_hop!$B$2:$B$120,0)) -> 340 | H79: 340 | I79: =IF(H79=0,"",G79/H79) -> 1 | J79: Có
A80: phucdinh031@ptit.edu.vn | B80: Đinh Minh Phúc | C80: Bảng B | D80: Vòng loại | E80: COS Pro Level 2 | F80: Debugging | G80: =INDEX(Tong_hop!$K$2:$K$120,MATCH($A80,Tong_hop!$B$2:$B$120,0)) -> 180 | H80: 280 | I80: =IF(H80=0,"",G80/H80) -> 0.64285714 | J80: Có
A81: phucdinh031@ptit.edu.vn | B81: Đinh Minh Phúc | C81: Bảng B | D81: Vòng loại | E81: COS Pro Level 2 | F81: Design | G81: =INDEX(Tong_hop!$J$2:$J$120,MATCH($A81,Tong_hop!$B$2:$B$120,0)) -> 190 | H81: 280 | I81: =IF(H81=0,"",G81/H81) -> 0.67857143 | J81: Có
A82: phucdinh031@ptit.edu.vn | B82: Đinh Minh Phúc | C82: Bảng B | D82: Vòng loại | E82: COS Pro Level 2 | F82: Đọc hiểu code | G82: =INDEX(Tong_hop!$I$2:$I$120,MATCH($A82,Tong_hop!$B$2:$B$120,0)) -> 400 | H82: 440 | I82: =IF(H82=0,"",G82/H82) -> 0.90909091 | J82: Có
A83: phucdinh031@ptit.edu.vn | B83: Đinh Minh Phúc | C83: Bảng B | D83: Chung kết | E83: COS Pro Level 1 | F83: Debugging | G83: =INDEX(Tong_hop!$R$2:$R$120,MATCH($A83,Tong_hop!$B$2:$B$120,0)) -> 210 | H83: 240 | I83: =IF(H83=0,"",G83/H83) -> 0.875 | J83: Có
A84: phucdinh031@ptit.edu.vn | B84: Đinh Minh Phúc | C84: Bảng B | D84: Chung kết | E84: COS Pro Level 1 | F84: Design | G84: =INDEX(Tong_hop!$Q$2:$Q$120,MATCH($A84,Tong_hop!$B$2:$B$120,0)) -> 310 | H84: 420 | I84: =IF(H84=0,"",G84/H84) -> 0.73809524 | J84: Có
A85: phucdinh031@ptit.edu.vn | B85: Đinh Minh Phúc | C85: Bảng B | D85: Chung kết | E85: COS Pro Level 1 | F85: Đọc hiểu code | G85: =INDEX(Tong_hop!$P$2:$P$120,MATCH($A85,Tong_hop!$B$2:$B$120,0)) -> 340 | H85: 340 | I85: =IF(H85=0,"",G85/H85) -> 1 | J85: Có
A86: toanpham032@ptit.edu.vn | B86: Phạm Anh Toàn | C86: Bảng B | D86: Vòng loại | E86: COS Pro Level 2 | F86: Debugging | G86: =INDEX(Tong_hop!$K$2:$K$120,MATCH($A86,Tong_hop!$B$2:$B$120,0)) -> 170 | H86: 280 | I86: =IF(H86=0,"",G86/H86) -> 0.60714286 | J86: Có
A87: toanpham032@ptit.edu.vn | B87: Phạm Anh Toàn | C87: Bảng B | D87: Vòng loại | E87: COS Pro Level 2 | F87: Design | G87: =INDEX(Tong_hop!$J$2:$J$120,MATCH($A87,Tong_hop!$B$2:$B$120,0)) -> 120 | H87: 280 | I87: =IF(H87=0,"",G87/H87) -> 0.42857143 | J87: Có
A88: toanpham032@ptit.edu.vn | B88: Phạm Anh Toàn | C88: Bảng B | D88: Vòng loại | E88: COS Pro Level 2 | F88: Đọc hiểu code | G88: =INDEX(Tong_hop!$I$2:$I$120,MATCH($A88,Tong_hop!$B$2:$B$120,0)) -> 240 | H88: 440 | I88: =IF(H88=0,"",G88/H88) -> 0.54545455 | J88: Có
A89: lamta033@ptit.edu.vn | B89: Tạ Anh Lâm | C89: Bảng B | D89: Vòng loại | E89: COS Pro Level 2 | F89: Debugging | G89: =INDEX(Tong_hop!$K$2:$K$120,MATCH($A89,Tong_hop!$B$2:$B$120,0)) -> 110 | H89: 280 | I89: =IF(H89=0,"",G89/H89) -> 0.39285714 | J89: Có
A90: lamta033@ptit.edu.vn | B90: Tạ Anh Lâm | C90: Bảng B | D90: Vòng loại | E90: COS Pro Level 2 | F90: Design | G90: =INDEX(Tong_hop!$J$2:$J$120,MATCH($A90,Tong_hop!$B$2:$B$120,0)) -> 140 | H90: 280 | I90: =IF(H90=0,"",G90/H90) -> 0.5 | J90: Có
A91: lamta033@ptit.edu.vn | B91: Tạ Anh Lâm | C91: Bảng B | D91: Vòng loại | E91: COS Pro Level 2 | F91: Đọc hiểu code | G91: =INDEX(Tong_hop!$I$2:$I$120,MATCH($A91,Tong_hop!$B$2:$B$120,0)) -> 230 | H91: 440 | I91: =IF(H91=0,"",G91/H91) -> 0.52272727 | J91: Có
A92: lanhoang034@ptit.edu.vn | B92: Hoàng Nhật Lan | C92: Bảng B | D92: Vòng loại | E92: COS Pro Level 2 | F92: Debugging | G92: =INDEX(Tong_hop!$K$2:$K$120,MATCH($A92,Tong_hop!$B$2:$B$120,0)) -> 120 | H92: 280 | I92: =IF(H92=0,"",G92/H92) -> 0.42857143 | J92: Có
A93: lanhoang034@ptit.edu.vn | B93: Hoàng Nhật Lan | C93: Bảng B | D93: Vòng loại | E93: COS Pro Level 2 | F93: Design | G93: =INDEX(Tong_hop!$J$2:$J$120,MATCH($A93,Tong_hop!$B$2:$B$120,0)) -> 150 | H93: 280 | I93: =IF(H93=0,"",G93/H93) -> 0.53571429 | J93: Có
A94: lanhoang034@ptit.edu.vn | B94: Hoàng Nhật Lan | C94: Bảng B | D94: Vòng loại | E94: COS Pro Level 2 | F94: Đọc hiểu code | G94: =INDEX(Tong_hop!$I$2:$I$120,MATCH($A94,Tong_hop!$B$2:$B$120,0)) -> 280 | H94: 440 | I94: =IF(H94=0,"",G94/H94) -> 0.63636364 | J94: Có
A95: dunghoang035@ptit.edu.vn | B95: Hoàng Anh Dũng | C95: Bảng B | D95: Vòng loại | E95: COS Pro Level 2 | F95: Debugging | G95: =INDEX(Tong_hop!$K$2:$K$120,MATCH($A95,Tong_hop!$B$2:$B$120,0)) -> 150 | H95: 280 | I95: =IF(H95=0,"",G95/H95) -> 0.53571429 | J95: Có
A96: dunghoang035@ptit.edu.vn | B96: Hoàng Anh Dũng | C96: Bảng B | D96: Vòng loại | E96: COS Pro Level 2 | F96: Design | G96: =INDEX(Tong_hop!$J$2:$J$120,MATCH($A96,Tong_hop!$B$2:$B$120,0)) -> 160 | H96: 280 | I96: =IF(H96=0,"",G96/H96) -> 0.57142857 | J96: Có
A97: dunghoang035@ptit.edu.vn | B97: Hoàng Anh Dũng | C97: Bảng B | D97: Vòng loại | E97: COS Pro Level 2 | F97: Đọc hiểu code | G97: =INDEX(Tong_hop!$I$2:$I$120,MATCH($A97,Tong_hop!$B$2:$B$120,0)) -> 290 | H97: 440 | I97: =IF(H97=0,"",G97/H97) -> 0.65909091 | J97: Có
A98: tuele036@ptit.edu.vn | B98: Lê Phương Tuệ | C98: Bảng B | D98: Vòng loại | E98: COS Pro Level 2 | F98: Debugging | G98: =INDEX(Tong_hop!$K$2:$K$120,MATCH($A98,Tong_hop!$B$2:$B$120,0)) -> 210 | H98: 280 | I98: =IF(H98=0,"",G98/H98) -> 0.75 | J98: Có
A99: tuele036@ptit.edu.vn | B99: Lê Phương Tuệ | C99: Bảng B | D99: Vòng loại | E99: COS Pro Level 2 | F99: Design | G99: =INDEX(Tong_hop!$J$2:$J$120,MATCH($A99,Tong_hop!$B$2:$B$120,0)) -> 190 | H99: 280 | I99: =IF(H99=0,"",G99/H99) -> 0.67857143 | J99: Có
A100: tuele036@ptit.edu.vn | B100: Lê Phương Tuệ | C100: Bảng B | D100: Vòng loại | E100: COS Pro Level 2 | F100: Đọc hiểu code | G100: =INDEX(Tong_hop!$I$2:$I$120,MATCH($A100,Tong_hop!$B$2:$B$120,0)) -> 370 | H100: 440 | I100: =IF(H100=0,"",G100/H100) -> 0.84090909 | J100: Có
...

Sheet Cau_truc_de
A1: CẤU TRÚC ĐỀ THI (theo thể lệ Python Master)
A2: Nguồn: https://pythonmaster.vn/#exam_structure (mục 'Cấu trúc thi'), đọc ngày 20/09/2026. Mỗi vòng 10 câu, thang 1.000 điểm.
A4: Bảng | B4: Vòng | C4: Cấp COS Pro | D4: Phần thi | E4: Câu | F4: Điểm tối đa
A5: Bảng A | B5: Vòng loại | C5: COS Pro Level 3 | D5: Đọc hiểu code (điền chỗ trống) | E5: Q1–Q5 | F5: 500
A6: Bảng A | B6: Vòng loại | C6: COS Pro Level 3 | D6: Thiết kế · viết hàm | E6: Q6–Q10 | F6: 500
A7: Bảng A | B7: Chung kết | C7: COS Pro Level 2 | D7: Debugging | F7: 280
A8: Bảng A | B8: Chung kết | C8: COS Pro Level 2 | D8: Design | F8: 280
A9: Bảng A | B9: Chung kết | C9: COS Pro Level 2 | D9: Đọc hiểu code | F9: 440
A10: Bảng B | B10: Vòng loại | C10: COS Pro Level 2 | D10: Debugging | F10: 280
A11: Bảng B | B11: Vòng loại | C11: COS Pro Level 2 | D11: Design | F11: 280
A12: Bảng B | B12: Vòng loại | C12: COS Pro Level 2 | D12: Đọc hiểu code | F12: 440
A13: Bảng B | B13: Chung kết | C13: COS Pro Level 1 | D13: Debugging | F13: 240
A14: Bảng B | B14: Chung kết | C14: COS Pro Level 1 | D14: Design | F14: 420
A15: Bảng B | B15: Chung kết | C15: COS Pro Level 1 | D15: Đọc hiểu code | F15: 340
A17: Kiểm tra tổng điểm từng vòng
A18: Bảng A | B18: Vòng loại | F18: =SUMIFS($F$5:$F$15,$A$5:$A$15,A18,$B$5:$B$15,B18) -> 1000
A19: Bảng A | B19: Chung kết | F19: =SUMIFS($F$5:$F$15,$A$5:$A$15,A19,$B$5:$B$15,B19) -> 1000
A20: Bảng B | B20: Vòng loại | F20: =SUMIFS($F$5:$F$15,$A$5:$A$15,A20,$B$5:$B$15,B20) -> 1000
A21: Bảng B | B21: Chung kết | F21: =SUMIFS($F$5:$F$15,$A$5:$A$15,A21,$B$5:$B$15,B21) -> 1000

Sheet Tham_so
A1: THAM SỐ (sửa ô xanh dương, các ô còn lại tự tính)
A3: Ngưỡng nhận chứng chỉ COS Pro (/1000, ở bất kỳ vòng nào) | B3: 600 | C3: Nguồn: pythonmaster.vn/#exam_structure — 'đạt ≥600/1000 điểm ở bất kỳ vòng nào'
A4: Tỷ lệ Top vào chung kết (tính riêng từng bảng) | B4: 0.1 | C4: Nguồn: pythonmaster.vn — 'Top 10% vượt qua vòng loại sẽ tham gia vòng chung kết' (làm tròn LÊN)
A5: Số người vào chung kết — Bảng A | B5: =ROUNDUP(ROUND(COUNTIF(Tong_hop!$D$2:$D$120,"Bảng A")*$B$4,6),0) -> 3 | C5: Số thí sinh của bảng × tỷ lệ Top, làm tròn lên
A6: Số người vào chung kết — Bảng B | B6: =ROUNDUP(ROUND(COUNTIF(Tong_hop!$D$2:$D$120,"Bảng B")*$B$4,6),0) -> 10 | C6: Số thí sinh của bảng × tỷ lệ Top, làm tròn lên
A8: XẾP LOẠI THEO TỔNG ĐIỂM (/1000) — ngưỡng 800 và 400 là giả định, sửa được
A9: Giỏi khi tổng điểm ≥ | B9: 800
A10: Khá khi tổng điểm ≥ (mặc định bằng ngưỡng chứng chỉ) | B10: =$B$3 -> 600
A11: Trung bình khi tổng điểm ≥ | B11: 400
A12: Yếu: tổng điểm dưới ngưỡng Trung bình

Sheet Ghi_chu
A1: GHI CHÚ — ĐỌC TRƯỚC KHI DÙNG
A3: DỮ LIỆU GIẢ LẬP | B3: Toàn bộ điểm trong file là số ngẫu nhiên do mô hình sinh ra, KHÔNG phải kết quả thật của thí sinh. Không dùng để công bố, xếp hạng hay đánh giá từng cá nhân.
A4: Nguồn cấu trúc | B4: Cấu trúc đề, thang 1.000 điểm, tỷ lệ Top 10% vào chung kết và ngưỡng 600 điểm lấy từ pythonmaster.vn/#exam_structure (xem sheet Cau_truc_de). Cuộc thi thật: Vòng loại từ 20/09/2026, Chung kết 10/10/2026 nên chưa có điểm thật.
A5: Danh sách thí sinh | B5: 119 người (Bảng A: 24, Bảng B: 95) lấy từ Master_Contacts (PT-001 → PT-119). Chỉ 66/119 người đã thanh toán; cột 'Đã thanh toán' cho phép lọc riêng nhóm này.
A6: Cách sinh điểm | B6: Mỗi thí sinh có 1 'năng lực ẩn' (phân phối chuẩn, seed = 2028). Điểm từng phần = năng lực × (điểm tối đa phần / 1000) + nhiễu N(0, 8% max), làm tròn bước 10 điểm, không vượt điểm tối đa của phần. Phần Design khó nhất (nhân 0.85), Đọc hiểu code dễ nhất (nhân 1.10). Năng lực ở Chung kết tương quan 0,75 với Vòng loại; đề Chung kết khó hơn (Bảng A lên COS Pro Level 2, Bảng B lên Level 1).
A7: Quy tắc vào chung kết | B7: Top 10% mỗi bảng theo tổng điểm Vòng loại, làm tròn lên (Bảng A: 3 người, Bảng B: 10 người). Chỉ những người này có điểm Chung kết. Tổng, hạng, cột 'Vượt vòng loại' và 'Chứng chỉ' là công thức, tự cập nhật khi đổi tham số (sheet Tham_so) hoặc điểm.
A8: Đồng hạng | B8: Hạng tính kiểu thi đấu (đồng điểm cùng hạng). File đã chọn sao cho không có đồng điểm ở ranh giới vào chung kết.
A9: Thay bằng điểm thật | B9: Ghi đè các ô chữ xanh dương ở cột I–K (Vòng loại) và P–R (Chung kết) trong sheet Tong_hop. Sheet Chi_tiet_diem tự lấy điểm theo email nên vẫn đúng khi bạn sắp xếp lại Tong_hop.
A10: Thời gian làm bài | B10: Trang web ghi không thống nhất (50 phút ở bảng cấu trúc, 60/90 phút ở phần giới thiệu) nên file không có cột thời gian.
A11: Xếp loại | B11: Giỏi ≥ 800, Khá ≥ 600, Trung bình ≥ 400, Yếu < 400, tính theo tổng điểm /1000. Ngưỡng 800 và 400 là giả định của mình vì thể lệ không quy định xếp loại; sửa ở sheet Tham_so. Chung kết dùng chung ngưỡng dù đề khó hơn.
A12: Quy ước màu | B12: Chữ xanh dương = số nhập tay · chữ đen = công thức · chữ xanh lá = lấy từ sheet khác · ô nền đỏ nhạt = dữ liệu giả lập · ô nền xanh nhạt = 'Có'.
