Workbook

Sheet Dashboard
A1: DASHBOARD — Case study: Làm sạch dữ liệu & nạp CRM (sinh viên PTIT)
A2: • Dữ liệu: 3 nguồn thô ở Booklet 1 (website, Talkshow Google Form, FB Lead Form), toàn bộ là sinh viên PTIT.
A3: • Thông tin cá nhân (tên, email, SĐT, CCCD) đã được thay bằng dữ liệu giả lập để bảo mật.
A4: • Quy trình 5 bước: chuẩn hoá → gộp trùng → hồ sơ vàng (Contact ID) → phân segment → xuất danh sách.
A5: • Mọi con số dưới đây là công thức tham chiếu Master_Contacts, sửa Master là dashboard tự cập nhật.
B7: 1. Dữ liệu thô → dữ liệu sạch
B8: Chỉ số | C8: Giá trị
B9: Số dòng thô trong Booklet 1 (3 sheet) | C9: =191 -> 191
B10: – sheet Data (website) | C10: =132 -> 132
B11: – Talkshow Google Form + FB Lead Form | C11: =59 -> 59
B12: Số liên hệ duy nhất sau khi gộp | C12: =COUNTA(Master_Contacts!$A$10:$A$154) -> 145
B13: Số bản ghi bị gộp (xem Duplicate_Log) | C13: =191-C12 -> 46
B14: Tỉ lệ trùng lặp trong dữ liệu thô | C14: =C13/C9 -> 0.2408377
B16: 2. Phễu kinh doanh
B17: Chỉ số | C17: Giá trị
B18: Liên hệ duy nhất | C18: =COUNTA(Master_Contacts!$A$10:$A$154) -> 145
B19: Đã đăng ký trên website | C19: =COUNTIF(Master_Contacts!$H$10:$H$154,"Có") -> 119
B20: Đã thanh toán (thí sinh chính thức) | C20: =COUNTIF(Master_Contacts!$I$10:$I$154,"Đã thanh toán")+COUNTIF(Master_Contacts!$I$10:$I$154,"Miễn phí (free)") -> 66
B21: Đăng ký nhưng chưa thanh toán | C21: =COUNTIF(Master_Contacts!$I$10:$I$154,"Chưa thanh toán") -> 53
B22: Lead chưa đăng ký (Talkshow/FB) | C22: =COUNTIF(Master_Contacts!$H$10:$H$154,"Không") -> 26
B23: Tỉ lệ thanh toán / đăng ký web | C23: =C20/C19 -> 0.55462185
B24: Doanh thu ghi nhận (VND) | C24: =SUMIF(Master_Contacts!$I$10:$I$154,"Đã thanh toán",Master_Contacts!$J$10:$J$154) -> 18100000
B25: Doanh thu tiềm năng nếu chốt hết nhóm chưa thanh toán (VND) | C25: =SUMIF(Master_Contacts!$I$10:$I$154,"Chưa thanh toán",Master_Contacts!$J$10:$J$154) -> 27250000
B27: 3. Segment cho CRM / email marketing
B28: Segment | C28: Liên hệ | D28: % tổng | E28: Gửi được
B29: S1 · Thí sinh đã thanh toán | C29: =COUNTIF(Master_Contacts!$V$10:$V$154,"S1") -> 66 | D29: =C29/$C$18 -> 0.45517241 | E29: =COUNTIFS(Master_Contacts!$V$10:$V$154,"S1",Master_Contacts!$C$10:$C$154,"<>") -> 66
B30: S2 · Đăng ký web + Talkshow/FB, chưa thanh toán | C30: =COUNTIF(Master_Contacts!$V$10:$V$154,"S2") -> 11 | D30: =C30/$C$18 -> 0.075862069 | E30: =COUNTIFS(Master_Contacts!$V$10:$V$154,"S2",Master_Contacts!$C$10:$C$154,"<>") -> 11
B31: S3 · Đăng ký web, chưa thanh toán | C31: =COUNTIF(Master_Contacts!$V$10:$V$154,"S3") -> 42 | D31: =C31/$C$18 -> 0.28965517 | E31: =COUNTIFS(Master_Contacts!$V$10:$V$154,"S3",Master_Contacts!$C$10:$C$154,"<>") -> 42
B32: S4 · Lead Talkshow chưa đăng ký | C32: =COUNTIF(Master_Contacts!$V$10:$V$154,"S4") -> 10 | D32: =C32/$C$18 -> 0.068965517 | E32: =COUNTIFS(Master_Contacts!$V$10:$V$154,"S4",Master_Contacts!$C$10:$C$154,"<>") -> 9
B33: S5 · Lead FB Form chưa đăng ký | C33: =COUNTIF(Master_Contacts!$V$10:$V$154,"S5") -> 16 | D33: =C33/$C$18 -> 0.11034483 | E33: =COUNTIFS(Master_Contacts!$V$10:$V$154,"S5",Master_Contacts!$C$10:$C$154,"<>") -> 16
B35: 4. Chất lượng dữ liệu đầu vào
B36: Vấn đề | C36: Số lần
B37: Email được sửa tên miền / bỏ khoảng trắng | C37: =COUNTIF(Data_Quality!$A:$A,"Chuẩn hoá email") -> 5
B38: Email không hợp lệ hoặc bỏ trống | C38: =COUNTIF(Data_Quality!$A:$A,"Email không hợp lệ") -> 1
B39: SĐT phải chuẩn hoá về 10 số | C39: =COUNTIF(Data_Quality!$A:$A,"Chuẩn hoá số điện thoại") -> 32
B40: Tỉnh/thành viết khác nhau | C40: =COUNTIF(Data_Quality!$A:$A,"Chuẩn hoá tỉnh/thành") -> 30
B41: Tên trường nhập tự do cần quy về "School A" | C41: =COUNTIF(Data_Quality!$A:$A,"Chuẩn hoá tên trường") -> 132
B42: Liên hệ có cờ cần kiểm tra thủ công | C42: =COUNTIF(Master_Contacts!$Z$10:$Z$154,"<>") -> 16
B44: 5. Danh sách thi Bảng B (sản phẩm cuối)
B45: Điểm thi | C45: Thí sinh
B46: Bảng B – Hà Nội | C46: =COUNTA('Bảng B – Hà Nội'!$B$9:$B$1000) -> 15
B47: Bảng B – TP.HCM | C47: =COUNTA('Bảng B – TP.HCM'!$B$9:$B$1000) -> 50
B48: Thí sinh Bảng A đã thanh toán (không nằm ở 2 sheet trên) | C48: =COUNTIFS(Master_Contacts!$E$10:$E$154,"Bảng A",Master_Contacts!$I$10:$I$154,"Đã thanh toán") -> 1

Sheet Master_Contacts
A1: MASTER_CONTACTS — Hồ sơ vàng (golden record): 1 dòng = 1 người
A2: • Bảng đích để nạp vào CRM: từ 191 dòng thô của 3 nguồn còn 145 liên hệ duy nhất.
A3: • Quy tắc gộp: trùng email là cùng 1 người; trùng SĐT chỉ gộp khi tên khớp, tránh gộp nhầm anh em ruột.
A4: • Chọn giá trị chuẩn: ưu tiên dòng đã thanh toán, rồi dòng đăng ký web mới nhất, cuối cùng là form ngoài.
A5: • Contact ID (PT-001...) là khoá chính; không dùng tên hay email làm khoá.
A6: • Cột Nguồn dữ liệu và Số bản ghi gộp giữ lịch sử đa kênh của từng người (attribution).
A7: • Trước khi gửi email: lọc bỏ dòng có cờ cần kiểm tra và dòng thiếu email hợp lệ.
A9: Contact ID | B9: Họ tên | C9: Email | D9: SĐT | E9: Bảng | F9: Khu vực | G9: Trường (chuẩn hoá) | H9: Đăng ký web | I9: Trạng thái thanh toán | J9: Lệ phí (VND) | K9: Có tương tác Talkshow/FB | L9: Talkshow Google Form | M9: FB Lead Form | N9: Muốn nhận lịch Talkshow | O9: Câu hỏi / Quan tâm | P9: Tự khai đã đăng ký? | Q9: Số bản ghi gộp | R9: Số dòng trong Data | S9: Nguồn dữ liệu | T9: Tiếp xúc đầu tiên | U9: Ngày đăng ký web | V9: Segment | W9: Tên segment | X9: Sub-segment | Y9: Drip campaign | Z9: Cờ cần kiểm tra | AA9: PIC | AB9: Ghi chú (gộp)
A10: PT-001 | B10: Dương Hoài Nam | C10: duonghoainam380@gmail.com | D10: 0833008389 | E10: Bảng B | F10: Hà Nội | G10: School A | H10: Có | I10: Đã thanh toán | J10: 500000 | K10: Có | M10: Có | N10: Có | Q10: 3 | R10: 2 | S10: Website (Data), FB Lead Form v2 | T10: 46224.758 | U10: 46224.758 | V10: S1 | W10: Thí sinh đã thanh toán | X10: Có tương tác Talkshow/FB | Y10: D1 · Chuẩn bị thi | Z10: Tên viết khác nhau giữa các nguồn | AA10: Nhung | AB10: knm 27/7 knm 29/7: hôm đó kick off mn bảo vào đăng ký thử nên em đk thử thôi ạ 31/7: trùng thông tin đã completed bên dưới || 31/7 add zl htro thêm || đã call, đang cân nhắc
A11: PT-002 | B11: Mai Minh Sơn | C11: maiminhson2005@gmail.com | D11: 0884396213 | E11: Bảng B | F11: Hà Nội | G11: School A | H11: Có | I11: Đã thanh toán | J11: 500000 | K11: Không | Q11: 1 | R11: 1 | S11: Website (Data) | T11: 46225.376 | U11: 46225.376 | V11: S1 | W11: Thí sinh đã thanh toán | X11: Đăng ký trực tiếp qua website | Y11: D1 · Chuẩn bị thi | AA11: Nhung | AB11: done => chặn
A12: PT-003 | B12: Phạm Hoài Giang | C12: pha79dcat944@stu.ptit.edu.vn | D12: 0886855032 | E12: Bảng B | F12: Hà Nội | G12: School A | H12: Có | I12: Đã thanh toán | J12: 500000 | K12: Không | Q12: 1 | R12: 1 | S12: Website (Data) | T12: 46233.521 | U12: 46233.521 | V12: S1 | W12: Thí sinh đã thanh toán | X12: Đăng ký trực tiếp qua website | Y12: D1 · Chuẩn bị thi | AA12: Thắng | AB12: 30/7 đã nhận mail
A13: PT-004 | B13: Hồ Hữu Vy | C13: hoh43dcpt729@stu.ptit.edu.vn | D13: 0762989538 | E13: Bảng B | F13: Hà Nội | G13: School A | H13: Có | I13: Đã thanh toán | J13: 500000 | K13: Không | Q13: 2 | R13: 2 | S13: Website (Data) | T13: 46234.419 | U13: 46234.419 | V13: S1 | W13: Thí sinh đã thanh toán | X13: Đăng ký trực tiếp qua website | Y13: D1 · Chuẩn bị thi | AA13: Nhung | AB13: TRÙNG DATA DƯỚI, ĐÃ COMPLETED 31/7: tắt máy đã ping zzl
A14: PT-005 | B14: Võ Phương Phúc | C14: vophuongphuc@gmail.com | D14: 0826162603 | E14: Bảng B | F14: Hà Nội | G14: School A | H14: Có | I14: Đã thanh toán | J14: 500000 | K14: Có | L14: Có | N14: Có | O14: Đề thi có khó không ạ? | P14: Chưa đăng ký vì còn thắc mắc | Q14: 4 | R14: 1 | S14: Website (Data), Talkshow Google Form | T14: 46236.908 | U14: 46236.908 | V14: S1 | W14: Thí sinh đã thanh toán | X14: Có tương tác Talkshow/FB | Y14: D1 · Chuẩn bị thi | AA14: Thắng | AB14: 3/8 gọi 2 cuộc ko đc, nhắn zl || sẽ tham gia (25/08) sẽ tham gia (27/08) || trùng
A15: PT-006 | B15: Phạm Khánh Hoa | C15: phamkhanhhoa@gmail.com | D15: 0818360186 | E15: Bảng B | F15: Hà Nội | G15: School A | H15: Có | I15: Đã thanh toán | J15: 500000 | K15: Không | Q15: 1 | R15: 1 | S15: Website (Data) | T15: 46239.617 | U15: 46239.617 | V15: S1 | W15: Thí sinh đã thanh toán | X15: Đăng ký trực tiếp qua website | Y15: D1 · Chuẩn bị thi | AA15: Thắng | AB15: 5/8 knm nhắn zl 6/8 gọi knm đã đăng kí
A16: PT-007 | B16: Lâm Hoài Yến | C16: lamhoaiyen@gmail.com | D16: 0828797715 | E16: Bảng B | F16: Hà Nội | G16: School A | H16: Có | I16: Miễn phí (free) | J16: 500000 | K16: Không | Q16: 1 | R16: 1 | S16: Website (Data) | T16: 46241.849 | U16: 46241.849 | V16: S1 | W16: Thí sinh đã thanh toán | X16: Suất miễn phí | Y16: D1 · Chuẩn bị thi | AA16: Nhung | AB16: 9/8: em đang xem lại lịch thi, đang sx c ạ
A17: PT-008 | B17: Trịnh Thị Giang | C17: trinhthigiang@gmail.com | D17: 0760979192 | E17: Bảng B | F17: Hải Phòng | G17: School A | H17: Có | I17: Đã thanh toán | J17: 500000 | K17: Không | Q17: 1 | R17: 1 | S17: Website (Data) | T17: 46243.918 | U17: 46243.918 | V17: S1 | W17: Thí sinh đã thanh toán | X17: Đăng ký trực tiếp qua website | Y17: D1 · Chuẩn bị thi | AA17: Thắng | AB17: 11/8 tham gia talkshow
A18: PT-009 | B18: Hoàng Anh Yến | C18: hoanganhyen@gmail.com | D18: 0850046884 | E18: Bảng A | F18: TP. Hồ Chí Minh | G18: School A | H18: Có | I18: Đã thanh toán | J18: 500000 | K18: Không | Q18: 2 | R18: 2 | S18: Website (Data) | T18: 46249 | U18: 46249 | V18: S1 | W18: Thí sinh đã thanh toán | X18: Đăng ký trực tiếp qua website | Y18: D1 · Chuẩn bị thi | AA18: Thắng | AB18: đã liên hệ tư vấn và gửi tt || ko nghe máy đã nhắn zl - done
A19: PT-010 | B19: Trần Thanh Cường | C19: tranthanhcuong@gmail.com | D19: 0352306865 | E19: Bảng B | F19: Hà Nội | G19: School A | H19: Có | I19: Đã thanh toán | J19: 500000 | K19: Không | Q19: 1 | R19: 1 | S19: Website (Data) | T19: 46252.578 | U19: 46252.578 | V19: S1 | W19: Thí sinh đã thanh toán | X19: Đăng ký trực tiếp qua website | Y19: D1 · Chuẩn bị thi | AA19: Thắng | AB19: 18/8 ko nghe máy, nhắn zl
A20: PT-011 | B20: Đặng Thu Dũng | C20: dangthudung300@gmail.com | D20: 0903588324 | E20: Bảng B | F20: TP. Hồ Chí Minh | G20: School A | H20: Có | I20: Đã thanh toán | J20: 500000 | K20: Không | Q20: 1 | R20: 1 | S20: Website (Data) | T20: 46253.841 | U20: 46253.841 | V20: S1 | W20: Thí sinh đã thanh toán | X20: Đăng ký trực tiếp qua website | Y20: D1 · Chuẩn bị thi | AA20: Thắng | AB20: ko nghe máy đã nhắn zl
A21: PT-012 | B21: Phan Xuân Phong | C21: phanxuanphong@gmail.com | D21: 0358821581 | E21: Bảng B | F21: Hà Nội | G21: School A | H21: Có | I21: Đã thanh toán | J21: 500000 | K21: Không | Q21: 1 | R21: 1 | S21: Website (Data) | T21: 46254.71 | U21: 46254.71 | V21: S1 | W21: Thí sinh đã thanh toán | X21: Đăng ký trực tiếp qua website | Y21: D1 · Chuẩn bị thi | AB21: 258 đã gửi tt group và talkshow
A22: PT-013 | B22: Phạm Thu Phong | C22: phamthuphong108@gmail.com | D22: 0972909387 | E22: Bảng B | F22: TP. Hồ Chí Minh | G22: School A | H22: Có | I22: Đã thanh toán | J22: 500000 | K22: Có | L22: Có | N22: Có | P22: Chưa đăng ký vì còn thắc mắc | Q22: 4 | R22: 3 | S22: Website (Data), Talkshow Google Form | T22: 46253.875 | U22: 46254.849 | V22: S1 | W22: Thí sinh đã thanh toán | X22: Có tương tác Talkshow/FB | Y22: D1 · Chuẩn bị thi | AA22: Thắng | AB22: 21/8 knm, zl ko tìm thấy || DONE - EMAIL || tắt máy - ko tìm thấy zl | knm 27/08 thuê bao
A23: PT-014 | B23: Bùi Khánh Vinh | C23: buikhanhvinh2006@gmail.com | D23: 0705097972 | E23: Bảng B | F23: Hà Nội | G23: School A | H23: Có | I23: Đã thanh toán | J23: 500000 | K23: Không | Q23: 1 | R23: 1 | S23: Website (Data) | T23: 46254.86 | U23: 46254.86 | V23: S1 | W23: Thí sinh đã thanh toán | X23: Đăng ký trực tiếp qua website | Y23: D1 · Chuẩn bị thi | AB23: 25/8 ko nghe máy đã nhắn zl
A24: PT-015 | B24: Lâm Thị Lan | C24: lam48dcat446@student.ptithcm.edu.vn | D24: 0793842274 | E24: Bảng B | F24: TP. Hồ Chí Minh | G24: School A | H24: Có | I24: Đã thanh toán | J24: 500000 | K24: Không | Q24: 2 | R24: 2 | S24: Website (Data) | T24: 46258.409 | U24: 46258.409 | V24: S1 | W24: Thí sinh đã thanh toán | X24: Đăng ký trực tiếp qua website | Y24: D1 · Chuẩn bị thi | AB24: ko gọi đc 25/8 lại knm || done
A25: PT-016 | B25: Lê Hải Vy | C25: lehaivy924@gmail.com | D25: 0882266905 | E25: Bảng B | F25: TP. Hồ Chí Minh | G25: School A | H25: Có | I25: Đã thanh toán | J25: 500000 | K25: Có | L25: Có | N25: Có | O25: Không ạ | P25: Chưa đăng ký vì còn thắc mắc | Q25: 2 | R25: 1 | S25: Website (Data), Talkshow Google Form | T25: 46259.802 | U25: 46259.898 | V25: S1 | W25: Thí sinh đã thanh toán | X25: Có tương tác Talkshow/FB | Y25: D1 · Chuẩn bị thi | AA25: Đạt | AB25: 26/8 đã tư vấn || sẽ tham gia (27/8)
A26: PT-017 | B26: Đặng Xuân Giang | C26: dan51dcat637@student.ptithcm.edu.vn | D26: 0971445857 | E26: Bảng B | F26: TP. Hồ Chí Minh | G26: School A | H26: Có | I26: Đã thanh toán | J26: 500000 | K26: Không | Q26: 2 | R26: 2 | S26: Website (Data) | T26: 46260.322 | U26: 46260.322 | V26: S1 | W26: Thí sinh đã thanh toán | X26: Đăng ký trực tiếp qua website | Y26: D1 · Chuẩn bị thi | AB26: 26/8 knm, nhắn zl, có tham gia talkshow || done
A27: PT-018 | B27: Bùi Thị Trang | C27: buithitrang789@gmail.com | D27: 0376098703 | E27: Bảng B | F27: TP. Hồ Chí Minh | G27: School A | H27: Có | I27: Đã thanh toán | J27: 500000 | K27: Không | Q27: 1 | R27: 1 | S27: Website (Data) | T27: 46260.515 | U27: 46260.515 | V27: S1 | W27: Thí sinh đã thanh toán | X27: Đăng ký trực tiếp qua website | Y27: D1 · Chuẩn bị thi | AB27: 26/8 đã tư vấn
A28: PT-019 | B28: Tạ Thị Trang | C28: tathitrang409@gmail.com | D28: 0326795248 | E28: Bảng B | F28: Hà Nội | G28: School A | H28: Có | I28: Đã thanh toán | J28: 500000 | K28: Không | Q28: 1 | R28: 1 | S28: Website (Data) | T28: 46261.459 | U28: 46261.459 | V28: S1 | W28: Thí sinh đã thanh toán | X28: Đăng ký trực tiếp qua website | Y28: D1 · Chuẩn bị thi | AB28: tuần sau tham gia talkshow
A29: PT-020 | B29: Mai Gia Hải | C29: mai36dcat823@student.ptithcm.edu.vn | D29: 0388244141 | E29: Bảng B | F29: TP. Hồ Chí Minh | G29: School A | H29: Có | I29: Đã thanh toán | J29: 500000 | K29: Không | Q29: 1 | R29: 1 | S29: Website (Data) | T29: 46261.722 | U29: 46261.722 | V29: S1 | W29: Thí sinh đã thanh toán | X29: Đăng ký trực tiếp qua website | Y29: D1 · Chuẩn bị thi | AB29: done
A30: PT-021 | B30: Hoàng Hữu Bình | C30: hoa11dcat848@student.ptithcm.edu.vn | D30: 0846385642 | E30: Bảng B | F30: TP. Hồ Chí Minh | G30: School A | H30: Có | I30: Đã thanh toán | J30: 500000 | K30: Không | Q30: 1 | R30: 1 | S30: Website (Data) | T30: 46261.729 | U30: 46261.729 | V30: S1 | W30: Thí sinh đã thanh toán | X30: Đăng ký trực tiếp qua website | Y30: D1 · Chuẩn bị thi | AB30: done
A31: PT-022 | B31: Mai Hải Hiếu | C31: mai29dcvt741@student.ptithcm.edu.vn | D31: 0363873024 | E31: Bảng B | F31: TP. Hồ Chí Minh | G31: School A | H31: Có | I31: Đã thanh toán | J31: 500000 | K31: Không | Q31: 1 | R31: 1 | S31: Website (Data) | T31: 46262.608 | U31: 46262.608 | V31: S1 | W31: Thí sinh đã thanh toán | X31: Đăng ký trực tiếp qua website | Y31: D1 · Chuẩn bị thi | AB31: 28/8 đã liên hệ htro
A32: PT-023 | B32: Phan Anh Ngân | C32: phananhngan@gmail.com | D32: 0938895089 | E32: Bảng B | F32: TP. Hồ Chí Minh | G32: School A | H32: Có | I32: Đã thanh toán | J32: 500000 | K32: Có | M32: Có | N32: Có | Q32: 2 | R32: 1 | S32: Website (Data), FB Lead Form v2 | T32: 46252.902 | U32: 46263.057 | V32: S1 | W32: Thí sinh đã thanh toán | X32: Có tương tác Talkshow/FB | Y32: D1 · Chuẩn bị thi | AA32: Nhung | AB32: done || knm
A33: PT-024 | B33: Dương Hữu Nhi | C33: duonghuunhi93@gmail.com | D33: 0906532329 | E33: Bảng B | F33: TP. Hồ Chí Minh | G33: School A | H33: Có | I33: Đã thanh toán | J33: 500000 | K33: Có | L33: Có | N33: Có | P33: Chưa đăng ký vì còn thắc mắc | Q33: 2 | R33: 1 | S33: Website (Data), Talkshow Google Form | T33: 46259.826 | U33: 46263.383 | V33: S1 | W33: Thí sinh đã thanh toán | X33: Có tương tác Talkshow/FB | Y33: D1 · Chuẩn bị thi | Z33: Gộp nhiều email của cùng 1 người | AA33: Đạt | AB33: Nhung đã add zalo || sẽ tham gia (27/8)
A34: PT-025 | B34: Vũ Anh Duy | C34: vuanhduy@gmail.com | D34: 0914093541 | E34: Bảng B | F34: TP. Hồ Chí Minh | G34: School A | H34: Có | I34: Đã thanh toán | J34: 500000 | K34: Không | Q34: 1 | R34: 1 | S34: Website (Data) | T34: 46263.633 | U34: 46263.633 | V34: S1 | W34: Thí sinh đã thanh toán | X34: Đăng ký trực tiếp qua website | Y34: D1 · Chuẩn bị thi | AB34: done
A35: PT-026 | B35: Ngô Minh Nam | C35: ngominhnam2008@gmail.com | D35: 0799696057 | E35: Bảng B | F35: TP. Hồ Chí Minh | G35: School A | H35: Có | I35: Đã thanh toán | J35: 500000 | K35: Có | M35: Có | N35: Có | Q35: 3 | R35: 2 | S35: Website (Data), FB Lead Form v2 | T35: 46262.826 | U35: 46263.752 | V35: S1 | W35: Thí sinh đã thanh toán | X35: Có tương tác Talkshow/FB | Y35: D1 · Chuẩn bị thi | Z35: Tên viết khác nhau giữa các nguồn | AA35: Tùng | AB35: đã đk || done || đã call, đang cân nhắc
A36: PT-027 | B36: Trịnh Ngọc Hùng | C36: trinhngochung2007@gmail.com | D36: 0339830090 | E36: Bảng B | F36: TP. Hồ Chí Minh | G36: School A | H36: Có | I36: Đã thanh toán | J36: 500000 | K36: Không | Q36: 1 | R36: 1 | S36: Website (Data) | T36: 46263.755 | U36: 46263.755 | V36: S1 | W36: Thí sinh đã thanh toán | X36: Đăng ký trực tiếp qua website | Y36: D1 · Chuẩn bị thi | AB36: done
A37: PT-028 | B37: Phan Thu Huy | C37: phanthuhuy262@gmail.com | D37: 0908893679 | E37: Bảng B | F37: TP. Hồ Chí Minh | G37: School A | H37: Có | I37: Đã thanh toán | J37: 500000 | K37: Có | L37: Có | N37: Có | P37: Chưa đăng ký vì còn thắc mắc | Q37: 2 | R37: 1 | S37: Website (Data), Talkshow Google Form | T37: 46259.667 | U37: 46264.387 | V37: S1 | W37: Thí sinh đã thanh toán | X37: Có tương tác Talkshow/FB | Y37: D1 · Chuẩn bị thi | AA37: Đạt | AB37: done || knm
A38: PT-029 | B38: Ngô Ngọc Toàn | C38: ngongoctoan554@gmail.com | D38: 0394361551 | E38: Bảng B | F38: Hà Nội | G38: School A | H38: Có | I38: Đã thanh toán | J38: 500000 | K38: Có | M38: Có | N38: Có | Q38: 2 | R38: 1 | S38: Website (Data), FB Lead Form v2 | T38: 46264.381 | U38: 46264.72 | V38: S1 | W38: Thí sinh đã thanh toán | X38: Có tương tác Talkshow/FB | Y38: D1 · Chuẩn bị thi | AA38: Đạt | AB38: done || 15/09: đã đăng ký thi
A39: PT-030 | B39: Nguyễn Đức Thành | C39: ngu20dcpt440@student.ptithcm.edu.vn | D39: 0848208144 | E39: Bảng B | F39: TP. Hồ Chí Minh | G39: School A | H39: Có | I39: Đã thanh toán | J39: 500000 | K39: Không | Q39: 2 | R39: 2 | S39: Website (Data) | T39: 46264.787 | U39: 46264.787 | V39: S1 | W39: Thí sinh đã thanh toán | X39: Đăng ký trực tiếp qua website | Y39: D1 · Chuẩn bị thi | Z39: Gộp nhiều email của cùng 1 người | AB39: done
A40: PT-031 | B40: Đinh Minh Phúc | C40: dinhminhphuc@gmail.com | D40: 0814662764 | E40: Bảng B | F40: TP. Hồ Chí Minh | G40: School A | H40: Có | I40: Đã thanh toán | J40: 500000 | K40: Có | L40: Có | N40: Có | P40: Đã đăng ký | Q40: 2 | R40: 1 | S40: Website (Data), Talkshow Google Form | T40: 46265.903 | U40: 46265.903 | V40: S1 | W40: Thí sinh đã thanh toán | X40: Có tương tác Talkshow/FB | Y40: D1 · Chuẩn bị thi | AA40: Đạt | AB40: done
A41: PT-032 | B41: Phạm Anh Toàn | C41: phamanhtoan2005@gmail.com | D41: 0777140507 | E41: Bảng B | F41: Hà Nội | G41: School A | H41: Có | I41: Đã thanh toán | J41: 650000 | K41: Không | Q41: 1 | R41: 1 | S41: Website (Data) | T41: 46267.646 | U41: 46267.646 | V41: S1 | W41: Thí sinh đã thanh toán | X41: Đăng ký trực tiếp qua website | Y41: D1 · Chuẩn bị thi | AB41: done
A42: PT-033 | B42: Tạ Anh Lâm | C42: taa27dcat371@student.ptithcm.edu.vn | D42: 0839863155 | E42: Bảng B | F42: TP. Hồ Chí Minh | G42: School A | H42: Có | I42: Đã thanh toán | J42: 650000 | K42: Không | Q42: 1 | R42: 1 | S42: Website (Data) | T42: 46274.893 | U42: 46274.893 | V42: S1 | W42: Thí sinh đã thanh toán | X42: Đăng ký trực tiếp qua website | Y42: D1 · Chuẩn bị thi | AB42: dđã nhắn hỏi do zl số khác
A43: PT-034 | B43: Hoàng Nhật Lan | C43: hoangnhatlan@gmail.com | D43: 0781457070 | E43: Bảng B | F43: Hà Nội | G43: School A | H43: Có | I43: Đã thanh toán | J43: 500000 | K43: Không | Q43: 1 | R43: 1 | S43: Website (Data) | T43: 46281.49 | U43: 46281.49 | V43: S1 | W43: Thí sinh đã thanh toán | X43: Đăng ký trực tiếp qua website | Y43: D1 · Chuẩn bị thi | AB43: THI SÁNG
A44: PT-035 | B44: Hoàng Anh Dũng | C44: hoa93dcat681@student.ptithcm.edu.vn | D44: 0975711221 | E44: Bảng B | F44: TP. Hồ Chí Minh | G44: School A | H44: Có | I44: Đã thanh toán | K44: Có | M44: Có | N44: Có | Q44: 4 | R44: 3 | S44: Website (Data), FB Lead Form v2 | T44: 46270.571 | U44: 46282.406 | V44: S1 | W44: Thí sinh đã thanh toán | X44: Có tương tác Talkshow/FB | Y44: D1 · Chuẩn bị thi | Z44: Gộp nhiều email của cùng 1 người; Tên viết khác nhau giữa các nguồn | AA44: Nhung | AB44: trùng data bên dưới | N gọi: oki gửi mã qua zl || nhắn hỏi xem còn vướng mắc gì không mà chưa đăng kí || đã call, đang cân nhắc
A45: PT-036 | B45: Lê Phương Tuệ | C45: lephuongtue86@gmail.com | D45: 0363158463 | E45: Bảng B | F45: TP. Hồ Chí Minh | G45: School A | H45: Có | I45: Đã thanh toán | J45: 650000 | K45: Không | Q45: 1 | R45: 1 | S45: Website (Data) | T45: 46282.418 | U45: 46282.418 | V45: S1 | W45: Thí sinh đã thanh toán | X45: Đăng ký trực tiếp qua website | Y45: D1 · Chuẩn bị thi
A46: PT-037 | B46: Vũ Tuấn Cường | C46: vutuancuong@gmail.com | D46: 0795492261 | E46: Bảng B | F46: Lâm Đồng | G46: School A | H46: Có | I46: Đã thanh toán | J46: 650000 | K46: Không | Q46: 1 | R46: 1 | S46: Website (Data) | T46: 46283.41 | U46: 46283.41 | V46: S1 | W46: Thí sinh đã thanh toán | X46: Đăng ký trực tiếp qua website | Y46: D1 · Chuẩn bị thi | AB46: gọi đang đi đường, nhắn zl hỗ trợ 21/9 nhắn ffolow giải đáp chứng chỉ cos pro => giục đăng kí để nhận tài khoản
A47: PT-038 | B47: Lê Minh Tiến | C47: lem79dcvt131@student.ptithcm.edu.vn | D47: 0761569996 | E47: Bảng B | F47: TP. Hồ Chí Minh | G47: School A | H47: Có | I47: Đã thanh toán | K47: Không | Q47: 3 | R47: 3 | S47: Website (Data) | T47: 46286.589 | U47: 46286.589 | V47: S1 | W47: Thí sinh đã thanh toán | X47: Đăng ký trực tiếp qua website | Y47: D1 · Chuẩn bị thi | Z47: Gộp nhiều email của cùng 1 người | AB47: đã care đang chờ danh sách từ trường PTIT
A48: PT-039 | B48: Tạ Xuân Khôi | C48: tax96dcat162@student.ptithcm.edu.vn | D48: 0344952346 | E48: Bảng B | F48: TP. Hồ Chí Minh | G48: School A | H48: Có | I48: Đã thanh toán | K48: Có | L48: Có | N48: Có | O48: Em muốn hỏi lệ phí thi bao nhiêu ạ? | P48: Đã đăng ký | Q48: 2 | R48: 1 | S48: Website (Data), Talkshow Google Form | T48: 46246.405 | V48: S1 | W48: Thí sinh đã thanh toán | X48: Có tương tác Talkshow/FB | Y48: D1 · Chuẩn bị thi | AA48: Thắng
A49: PT-040 | B49: Trịnh Hải Quyên | C49: tri17dcvt892@student.ptithcm.edu.vn | D49: 0963060225 | E49: Bảng B | F49: TP. Hồ Chí Minh | G49: School A | H49: Có | I49: Đã thanh toán | K49: Có | M49: Có | N49: Không | Q49: 2 | R49: 1 | S49: Website (Data), FB Lead Form v2 | T49: 46257.823 | V49: S1 | W49: Thí sinh đã thanh toán | X49: Có tương tác Talkshow/FB | Y49: D1 · Chuẩn bị thi | Z49: Gộp nhiều email của cùng 1 người; Tên viết khác nhau giữa các nguồn | AA49: Thắng
A50: PT-041 | B50: Phạm Hải Tuệ | C50: pha55dcpt280@student.ptithcm.edu.vn | D50: 0880497802 | E50: Bảng B | F50: TP. Hồ Chí Minh | G50: School A | H50: Có | I50: Đã thanh toán | K50: Có | L50: Có | N50: Có | P50: Chưa đăng ký vì còn thắc mắc | Q50: 2 | R50: 1 | S50: Website (Data), Talkshow Google Form | T50: 46260.8 | V50: S1 | W50: Thí sinh đã thanh toán | X50: Có tương tác Talkshow/FB | Y50: D1 · Chuẩn bị thi | AA50: Đạt
A51: PT-042 | B51: Phạm Văn Khôi | C51: pha69dcat323@student.ptithcm.edu.vn | D51: 0940479450 | E51: Bảng B | F51: TP. Hồ Chí Minh | G51: School A | H51: Có | I51: Đã thanh toán | K51: Có | L51: Có | N51: Có | O51: Em học Python cơ bản thì thi được không? | P51: Chưa đăng ký vì còn thắc mắc | Q51: 2 | R51: 1 | S51: Website (Data), Talkshow Google Form | T51: 46267.913 | V51: S1 | W51: Thí sinh đã thanh toán | X51: Có tương tác Talkshow/FB | Y51: D1 · Chuẩn bị thi | AA51: Thắng
A52: PT-043 | B52: Phạm Hải Kiên | C52: pha57dcvt157@student.ptithcm.edu.vn | D52: 0901504964 | E52: Bảng B | F52: TP. Hồ Chí Minh | G52: School A | H52: Có | I52: Đã thanh toán | K52: Không | Q52: 1 | R52: 1 | S52: Website (Data) | V52: S1 | W52: Thí sinh đã thanh toán | X52: Đăng ký trực tiếp qua website | Y52: D1 · Chuẩn bị thi
A53: PT-044 | B53: Phạm Trung Chi | C53: pha59dcat146@student.ptithcm.edu.vn | D53: 0969049450 | E53: Bảng B | F53: TP. Hồ Chí Minh | G53: School A | H53: Có | I53: Đã thanh toán | K53: Không | Q53: 1 | R53: 1 | S53: Website (Data) | V53: S1 | W53: Thí sinh đã thanh toán | X53: Đăng ký trực tiếp qua website | Y53: D1 · Chuẩn bị thi
A54: PT-045 | B54: Đỗ Nhật Chi | C54: don78dcvt459@student.ptithcm.edu.vn | D54: 0393677829 | E54: Bảng B | F54: TP. Hồ Chí Minh | G54: School A | H54: Có | I54: Đã thanh toán | K54: Không | Q54: 1 | R54: 1 | S54: Website (Data) | V54: S1 | W54: Thí sinh đã thanh toán | X54: Đăng ký trực tiếp qua website | Y54: D1 · Chuẩn bị thi
A55: PT-046 | B55: Phạm Thu Khôi | C55: pha26dcpt788@student.ptithcm.edu.vn | D55: 0772191447 | E55: Bảng B | F55: TP. Hồ Chí Minh | G55: School A | H55: Có | I55: Đã thanh toán | K55: Không | Q55: 1 | R55: 1 | S55: Website (Data) | V55: S1 | W55: Thí sinh đã thanh toán | X55: Đăng ký trực tiếp qua website | Y55: D1 · Chuẩn bị thi
A56: PT-047 | B56: Lê Tuấn Quân | C56: let47dcpt186@student.ptithcm.edu.vn | D56: 0330104999 | E56: Bảng B | F56: TP. Hồ Chí Minh | G56: School A | H56: Có | I56: Đã thanh toán | K56: Không | Q56: 1 | R56: 1 | S56: Website (Data) | V56: S1 | W56: Thí sinh đã thanh toán | X56: Đăng ký trực tiếp qua website | Y56: D1 · Chuẩn bị thi
A57: PT-048 | B57: Lê Thu Hùng | C57: let87dcpt521@student.ptithcm.edu.vn | D57: 0764166889 | E57: Bảng B | F57: TP. Hồ Chí Minh | G57: School A | H57: Có | I57: Đã thanh toán | K57: Không | Q57: 1 | R57: 1 | S57: Website (Data) | V57: S1 | W57: Thí sinh đã thanh toán | X57: Đăng ký trực tiếp qua website | Y57: D1 · Chuẩn bị thi
A58: PT-049 | B58: Dương Văn Phong | C58: duo94dcat224@student.ptithcm.edu.vn | D58: 0356748417 | E58: Bảng B | F58: TP. Hồ Chí Minh | G58: School A | H58: Có | I58: Đã thanh toán | K58: Không | Q58: 1 | R58: 1 | S58: Website (Data) | V58: S1 | W58: Thí sinh đã thanh toán | X58: Đăng ký trực tiếp qua website | Y58: D1 · Chuẩn bị thi
A59: PT-050 | B59: Đặng Hải Lâm | C59: dan89dcpt765@student.ptithcm.edu.vn | D59: 0762073616 | E59: Bảng B | F59: TP. Hồ Chí Minh | G59: School A | H59: Có | I59: Đã thanh toán | K59: Không | Q59: 1 | R59: 1 | S59: Website (Data) | V59: S1 | W59: Thí sinh đã thanh toán | X59: Đăng ký trực tiếp qua website | Y59: D1 · Chuẩn bị thi
A60: PT-051 | B60: Hồ Minh Khang | C60: hom81dcpt483@student.ptithcm.edu.vn | D60: 0764926429 | E60: Bảng B | F60: TP. Hồ Chí Minh | G60: School A | H60: Có | I60: Đã thanh toán | K60: Không | Q60: 1 | R60: 1 | S60: Website (Data) | V60: S1 | W60: Thí sinh đã thanh toán | X60: Đăng ký trực tiếp qua website | Y60: D1 · Chuẩn bị thi
A61: PT-052 | B61: Vũ Đức Hùng | C61: vud19dcat808@student.ptithcm.edu.vn | D61: 0937832632 | E61: Bảng B | F61: TP. Hồ Chí Minh | G61: School A | H61: Có | I61: Đã thanh toán | K61: Không | Q61: 1 | R61: 1 | S61: Website (Data) | V61: S1 | W61: Thí sinh đã thanh toán | X61: Đăng ký trực tiếp qua website | Y61: D1 · Chuẩn bị thi
A62: PT-053 | B62: Ngô Văn Quyên | C62: ngo21dcat908@student.ptithcm.edu.vn | D62: 0392359577 | E62: Bảng B | F62: TP. Hồ Chí Minh | G62: School A | H62: Có | I62: Đã thanh toán | K62: Không | Q62: 1 | R62: 1 | S62: Website (Data) | V62: S1 | W62: Thí sinh đã thanh toán | X62: Đăng ký trực tiếp qua website | Y62: D1 · Chuẩn bị thi
A63: PT-054 | B63: Trịnh Nhật Cường | C63: tri86dcat737@student.ptithcm.edu.vn | D63: 0938708956 | E63: Bảng B | F63: TP. Hồ Chí Minh | G63: School A | H63: Có | I63: Đã thanh toán | K63: Không | Q63: 1 | R63: 1 | S63: Website (Data) | V63: S1 | W63: Thí sinh đã thanh toán | X63: Đăng ký trực tiếp qua website | Y63: D1 · Chuẩn bị thi
... A75: PT-066 | B75: Hoàng Gia Nhi | C75: hoa96dcat459@student.ptithcm.edu.vn | D75: 0908570969 | E75: Bảng B | F75: TP. Hồ Chí Minh | G75: School A | H75: Có | I75: Đã thanh toán | K75: Không | Q75: 1 | R75: 1 | S75: Website (Data) | V75: S1 | W75: Thí sinh đã thanh toán | X75: Đăng ký trực tiếp qua website | Y75: D1 · Chuẩn bị thi
A76: PT-067 | B76: Lâm Văn Thủy | C76: lamvanthuy@gmail.com | D76: 0768634349 | E76: Bảng B | F76: TP. Hồ Chí Minh | G76: School A | H76: Có | I76: Chưa thanh toán | J76: 500000 | K76: Có | M76: Có | N76: Có | Q76: 2 | R76: 1 | S76: Website (Data), FB Lead Form v2 | T76: 46250.849 | U76: 46253.764 | V76: S2 | W76: Đăng ký web + có tương tác Talkshow/FB, chưa thanh toán | X76: FB Lead Form | Y76: D2 · Chốt thanh toán – nhóm ấm | Z76: Tên viết khác nhau giữa các nguồn | AA76: Thắng | AB76: 20/8 ko nghe máy đã nhắn zl | knm || em chưa join TS, add zl gửi tt tư vấn
A77: PT-068 | B77: Trịnh Khánh Nhi | C77: tri43dcat112@student.ptithcm.edu.vn | D77: 0396043066 | E77: Bảng B | F77: TP. Hồ Chí Minh | G77: School A | H77: Có | I77: Chưa thanh toán | J77: 500000 | K77: Có | L77: Có | N77: Có | P77: Chưa đăng ký vì còn thắc mắc | Q77: 2 | R77: 1 | S77: Website (Data), Talkshow Google Form | T77: 46253.767 | U77: 46253.767 | V77: S2 | W77: Đăng ký web + có tương tác Talkshow/FB, chưa thanh toán | X77: Talkshow | Y77: D2 · Chốt thanh toán – nhóm ấm | AA77: Thắng | AB77: 20/8 ko nghe máy đã nhăn zl || ko nghe máy | sẽ tham gia (25/08) 27/08 knm
A78: PT-069 | B78: Ngo Khoi | C78: ngotrungkhoi@gmail.com | D78: 0849573862 | E78: Bảng B | F78: Hà Nội | G78: School A | H78: Có | I78: Chưa thanh toán | J78: 500000 | K78: Có | M78: Có | N78: Không | Q78: 2 | R78: 1 | S78: Website (Data), FB Lead Form v2 | T78: 46254.565 | U78: 46254.569 | V78: S2 | W78: Đăng ký web + có tương tác Talkshow/FB, chưa thanh toán | X78: FB Lead Form | Y78: D2 · Chốt thanh toán – nhóm ấm | Z78: Tên viết khác nhau giữa các nguồn | AA78: Thắng | AB78: knm đã nhắn zalo || knm
A79: PT-070 | B79: Trần Phương Tú | C79: tranphuongtu@gmail.com | D79: 0943210536 | E79: Bảng B | F79: Hà Nội | G79: School A | H79: Có | I79: Chưa thanh toán | J79: 500000 | K79: Có | M79: Có | N79: Có | Q79: 2 | R79: 1 | S79: Website (Data), FB Lead Form v2 | T79: 46259.387 | U79: 46259.391 | V79: S2 | W79: Đăng ký web + có tương tác Talkshow/FB, chưa thanh toán | X79: FB Lead Form | Y79: D2 · Chốt thanh toán – nhóm ấm | Z79: Gộp nhiều email của cùng 1 người | AA79: Thắng | AB79: ko nghe máy, chiều gọi lại knm
A80: PT-071 | B80: Vũ Ngọc Duy | C80: vungocduy342@gmail.com | D80: 0377906335 | E80: Bảng B | F80: Hà Nội | G80: School A | H80: Có | I80: Chưa thanh toán | J80: 500000 | K80: Có | L80: Có | N80: Có | O80: Đề thi có khó không ạ? | P80: Chưa đăng ký vì còn thắc mắc | Q80: 2 | R80: 1 | S80: Website (Data), Talkshow Google Form | T80: 46259.704 | U80: 46259.704 | V80: S2 | W80: Đăng ký web + có tương tác Talkshow/FB, chưa thanh toán | X80: Talkshow | Y80: D2 · Chốt thanh toán – nhóm ấm | Z80: Tên viết khác nhau giữa các nguồn | AA80: Thắng | AB80: 25/8 ko nghe máy nhắn zl
A81: PT-072 | B81: Lê Xuân Trí | C81: lexuantri2008@gmail.com | D81: 0363133751 | E81: Bảng B | F81: TP. Hồ Chí Minh | G81: School A | H81: Có | I81: Chưa thanh toán | J81: 500000 | K81: Có | L81: Có | N81: Có | P81: Chưa đăng ký vì còn thắc mắc | Q81: 2 | R81: 1 | S81: Website (Data), Talkshow Google Form | T81: 46259.815 | U81: 46259.816 | V81: S2 | W81: Đăng ký web + có tương tác Talkshow/FB, chưa thanh toán | X81: Talkshow | Y81: D2 · Chốt thanh toán – nhóm ấm | Z81: Gộp nhiều email của cùng 1 người | AA81: Đạt | AB81: 2/8 ko đăng kí || knm
A82: PT-073 | B82: Lê Minh Long | C82: lem14dcpt833@student.ptithcm.edu.vn | D82: 0335155617 | E82: Bảng B | F82: TP. Hồ Chí Minh | G82: School A | H82: Có | I82: Chưa thanh toán | J82: 500000 | K82: Có | L82: Có | N82: Có | O82: không có | P82: Chưa đăng ký vì còn thắc mắc | Q82: 2 | R82: 1 | S82: Website (Data), Talkshow Google Form | T82: 46259.716 | U82: 46259.917 | V82: S2 | W82: Đăng ký web + có tương tác Talkshow/FB, chưa thanh toán | X82: Talkshow | Y82: D2 · Chốt thanh toán – nhóm ấm | AA82: Đạt | AB82: sẽ tham gia (27/8)
A83: PT-074 | B83: Hồ Hải Vy | C83: hohaivy115@gmail.com | D83: 0901028875 | E83: Bảng B | F83: Hà Nội | G83: School A | H83: Có | I83: Chưa thanh toán | J83: 500000 | K83: Có | L83: Có | N83: Có | P83: Chưa đăng ký vì còn thắc mắc | Q83: 2 | R83: 1 | S83: Website (Data), Talkshow Google Form | T83: 46260.336 | U83: 46260.336 | V83: S2 | W83: Đăng ký web + có tương tác Talkshow/FB, chưa thanh toán | X83: Talkshow | Y83: D2 · Chốt thanh toán – nhóm ấm | AA83: Đạt | AB83: 26/8 đang cân nhắc, sẽ tham gia talkshow || knm
A84: PT-075 | B84: Đặng Anh Long | C84: danganhlong@gmail.com | D84: 0364050093 | E84: Bảng B | F84: Hà Nội | G84: School A | H84: Có | I84: Chưa thanh toán | J84: 500000 | K84: Có | M84: Có | N84: Có | Q84: 2 | R84: 1 | S84: Website (Data), FB Lead Form v2 | T84: 46260.367 | U84: 46260.368 | V84: S2 | W84: Đăng ký web + có tương tác Talkshow/FB, chưa thanh toán | X84: FB Lead Form | Y84: D2 · Chốt thanh toán – nhóm ấm | Z84: Tên viết khác nhau giữa các nguồn | AB84: 26/8 đang gthieu tắt máy luôn
A85: PT-076 | B85: Hoang Phuong Lam | C85: hoangphuonglam@gmail.com | D85: 0700926088 | E85: Bảng B | F85: TP. Hồ Chí Minh | G85: School A | H85: Có | I85: Chưa thanh toán | J85: 650000 | K85: Có | M85: Có | N85: Có | Q85: 2 | R85: 1 | S85: Website (Data), FB Lead Form v2 | T85: 46250.827 | U85: 46266.944 | V85: S2 | W85: Đăng ký web + có tương tác Talkshow/FB, chưa thanh toán | X85: FB Lead Form | Y85: D2 · Chốt thanh toán – nhóm ấm | Z85: Tên viết khác nhau giữa các nguồn | AA85: Thắng | AB85: ko dăng kí nữa, giới thiệu voucher giảm giá, đã gửi tt qua zl | đang bận 8h 9h gọi lại đã gọi lại knm, nhắn lại zl || 18/8 ko nghe máy, nhắn zl
A86: PT-077 | B86: Lê Khánh An | C86: lekhanhan827@gmail.com | D86: 0378513033 | E86: Bảng B | F86: Hà Nội | G86: School A | H86: Có | I86: Chưa thanh toán | J86: 650000 | K86: Có | M86: Có | N86: Có | Q86: 2 | R86: 1 | S86: Website (Data), FB Lead Form v2 | T86: 46267.738 | U86: 46267.84 | V86: S2 | W86: Đăng ký web + có tương tác Talkshow/FB, chưa thanh toán | X86: FB Lead Form | Y86: D2 · Chốt thanh toán – nhóm ấm | Z86: Tên viết khác nhau giữa các nguồn | AA86: Đạt | AB86: ko tham gia do thấy có lệ phí | cf ko đăng kí || 7/9: đã gửi link ts qua zalo
A87: PT-078 | B87: Nguyễn Thanh Trí | C87: nguyenthanhtri2007@gmail.com | D87: 0779692414 | E87: Bảng B | F87: Hà Nội | G87: School A | H87: Có | I87: Chưa thanh toán | J87: 500000 | K87: Không | Q87: 1 | R87: 1 | S87: Website (Data) | T87: 46224.923 | U87: 46224.923 | V87: S3 | W87: Đăng ký web, chưa thanh toán (không qua Talkshow/FB) | X87: Chỉ có trên website | Y87: D3 · Nhắc hoàn tất thanh toán | AA87: Nhung | AB87: knm gọi lại: ai lấy thông tin của em ấy, chứ em không đăng ký ạ
A88: PT-079 | B88: Trịnh Thanh Khang | C88: trinhthanhkhang16@gmail.com | D88: 0334696188 | E88: Bảng B | F88: Hà Nội | G88: School A | H88: Có | I88: Chưa thanh toán | J88: 500000 | K88: Không | Q88: 1 | R88: 1 | S88: Website (Data) | T88: 46225.396 | U88: 46225.396 | V88: S3 | W88: Đăng ký web, chưa thanh toán (không qua Talkshow/FB) | X88: Chỉ có trên website | Y88: D3 · Nhắc hoàn tất thanh toán | AA88: Nhung | AB88: thuê bao | knm
A89: PT-080 | B89: Trịnh Xuân Linh | C89: trinhxuanlinh@gmail.com | D89: 0766116381 | E89: Bảng B | F89: Hà Nội | G89: School A | H89: Có | I89: Chưa thanh toán | J89: 500000 | K89: Không | Q89: 1 | R89: 1 | S89: Website (Data) | T89: 46230.601 | U89: 46230.601 | V89: S3 | W89: Đăng ký web, chưa thanh toán (không qua Talkshow/FB) | X89: Chỉ có trên website | Y89: D3 · Nhắc hoàn tất thanh toán | AA89: Thắng | AB89: 27/7: đã tư vấn về cuộc thi, lệ phí thi, thời gian, gửi tt qua zl | cancel
A90: PT-081 | B90: Hồ Thị Phong | C90: hothiphong@gmail.com | D90: 0819654799 | E90: Bảng B | F90: Đồng Tháp | G90: School A | H90: Có | I90: Chưa thanh toán | J90: 500000 | K90: Không | Q90: 1 | R90: 1 | S90: Website (Data) | T90: 46234.962 | U90: 46234.962 | V90: S3 | W90: Đăng ký web, chưa thanh toán (không qua Talkshow/FB) | X90: Chỉ có trên website | Y90: D3 · Nhắc hoàn tất thanh toán | AA90: Nhung | AB90: 2/8: tắt máy | knm
A91: PT-082 | B91: Bùi Xuân Khoa | C91: buixuankhoa@gmail.com | D91: 0395888153 | E91: Bảng B | F91: TP. Hồ Chí Minh | G91: School A | H91: Có | I91: Chưa thanh toán | J91: 500000 | K91: Không | Q91: 1 | R91: 1 | S91: Website (Data) | T91: 46238.438 | U91: 46238.438 | V91: S3 | W91: Đăng ký web, chưa thanh toán (không qua Talkshow/FB) | X91: Chỉ có trên website | Y91: D3 · Nhắc hoàn tất thanh toán | AA91: Thắng | AB91: 4/6 thay đổi định hướng nên ko tham gia nữa
A92: PT-083 | B92: Đinh Xuân Mai | C92: dinhxuanmai778@gmail.com | D92: 0911519426 | E92: Bảng B | F92: Bắc Ninh | G92: School A | H92: Có | I92: Chưa thanh toán | J92: 500000 | K92: Không | Q92: 1 | R92: 1 | S92: Website (Data) | T92: 46241.666 | U92: 46241.666 | V92: S3 | W92: Đăng ký web, chưa thanh toán (không qua Talkshow/FB) | X92: Chỉ có trên website | Y92: D3 · Nhắc hoàn tất thanh toán | AA92: Thắng | AB92: tháng 10 thì tham gia đc, tối tham gia talk show | knm
A93: PT-084 | B93: Dương Xuân Hùng | C93: duongxuanhung@gmail.com | D93: 0912718917 | E93: Bảng B | F93: Hà Nội | G93: School A | H93: Có | I93: Chưa thanh toán | J93: 500000 | K93: Không | Q93: 1 | R93: 1 | S93: Website (Data) | T93: 46241.761 | U93: 46241.761 | V93: S3 | W93: Đăng ký web, chưa thanh toán (không qua Talkshow/FB) | X93: Chỉ có trên website | Y93: D3 · Nhắc hoàn tất thanh toán | AA93: Nhung | AB93: 9/8: e sắp đi nc. ngoài rồi c ạ nên k tg, bạn e bảo bấm thử thui
A94: PT-085 | B94: Dang Son | C94: dangquangson2007@gmail.com | D94: 0330188487 | E94: Bảng B | F94: Hà Nội | G94: School A | H94: Có | I94: Chưa thanh toán | J94: 500000 | K94: Không | Q94: 1 | R94: 1 | S94: Website (Data) | T94: 46241.763 | U94: 46241.763 | V94: S3 | W94: Đăng ký web, chưa thanh toán (không qua Talkshow/FB) | X94: Chỉ có trên website | Y94: D3 · Nhắc hoàn tất thanh toán | AA94: Thắng | AB94: 9/8: sai số
A95: PT-086 | B95: Tạ Trung Quân | C95: tatrungquan2008@gmail.com | D95: 0967618918 | E95: Bảng B | F95: Hà Nội | G95: School A | H95: Có | I95: Chưa thanh toán | J95: 500000 | K95: Không | Q95: 1 | R95: 1 | S95: Website (Data) | T95: 46241.83 | U95: 46241.83 | V95: S3 | W95: Đăng ký web, chưa thanh toán (không qua Talkshow/FB) | X95: Chỉ có trên website | Y95: D3 · Nhắc hoàn tất thanh toán | AA95: Thắng | AB95: 9/8 sai số
A96: PT-087 | B96: Vu Ngan | C96: vubaongan@wrold.cm | D96: 0976703934 | E96: Bảng B | F96: Hà Nội | G96: School A | H96: Có | I96: Chưa thanh toán | J96: 500000 | K96: Không | Q96: 1 | R96: 1 | S96: Website (Data) | T96: 46245.952 | U96: 46245.952 | V96: S3 | W96: Đăng ký web, chưa thanh toán (không qua Talkshow/FB) | X96: Chỉ có trên website | Y96: D3 · Nhắc hoàn tất thanh toán | AA96: Thắng | AB96: 12/8 sai tt
A97: PT-088 | B97: Trịnh Gia Hoa | C97: trinhgiahoa220@gmail.com | D97: 0886010172 | E97: Bảng B | F97: Hà Nội | G97: School A | H97: Có | I97: Chưa thanh toán | J97: 500000 | K97: Không | Q97: 1 | R97: 1 | S97: Website (Data) | T97: 46246.427 | U97: 46246.427 | V97: S3 | W97: Đăng ký web, chưa thanh toán (không qua Talkshow/FB) | X97: Chỉ có trên website | Y97: D3 · Nhắc hoàn tất thanh toán | AA97: Thắng | AB97: 12/8 đki thử thôi chứ ko tham gia
A98: PT-089 | B98: Le Phuc | C98: levanphuc832@msa.com | D98: 0972473963 | E98: Bảng B | F98: TP. Hồ Chí Minh | G98: School A | H98: Có | I98: Chưa thanh toán | J98: 500000 | K98: Không | Q98: 1 | R98: 1 | S98: Website (Data) | T98: 46246.474 | U98: 46246.474 | V98: S3 | W98: Đăng ký web, chưa thanh toán (không qua Talkshow/FB) | X98: Chỉ có trên website | Y98: D3 · Nhắc hoàn tất thanh toán | AA98: Nhung | AB98: 13/08 bạn này có vẻ đk bừa, check zl người lớn tuổi
... A100: PT-091 | B100: Đặng Trung An | C100: dangtrungan2006@gmail.com | D100: 0960963315 | E100: Bảng B | F100: Phú Thọ | G100: School A | H100: Có | I100: Chưa thanh toán | J100: 500000 | K100: Không | Q100: 1 | R100: 1 | S100: Website (Data) | T100: 46248.546 | U100: 46248.546 | V100: S3 | W100: Đăng ký web, chưa thanh toán (không qua Talkshow/FB) | X100: Chỉ có trên website | Y100: D3 · Nhắc hoàn tất thanh toán | AA100: Nhung | AB100: 15/8 KNM
A101: PT-092 | B101: Mai Toan | C101: maingoctoan931@gmail.com | D101: 0972723624 | E101: Bảng B | F101: Hà Nội | G101: School A | H101: Có | I101: Chưa thanh toán | J101: 500000 | K101: Không | Q101: 1 | R101: 1 | S101: Website (Data) | T101: 46248.833 | U101: 46248.833 | V101: S3 | W101: Đăng ký web, chưa thanh toán (không qua Talkshow/FB) | X101: Chỉ có trên website | Y101: D3 · Nhắc hoàn tất thanh toán | AA101: Nhung
A102: PT-093 | B102: Phạm Tuấn Phong | C102: phamtuanphong@gmail.com | D102: 0337151048 | E102: Bảng B | F102: Hà Nội | G102: School A | H102: Có | I102: Chưa thanh toán | J102: 500000 | K102: Không | Q102: 1 | R102: 1 | S102: Website (Data) | T102: 46249.781 | U102: 46249.781 | V102: S3 | W102: Đăng ký web, chưa thanh toán (không qua Talkshow/FB) | X102: Chỉ có trên website | Y102: D3 · Nhắc hoàn tất thanh toán | AA102: Thắng | AB102: đã liên hệ tư vấn và gửi tt | knm
A103: PT-094 | B103: Lý Thị An | C103: lythian5@gmail.com | D103: 0989261898 | E103: Bảng B | F103: Hà Nội | G103: School A | H103: Có | I103: Chưa thanh toán | J103: 500000 | K103: Không | Q103: 1 | R103: 1 | S103: Website (Data) | T103: 46250.865 | U103: 46250.865 | V103: S3 | W103: Đăng ký web, chưa thanh toán (không qua Talkshow/FB) | X103: Chỉ có trên website | Y103: D3 · Nhắc hoàn tất thanh toán | AA103: Thắng | AB103: 17/8 thuê bao, nhắn zl | tb
A104: PT-095 | B104: Phan Thanh Vy | C104: phanthanhvy627@gmail.com | D104: 0829505190 | E104: Bảng B | F104: Hà Nội | G104: School A | H104: Có | I104: Chưa thanh toán | J104: 500000 | K104: Không | Q104: 1 | R104: 1 | S104: Website (Data) | T104: 46251.582 | U104: 46251.582 | V104: S3 | W104: Đăng ký web, chưa thanh toán (không qua Talkshow/FB) | X104: Chỉ có trên website | Y104: D3 · Nhắc hoàn tất thanh toán | AA104: Thắng | AB104: sai số máy
A105: PT-096 | B105: Phan Ngọc Thịnh | C105: phanngocthinh433@gmail.com | D105: 0948862896 | E105: Bảng B | F105: TP. Hồ Chí Minh | G105: School A | H105: Có | I105: Chưa thanh toán | J105: 500000 | K105: Không | Q105: 1 | R105: 1 | S105: Website (Data) | T105: 46253.769 | U105: 46253.769 | V105: S3 | W105: Đăng ký web, chưa thanh toán (không qua Talkshow/FB) | X105: Chỉ có trên website | Y105: D3 · Nhắc hoàn tất thanh toán | AA105: Thắng | AB105: 21/8 đang cân nhắc vì lệ phí cao
A106: PT-097 | B106: Hồ Thảo | C106: hot70dcpt210@student.ptithcm.edu.vn | D106: 0705273510 | E106: Bảng B | F106: TP. Hồ Chí Minh | G106: School A | H106: Có | I106: Chưa thanh toán | J106: 500000 | K106: Không | Q106: 1 | R106: 1 | S106: Website (Data) | T106: 46253.783 | U106: 46253.783 | V106: S3 | W106: Đăng ký web, chưa thanh toán (không qua Talkshow/FB) | X106: Chỉ có trên website | Y106: D3 · Nhắc hoàn tất thanh toán | AA106: Thắng | AB106: 21/8 ko đăng kí do tập trung học cái khác r
A107: PT-098 | B107: Trần Quang Tú | C107: tranquangtu2008@gmail.com | D107: 0399208300 | E107: Bảng B | F107: TP. Hồ Chí Minh | G107: School A | H107: Có | I107: Chưa thanh toán | J107: 500000 | K107: Không | Q107: 1 | R107: 1 | S107: Website (Data) | T107: 46253.81 | U107: 46253.81 | V107: S3 | W107: Đăng ký web, chưa thanh toán (không qua Talkshow/FB) | X107: Chỉ có trên website | Y107: D3 · Nhắc hoàn tất thanh toán | AA107: Thắng | AB107: 21/8 ko nghe máy, zalo ko tìm đc
A108: PT-099 | B108: Bùi Ngọc Tâm | C108: bui88dcat187@stu.ptit.edu.vn | D108: 0858648137 | E108: Bảng B | F108: Hà Nội | G108: School A | H108: Có | I108: Chưa thanh toán | J108: 500000 | K108: Không | Q108: 1 | R108: 1 | S108: Website (Data) | T108: 46254.289 | U108: 46254.289 | V108: S3 | W108: Đăng ký web, chưa thanh toán (không qua Talkshow/FB) | X108: Chỉ có trên website | Y108: D3 · Nhắc hoàn tất thanh toán | AA108: Thắng | AB108: 21/8 đang đi làm, chưa có tài chính, hạn cuối đăng kí khi nào
A109: PT-100 | B109: Trịnh Hoài Vinh | C109: trinhhoaivinh.1008@gmail.com | D109: 0943921880 | E109: Bảng B | F109: TP. Hồ Chí Minh | G109: School A | H109: Có | I109: Chưa thanh toán | J109: 500000 | K109: Không | Q109: 1 | R109: 1 | S109: Website (Data) | T109: 46254.717 | U109: 46254.717 | V109: S3 | W109: Đăng ký web, chưa thanh toán (không qua Talkshow/FB) | X109: Chỉ có trên website | Y109: D3 · Nhắc hoàn tất thanh toán
A110: PT-101 | B110: Lý Ngọc Yến | C110: lyngocyen@gmail.com | D110: 0887591364 | E110: Bảng B | F110: TP. Hồ Chí Minh | G110: School A | H110: Có | I110: Chưa thanh toán | J110: 500000 | K110: Không | Q110: 1 | R110: 1 | S110: Website (Data) | T110: 46255.49 | U110: 46255.49 | V110: S3 | W110: Đăng ký web, chưa thanh toán (không qua Talkshow/FB) | X110: Chỉ có trên website | Y110: D3 · Nhắc hoàn tất thanh toán | AB110: 22/8 ko nghe máy đã nhắn zl | ồn
A111: PT-102 | B111: Nguyễn Anh Thịnh | C111: nguyenanhthinh@gmail.com | D111: 0702949957 | E111: Bảng B | F111: Hà Nội | G111: School A | H111: Có | I111: Chưa thanh toán | J111: 500000 | K111: Không | Q111: 1 | R111: 1 | S111: Website (Data) | T111: 46256.022 | U111: 46256.022 | V111: S3 | W111: Đăng ký web, chưa thanh toán (không qua Talkshow/FB) | X111: Chỉ có trên website | Y111: D3 · Nhắc hoàn tất thanh toán | AB111: 22/8 sai sđt
A112: PT-103 | B112: Ngô Quang Ninh | C112: ngoquangninh381@gmail.com | D112: 0346615327 | E112: Bảng B | F112: Hà Nội | G112: School A | H112: Có | I112: Chưa thanh toán | J112: 500000 | K112: Không | Q112: 1 | R112: 1 | S112: Website (Data) | T112: 46260.318 | U112: 46260.318 | V112: S3 | W112: Đăng ký web, chưa thanh toán (không qua Talkshow/FB) | X112: Chỉ có trên website | Y112: D3 · Nhắc hoàn tất thanh toán | AB112: ko tham gia do ko có lệ phí
A113: PT-104 | B113: Bùi Khánh Huy | C113: buikhanhhuy2007@gmail.com | D113: 0828422632 | E113: Bảng B | F113: TP. Hồ Chí Minh | G113: School A | H113: Có | I113: Chưa thanh toán | J113: 500000 | K113: Không | Q113: 1 | R113: 1 | S113: Website (Data) | T113: 46260.371 | U113: 46260.371 | V113: S3 | W113: Đăng ký web, chưa thanh toán (không qua Talkshow/FB) | X113: Chỉ có trên website | Y113: D3 · Nhắc hoàn tất thanh toán | AB113: 26/8 chỉ thử th chứ ko tham gia, đang ngoài đường
...

Sheet Main_Signups_Clean
A1: MAIN_SIGNUPS_CLEAN — Làm sạch dữ liệu website (sheet Data)
A2: • Nguyên tắc vàng: KHÔNG xoá dòng gốc, chỉ gắn cờ Giữ / Trùng – đã gộp để truy ngược được.
A3: • 132 dòng thô → 119 người duy nhất, do nhiều người điền form nhiều lần.
A4: • Mỗi trường có 2 cột: bản gốc và bản chuẩn hoá, để so sánh logic làm sạch.
A5: • Tên trường có 42 cách viết (PTIT, Học viện CNBCVT, ptit hcm...) → quy về danh mục chuẩn School A.
A6: • Email và SĐT: bỏ khoảng trắng, sửa tên miền gõ nhầm (.con thành .com), đưa SĐT về 10 số.
A8: Dòng gốc (Data) | B8: Contact ID | C8: Giữ/Trùng | D8: Thời gian đăng ký | E8: Họ tên (chuẩn hoá) | F8: Họ tên (gốc) | G8: Email (chuẩn hoá) | H8: Email (gốc) | I8: SĐT (chuẩn hoá) | J8: SĐT (gốc) | K8: Bảng | L8: Khu vực (chuẩn hoá) | M8: Trường (chuẩn hoá) | N8: Trường (gốc) | O8: Ngày sinh | P8: Số CCCD | Q8: Lệ phí | R8: payment_status | S8: Partner | T8: Mã khuyến mãi | U8: PIC | V8: Ghi chú
A9: 2 | B9: PT-001 | C9: Trùng – đã gộp | D9: 46224.758 | E9: Dương Hoài Nam | F9: Dương Hoài Nam | G9: duonghoainam380@gmail.com | H9: duonghoainam380@gmail.com | I9: 0833008389 | J9: 0833008389 | K9: Bảng B | L9: Hà Nội | M9: School A | N9: Học viện Công nghệ Bưu Chính Viễn Thông - PTIT. | O9: 2006-09-26 | P9: 024710530855 | Q9: 500000 | R9: chưa thanh toán | U9: Nhung | V9: knm 27/7 knm 29/7: hôm đó kick off mn bảo vào đăng ký thử nên em đk thử thôi ạ 31/7: trùng thông tin đã completed bên dưới
A10: 3 | B10: PT-078 | C10: Giữ | D10: 46224.923 | E10: Nguyễn Thanh Trí | F10: Nguyễn Thanh Trí | G10: nguyenthanhtri2007@gmail.com | H10: nguyenthanhtri2007@gmail.com | I10: 0779692414 | J10: 0779692414 | K10: Bảng B | L10: Hà Nội | M10: School A | N10: PTIT | O10: 2003-12-02 | P10: 075850422787 | Q10: 500000 | R10: chưa thanh toán | U10: Nhung | V10: knm gọi lại: ai lấy thông tin của em ấy, chứ em không đăng ký ạ
A11: 4 | B11: PT-002 | C11: Giữ | D11: 46225.376 | E11: Mai Minh Sơn | F11: Mai Minh Sơn | G11: maiminhson2005@gmail.com | H11: maiminhson2005@gmail.com | I11: 0884396213 | J11: 0884396213 | K11: Bảng B | L11: Hà Nội | M11: School A | N11: Học viện Công nghệ Bưu chính Viễn thông - PTIT | O11: 2007-01-10 | P11: 027887450948 | Q11: 500000 | R11: completed | U11: Nhung | V11: done => chặn
A12: 5 | B12: PT-079 | C12: Giữ | D12: 46225.396 | E12: Trịnh Thanh Khang | F12: Trịnh Thanh Khang | G12: trinhthanhkhang16@gmail.com | H12: trinhthanhkhang16@gmail.com | I12: 0334696188 | J12: 0334696188 | K12: Bảng B | L12: Hà Nội | M12: School A | N12: Học viện Công nghệ Bưu Chính Viễn Thông - PTIT | O12: 2007-05-18 | P12: 024818014407 | Q12: 500000 | R12: chưa thanh toán | U12: Nhung | V12: thuê bao | knm
A13: 6 | B13: PT-118 | C13: Giữ | E13: Võ Tuấn Quyên | F13: Võ Tuấn Quyên | G13: votuanquyen@gmail.com | H13: votuanquyen@gmail.com | I13: 0829437580 | J13: 0829437580 | K13: Bảng B | L13: Hà Nội | M13: School A | N13: Học viện Công nghệ Bưu chính Viễn thông | O13: 8/9/2004 | P13: 052116512260 | Q13: 500000 | R13: chưa thanh toán | U13: Nhung | V13: em k đk thi, đang đi làm, o có thời gian
A14: 7 | B14: PT-119 | C14: Giữ | E14: Trịnh Hải Cường | F14: Trịnh Hải Cường | G14: trinhhaicuong2006@gmail.com | H14: trinhhaicuong2006@gmail.com | I14: 0768196891 | J14: 0768196891 | K14: Bảng B | L14: Hà Nội | M14: School A | N14: Học viện Công nghệ Bưu chính Viễn thông | O14: 12/24/2006 | P14: 079578843251 | Q14: 500000 | R14: chưa thanh toán | U14: Nhung | V14: knm 27/07 KNM l2 29/7: tắt máy | zl => cancel
A15: 8 | B15: PT-080 | C15: Giữ | D15: 46230.601 | E15: Trịnh Xuân Linh | F15: Trịnh Xuân Linh | G15: trinhxuanlinh@gmail.com | H15: trinhxuanlinh@gmail.com | I15: 0766116381 | J15: 0766116381 | K15: Bảng B | L15: Hà Nội | M15: School A | N15: PTIT | O15: 2005-05-28 | P15: 038204366965 | Q15: 500000 | R15: chưa thanh toán | U15: Thắng | V15: 27/7: đã tư vấn về cuộc thi, lệ phí thi, thời gian, gửi tt qua zl | cancel
A16: 9 | B16: PT-003 | C16: Giữ | D16: 46233.521 | E16: Phạm Hoài Giang | F16: Phạm Hoài Giang | G16: pha79dcat944@stu.ptit.edu.vn | H16: pha79dcat944@stu.ptit.edu.vn | I16: 0886855032 | J16: 0886855032 | K16: Bảng B | L16: Hà Nội | M16: School A | N16: Học viện Công nghệ Bưu chính Viễn thông - PTIT | O16: 2006-08-22 | P16: 027341481757 | Q16: 500000 | R16: completed | U16: Thắng | V16: 30/7 đã nhận mail
A17: 10 | B17: PT-004 | C17: Trùng – đã gộp | D17: 46234.419 | E17: Hồ Hữu Vy | F17: Hồ Hữu Vy | G17: hoh43dcpt729@stu.ptit.edu.vn | H17: hoh43dcpt729@stu.ptit.edu.vn | I17: 0762989538 | J17: 0762989538 | K17: Bảng B | L17: Hà Nội | M17: School A | N17: Học viện Công Nghệ Bưu Chính Viễn Thông - PTIT | O17: 2006-03-22 | P17: 068471846224 | Q17: 500000 | R17: chưa thanh toán | U17: Nhung | V17: TRÙNG DATA DƯỚI, ĐÃ COMPLETED 31/7: tắt máy đã ping zzl
A18: 11 | B18: PT-001 | C18: Giữ | D18: 46234.448 | E18: Dương Hoài Nam | F18: Dương Hoài Nam | G18: duonghoainam380@gmail.com | H18: duonghoainam380@gmail.com | I18: 0833008389 | J18: 0833008389 | K18: Bảng B | L18: Hà Nội | M18: School A | N18: Học viện Công nghệ Bưu Chính Viễn Thông - PTIT | O18: 2006-09-26 | P18: 024710530855 | Q18: 500000 | R18: completed | U18: Thắng | V18: 31/7 add zl htro thêm
A19: 12 | B19: PT-004 | C19: Giữ | D19: 46234.641 | E19: Hồ Hữu Vy | F19: Hồ Hữu Vy | G19: hoh43dcpt729@stu.ptit.edu.vn | H19: hoh43dcpt729@stu.ptit.edu.vn | I19: 0762989538 | J19: 0762989538 | K19: Bảng B | L19: Hà Nội | M19: School A | N19: Học viện Công nghệ Bưu Chính Viễn Thông - PTIT. | O19: 2006-03-22 | P19: 068471846224 | Q19: 500000 | R19: completed | U19: Nhung
A20: 13 | B20: PT-081 | C20: Giữ | D20: 46234.962 | E20: Hồ Thị Phong | F20: Hồ Thị Phong | G20: hothiphong@gmail.com | H20: hothiphong@gmail.com | I20: 0819654799 | J20: 0819654799 | K20: Bảng B | L20: Đồng Tháp | M20: School A | N20: PTIT | O20: 2007-03-30 | P20: 096094659432 | Q20: 500000 | R20: chưa thanh toán | U20: Nhung | V20: 2/8: tắt máy | knm
A21: 14 | B21: PT-005 | C21: Giữ | D21: 46236.908 | E21: Võ Phương Phúc | F21: Võ Phương Phúc | G21: vophuongphuc@gmail.com | H21: vophuongphuc@gmail.com | I21: 0826162603 | J21: 0826162603 | K21: Bảng B | L21: Hà Nội | M21: School A | N21: PTIT | O21: 2006-11-09 | P21: 038734017039 | Q21: 500000 | R21: completed | U21: Thắng | V21: 3/8 gọi 2 cuộc ko đc, nhắn zl
A22: 15 | B22: PT-082 | C22: Giữ | D22: 46238.438 | E22: Bùi Xuân Khoa | F22: Bùi Xuân Khoa | G22: buixuankhoa@gmail.com | H22: buixuankhoa@gmail.com | I22: 0395888153 | J22: 0395888153 | K22: Bảng B | L22: TP. Hồ Chí Minh | M22: School A | N22: Học viện Công nghệ Bưu chính Viễn thông Cơ sở Thành phố Hồ Chí Minh | O22: 2006-08-09 | P22: 077441807738 | Q22: 500000 | R22: chưa thanh toán | U22: Thắng | V22: 4/6 thay đổi định hướng nên ko tham gia nữa
A23: 16 | B23: PT-006 | C23: Giữ | D23: 46239.617 | E23: Phạm Khánh Hoa | F23: Phạm Khánh Hoa | G23: phamkhanhhoa@gmail.com | H23: phamkhanhhoa@gmail.com | I23: 0818360186 | J23: 0818360186 | K23: Bảng B | L23: Hà Nội | M23: School A | N23: Học viện công nghệ bưu chính viễn thông | O23: 2006-06-12 | P23: 089033348421 | Q23: 500000 | R23: completed | U23: Thắng | V23: 5/8 knm nhắn zl 6/8 gọi knm đã đăng kí
A24: 17 | B24: PT-083 | C24: Giữ | D24: 46241.666 | E24: Đinh Xuân Mai | F24: Đinh Xuân Mai | G24: dinhxuanmai778@gmail.com | H24: dinhxuanmai778@gmail.com | I24: 0911519426 | J24: 0911519426 | K24: Bảng B | L24: Bắc Ninh | M24: School A | N24: Học viện công nghệ bưu chính viễn thông | O24: 2007-01-06 | P24: 089063735143 | Q24: 500000 | R24: chưa thanh toán | U24: Thắng | V24: tháng 10 thì tham gia đc, tối tham gia talk show | knm
A25: 18 | B25: PT-084 | C25: Giữ | D25: 46241.761 | E25: Dương Xuân Hùng | F25: Dương Xuân Hùng | G25: duongxuanhung@gmail.com | H25: duongxuanhung@gmail.com | I25: 0912718917 | J25: 0912718917 | K25: Bảng B | L25: Hà Nội | M25: School A | N25: PTIT | O25: 2003-06-25 | P25: 027064967593 | Q25: 500000 | R25: chưa thanh toán | U25: Nhung | V25: 9/8: e sắp đi nc. ngoài rồi c ạ nên k tg, bạn e bảo bấm thử thui
A26: 19 | B26: PT-085 | C26: Giữ | D26: 46241.763 | E26: Dang Son | F26: dang son | G26: dangquangson2007@gmail.com | H26: dangquangson2007@gmail.com | I26: 0330188487 | J26: 0330188487 | K26: Bảng B | L26: Hà Nội | M26: School A | N26: Học viện Công nghệ Bưu Chính Viễn Thông - PTIT. | O26: 2007-08-07 | P26: 036685267442 | Q26: 500000 | R26: chưa thanh toán | U26: Thắng | V26: 9/8: sai số
A27: 20 | B27: PT-086 | C27: Giữ | D27: 46241.83 | E27: Tạ Trung Quân | F27: Tạ Trung Quân | G27: tatrungquan2008@gmail.com | H27: tatrungquan2008@gmail.com | I27: 0967618918 | J27: 0967618918 | K27: Bảng B | L27: Hà Nội | M27: School A | N27: PTIT | O27: 2006-02-02 | P27: 042565509399 | Q27: 500000 | R27: chưa thanh toán | U27: Thắng | V27: 9/8 sai số
A28: 21 | B28: PT-007 | C28: Giữ | D28: 46241.849 | E28: Lâm Hoài Yến | F28: Lâm Hoài Yến | G28: lamhoaiyen@gmail.com | H28: lamhoaiyen@gmail.com | I28: 0828797715 | J28: 0828797715 | K28: Bảng B | L28: Hà Nội | M28: School A | N28: Học viện Công nghệ Bưu Chính Viễn Thông - PTIT. | O28: 2006-09-18 | P28: 036861826221 | Q28: 500000 | R28: free | S28: info | U28: Nhung | V28: 9/8: em đang xem lại lịch thi, đang sx c ạ
A29: 22 | B29: PT-008 | C29: Giữ | D29: 46243.918 | E29: Trịnh Thị Giang | F29: Trịnh Thị Giang | G29: trinhthigiang@gmail.com | H29: trinhthigiang@gmail.com | I29: 0760979192 | J29: 0760979192 | K29: Bảng B | L29: Hải Phòng | M29: School A | N29: Học viện Công nghệ Bưu Chính Viễn Thông -PTIT | O29: 2007-01-08 | P29: 042451832242 | Q29: 500000 | R29: completed | U29: Thắng | V29: 11/8 tham gia talkshow
A30: 23 | B30: PT-087 | C30: Giữ | D30: 46245.952 | E30: Vu Ngan | F30: vu ngan | G30: vubaongan@wrold.cm | H30: vubaongan@wrold.cm | I30: 0976703934 | J30: 0976703934 | K30: Bảng B | L30: Hà Nội | M30: School A | N30: Học viện Công nghệ Bưu Chính Viễn Thông - PTIT | O30: 2006-06-07 | P30: 068977255989 | Q30: 500000 | R30: chưa thanh toán | U30: Thắng | V30: 12/8 sai tt
A31: 24 | B31: PT-088 | C31: Giữ | D31: 46246.427 | E31: Trịnh Gia Hoa | F31: Trịnh Gia Hoa | G31: trinhgiahoa220@gmail.com | H31: trinhgiahoa220@gmail.com | I31: 0886010172 | J31: 0886010172 | K31: Bảng B | L31: Hà Nội | M31: School A | N31: Học viện Công nghệ Bưu Chính Viễn Thông | O31: 2005-08-02 | P31: 001658978524 | Q31: 500000 | R31: chưa thanh toán | U31: Thắng | V31: 12/8 đki thử thôi chứ ko tham gia
A32: 25 | B32: PT-089 | C32: Giữ | D32: 46246.474 | E32: Le Phuc | F32: Le Phuc | G32: levanphuc832@msa.com | H32: levanphuc832@msa.com | I32: 0972473963 | J32: 0972473963 | K32: Bảng B | L32: TP. Hồ Chí Minh | M32: School A | N32: Bưu chính | O32: 2002-10-15 | P32: 86054456262 | Q32: 500000 | R32: chưa thanh toán | U32: Nhung | V32: 13/08 bạn này có vẻ đk bừa, check zl người lớn tuổi
A33: 26 | B33: PT-090 | C33: Giữ | D33: 46246.658 | E33: Lâm Văn Khôi | F33: Lâm Văn Khôi | G33: lam78dcvt270@student.ptithcm.edu.vn | H33: lam78dcvt270@student.ptithcm.edu.vn | I33: 0781062700 | J33: 0781062700 | K33: Bảng B | L33: TP. Hồ Chí Minh | M33: School A | N33: PTITHCM | O33: 2003-02-10 | P33: 082873820582 | Q33: 500000 | R33: chưa thanh toán | U33: Thắng | V33: đã tư vấn và gửi tt
A34: 27 | B34: PT-091 | C34: Giữ | D34: 46248.546 | E34: Đặng Trung An | F34: Đặng Trung An | G34: dangtrungan2006@gmail.com | H34: dangtrungan2006@gmail.com | I34: 0960963315 | J34: 0960963315 | K34: Bảng B | L34: Phú Thọ | M34: School A | N34: Học viện Công Nghệ Bưu Chính Viễn Thông - PTIT | O34: 2008-10-28 | P34: 056286856489 | Q34: 500000 | R34: chưa thanh toán | S34: info | U34: Nhung | V34: 15/8 KNM
A35: 28 | B35: PT-092 | C35: Giữ | D35: 46248.833 | E35: Mai Toan | F35: mai toan | G35: maingoctoan931@gmail.com | H35: maingoctoan931@gmail.com | I35: 0972723624 | J35: 0972723624 | K35: Bảng B | L35: Hà Nội | M35: School A | N35: PTIT | O35: 1978-07-06 | P35: 033519738122 | Q35: 500000 | R35: chưa thanh toán | U35: Nhung
A36: 29 | B36: PT-009 | C36: Trùng – đã gộp | D36: 46249 | E36: Hoàng Anh Yến | F36: Hoàng Anh Yến | G36: hoanganhyen@gmail.com | H36: hoanganhyen@gmail.com | I36: 0850046884 | J36: 0850046884 | K36: Bảng B | L36: TP. Hồ Chí Minh | M36: School A | N36: Học viện Công nghệ Bưu chính Viễn Thông HCM | O36: 2008-01-07 | P36: 038144692928 | Q36: 500000 | R36: chưa thanh toán | U36: Thắng | V36: đã liên hệ tư vấn và gửi tt
A37: 30 | B37: PT-093 | C37: Giữ | D37: 46249.781 | E37: Phạm Tuấn Phong | F37: Phạm Tuấn Phong | G37: phamtuanphong@gmail.com | H37: phamtuanphong@gmail.com | I37: 0337151048 | J37: 0337151048 | K37: Bảng B | L37: Hà Nội | M37: School A | N37: Học viện Công nghệ bưu chính Viễn Thông | O37: 2006-10-17 | P37: 031978401987 | Q37: 500000 | R37: chưa thanh toán | U37: Thắng | V37: đã liên hệ tư vấn và gửi tt | knm
A38: 31 | B38: PT-094 | C38: Giữ | D38: 46250.865 | E38: Lý Thị An | F38: Lý Thị An | G38: lythian5@gmail.com | H38: lythian5@gmail.com | I38: 0989261898 | J38: 0989261898 | K38: Bảng B | L38: Hà Nội | M38: School A | N38: Học viện công nghệ Bưu Chính Viễn Thông | O38: 2005-02-27 | P38: 042549995310 | Q38: 500000 | R38: chưa thanh toán | U38: Thắng | V38: 17/8 thuê bao, nhắn zl | tb
A39: 32 | B39: PT-095 | C39: Giữ | D39: 46251.582 | E39: Phan Thanh Vy | F39: Phan Thanh Vy | G39: phanthanhvy627@gmail.com | H39: phanthanhvy627@gmail.com | I39: 0829505190 | J39: 0829505190 | K39: Bảng B | L39: Hà Nội | M39: School A | N39: ptit | O39: 2000-02-10 | P39: 148587061 | Q39: 500000 | R39: chưa thanh toán | U39: Thắng | V39: sai số máy
A40: 33 | B40: PT-010 | C40: Giữ | D40: 46252.578 | E40: Trần Thanh Cường | F40: Trần Thanh Cường | G40: tranthanhcuong@gmail.com | H40: tranthanhcuong@gmail.com | I40: 0352306865 | J40: 0352306865 | K40: Bảng B | L40: Hà Nội | M40: School A | N40: Học viện Công nghệ Bưu chính Viễn thông | O40: 2005-01-14 | P40: 049921687524 | Q40: 500000 | R40: completed | U40: Thắng | V40: 18/8 ko nghe máy, nhắn zl
A41: 34 | B41: PT-067 | C41: Giữ | D41: 46253.764 | E41: Lâm Văn Thủy | F41: Lâm Văn Thủy | G41: lamvanthuy@gmail.com | H41: lamvanthuy@gmail.com | I41: 0768634349 | J41: 0768634349 | K41: Bảng B | L41: TP. Hồ Chí Minh | M41: School A | N41: Học Viện Công Nghệ Bưu Chính Viễn Thông | O41: 2007-04-20 | P41: 087283329195 | Q41: 500000 | R41: chưa thanh toán | U41: Thắng | V41: 20/8 ko nghe máy đã nhắn zl | knm
A42: 35 | B42: PT-068 | C42: Giữ | D42: 46253.767 | E42: Trịnh Khánh Nhi | F42: Trịnh Khánh Nhi | G42: tri43dcat112@student.ptithcm.edu.vn | H42: tri43dcat112@student.ptithcm.edu.vn | I42: 0396043066 | J42: 0396043066 | K42: Bảng B | L42: TP. Hồ Chí Minh | M42: School A | N42: Học viện Công nghệ Bưu Chính Viễn Thông - PTITHCM | O42: 2004-02-09 | P42: 068765176822 | Q42: 500000 | R42: chưa thanh toán | U42: Thắng | V42: 20/8 ko nghe máy đã nhăn zl
A43: 36 | B43: PT-096 | C43: Giữ | D43: 46253.769 | E43: Phan Ngọc Thịnh | F43: Phan Ngọc Thịnh | G43: phanngocthinh433@gmail.com | H43: phanngocthinh433@gmai.com | I43: 0948862896 | J43: 0948862896 | K43: Bảng B | L43: TP. Hồ Chí Minh | M43: School A | N43: học viện công nghệ bưu chính viễn thông cơ sở hồ chí minh | O43: 2007-01-16 | P43: 033204356226 | Q43: 500000 | R43: chưa thanh toán | U43: Thắng | V43: 21/8 đang cân nhắc vì lệ phí cao
A44: 37 | B44: PT-097 | C44: Giữ | D44: 46253.783 | E44: Hồ Thảo | F44: Hồ Thảo | G44: hot70dcpt210@student.ptithcm.edu.vn | H44: hot70dcpt210@student.ptithcm.edu.vn | I44: 0705273510 | J44: 0705273510 | K44: Bảng B | L44: TP. Hồ Chí Minh | M44: School A | N44: Ptit hcm | O44: 2006-04-07 | P44: 052230930758 | Q44: 500000 | R44: chưa thanh toán | U44: Thắng | V44: 21/8 ko đăng kí do tập trung học cái khác r
A45: 38 | B45: PT-098 | C45: Giữ | D45: 46253.81 | E45: Trần Quang Tú | F45: Trần Quang Tú | G45: tranquangtu2008@gmail.com | H45: tranquangtu2008@gmail.com | I45: 0399208300 | J45: 0399208300 | K45: Bảng B | L45: TP. Hồ Chí Minh | M45: School A | N45: Học viện công nghệ bưu chính viễn thông hồ chí minh | O45: 2008-01-02 | P45: 064515158912 | Q45: 500000 | R45: chưa thanh toán | U45: Thắng | V45: 21/8 ko nghe máy, zalo ko tìm đc
A46: 39 | B46: PT-011 | C46: Giữ | D46: 46253.841 | E46: Đặng Thu Dũng | F46: Đặng Thu Dũng | G46: dangthudung300@gmail.com | H46: dangthudung300@gmail.com | I46: 0903588324 | J46: 0903588324 | K46: Bảng B | L46: TP. Hồ Chí Minh | M46: School A | N46: Học viện Công nghệ Bưu chính Viễn thông cơ sở TP.HCM | O46: 2007-02-28 | P46: 048853523109 | Q46: 500000 | R46: completed | U46: Thắng | V46: ko nghe máy đã nhắn zl
A47: 40 | B47: PT-099 | C47: Giữ | D47: 46254.289 | E47: Bùi Ngọc Tâm | F47: Bùi Ngọc Tâm | G47: bui88dcat187@stu.ptit.edu.vn | H47: bui88dcat187@stu.ptit.edu.vn | I47: 0858648137 | J47: 0858648137 | K47: Bảng B | L47: Hà Nội | M47: School A | N47: Học viện Công nghệ Bưu chính Viễn thông | O47: 2007-10-01 | P47: 075844551107 | Q47: 500000 | R47: chưa thanh toán | U47: Thắng | V47: 21/8 đang đi làm, chưa có tài chính, hạn cuối đăng kí khi nào
A48: 41 | B48: PT-069 | C48: Giữ | D48: 46254.569 | E48: Ngo Khoi | F48: Ngo Khoi | G48: ngotrungkhoi@gmail.com | H48: ngotrungkhoi@gmail.com | I48: 0849573862 | J48: 0849573862 | K48: Bảng B | L48: Hà Nội | M48: School A | N48: Học viện Công nghệ Bưu Chính Viễn Thông - PTIT | O48: 2005-09-07 | P48: 036178149795 | Q48: 500000 | R48: chưa thanh toán | V48: knm đã nhắn zalo
A49: 42 | B49: PT-012 | C49: Giữ | D49: 46254.71 | E49: Phan Xuân Phong | F49: Phan Xuân Phong | G49: phanxuanphong@gmail.com | H49: phanxuanphong@gmail.com | I49: 0358821581 | J49: 0358821581 | K49: Bảng B | L49: Hà Nội | M49: School A | N49: Học Viện Công nghệ Bưu Chính Viễn Thông | O49: 2007-08-24 | P49: 027828150390 | Q49: 500000 | R49: completed | V49: 258 đã gửi tt group và talkshow
A50: 43 | B50: PT-100 | C50: Giữ | D50: 46254.717 | E50: Trịnh Hoài Vinh | F50: Trịnh Hoài Vinh | G50: trinhhoaivinh.1008@gmail.com | H50: trinhhoaivinh.1008@gmail.com | I50: 0943921880 | J50: 0943921880 | K50: Bảng B | L50: TP. Hồ Chí Minh | M50: School A | N50: Học viện công nghệ Bưu Chính Viễn Thông | O50: 2008-11-16 | P50: 056342929256 | Q50: 500000 | R50: chưa thanh toán
A51: 44 | B51: PT-013 | C51: Trùng – đã gộp | D51: 46254.849 | E51: Phạm Thu Phong | F51: Phạm Thu Phong | G51: phamthuphong108@gmail.com | H51: phamthuphong108@gmail.com | I51: 0972909387 | J51: 0972909387 | K51: Bảng B | L51: TP. Hồ Chí Minh | M51: School A | N51: Học Viện Công Nghệ Bưu Chính Viễn Thông | O51: 2007-12-09 | P51: 038119789607 | Q51: 500000 | R51: chưa thanh toán | V51: 21/8 knm, zl ko tìm thấy
A52: 45 | B52: PT-014 | C52: Giữ | D52: 46254.86 | E52: Bùi Khánh Vinh | F52: Bùi Khánh Vinh | G52: buikhanhvinh2006@gmail.com | H52: buikhanhvinh2006@gmail.com | I52: 0705097972 | J52: 0705097972 | K52: Bảng B | L52: Hà Nội | M52: School A | N52: Học viện Công nghệ Bưu Chính Viễn Thông - PTIT | O52: 2008-03-08 | P52: 031140145044 | Q52: 500000 | R52: completed | V52: 25/8 ko nghe máy đã nhắn zl
A53: 46 | B53: PT-101 | C53: Giữ | D53: 46255.49 | E53: Lý Ngọc Yến | F53: Lý Ngọc Yến | G53: lyngocyen@gmail.com | H53: lyngocyen@gmail.com | I53: 0887591364 | J53: 0887591364 | K53: Bảng B | L53: TP. Hồ Chí Minh | M53: School A | N53: Học viện Công nghệ Bưu Chính Viễn Thông - PTIT | O53: 2007-03-16 | P53: 079022724228 | Q53: 500000 | R53: chưa thanh toán | V53: 22/8 ko nghe máy đã nhắn zl | ồn
A54: 47 | B54: PT-102 | C54: Giữ | D54: 46256.022 | E54: Nguyễn Anh Thịnh | F54: Nguyễn Anh Thịnh | G54: nguyenanhthinh@gmail.com | H54: nguyenanhthinh@gmail.com | I54: 0702949957 | J54: 0702949957 | K54: Bảng B | L54: Hà Nội | M54: School A | N54: Học viện Công nghệ Bưu Chính Viễn Thông - PTIT | O54: 2007-05-22 | P54: 082213570257 | Q54: 500000 | R54: chưa thanh toán | S54: info | V54: 22/8 sai sđt
A55: 48 | B55: PT-015 | C55: Trùng – đã gộp | D55: 46258.409 | E55: Lâm Thị Lan | F55: Lâm Thị Lan | G55: lam48dcat446@student.ptithcm.edu.vn | H55: lam48dcat446@student.ptithcm.edu.vn | I55: 0793842274 | J55: 0793842274 | K55: Bảng B | L55: TP. Hồ Chí Minh | M55: School A | N55: Học viện Công nghệ Bưu Chính Viễn Thông - PTIT. | O55: 2007-07-21 | P55: 079723448496 | Q55: 500000 | R55: chưa thanh toán | S55: metaads | V55: ko gọi đc 25/8 lại knm
A56: 49 | B56: PT-070 | C56: Giữ | D56: 46259.391 | E56: Trần Phương Tú | F56: Trần Phương Tú | G56: tranphuongtu@gmail.com | H56: tranphuongtu@gmail.com | I56: 0943210536 | J56: 0943210536 | K56: Bảng B | L56: Hà Nội | M56: School A | N56: PTIT | O56: 2004-08-12 | P56: 042851530594 | Q56: 500000 | R56: chưa thanh toán | V56: ko nghe máy, chiều gọi lại knm
A57: 50 | B57: PT-071 | C57: Giữ | D57: 46259.704 | E57: Vũ Ngọc Duy | F57: Vũ Ngọc Duy | G57: vungocduy342@gmail.com | H57: vungocduy342@gmail.com | I57: 0377906335 | J57: 0377906335 | K57: Bảng B | L57: Hà Nội | M57: School A | N57: Học viện Công nghệ Bưu Chính Viễn Thông. | O57: 2006-10-08 | P57: 068461627635 | Q57: 500000 | R57: chưa thanh toán | S57: metaads | V57: 25/8 ko nghe máy nhắn zl
A58: 51 | B58: PT-072 | C58: Giữ | D58: 46259.816 | E58: Lê Xuân Trí | F58: Lê Xuân Trí | G58: lexuantri2008@gmail.com | H58: lexuantri2008@gmail.com | I58: 0363133751 | J58: 0363133751 | K58: Bảng B | L58: TP. Hồ Chí Minh | M58: School A | N58: Học viện Công nghệ Bưu Chính Viễn Thông cơ sở tại TP.HCM | O58: 2006-01-04 | P58: 064495399770 | Q58: 500000 | R58: chưa thanh toán | S58: metaads | V58: 2/8 ko đăng kí
A59: 52 | B59: PT-016 | C59: Giữ | D59: 46259.898 | E59: Lê Hải Vy | F59: Lê Hải Vy | G59: lehaivy924@gmail.com | H59: lehaivy924@gmail.com | I59: 0882266905 | J59: 0882266905 | K59: Bảng B | L59: TP. Hồ Chí Minh | M59: School A | N59: Học viện Công nghệ Bưu Chính Viễn Thông - PTIT | O59: 2008-10-28 | P59: 001867616698 | Q59: 500000 | R59: completed | V59: 26/8 đã tư vấn
A60: 53 | B60: PT-073 | C60: Giữ | D60: 46259.917 | E60: Lê Minh Long | F60: Lê Minh Long | G60: lem14dcpt833@student.ptithcm.edu.vn | H60: lem14dcpt833@student.ptithcm.edu.vn | I60: 0335155617 | J60: 0335155617 | K60: Bảng B | L60: TP. Hồ Chí Minh | M60: School A | N60: Học viện Công nghệ Bưu Chính Viễn Thông - PTIT | O60: 2007-01-25 | P60: 087066533142 | Q60: 500000 | R60: chưa thanh toán
A61: 54 | B61: PT-103 | C61: Giữ | D61: 46260.318 | E61: Ngô Quang Ninh | F61: Ngô Quang Ninh | G61: ngoquangninh381@gmail.com | H61: ngoquangninh381@gmail.com | I61: 0346615327 | J61: 0346615327 | K61: Bảng B | L61: Hà Nội | M61: School A | N61: Học viện Công nghệ Bưu Chính Viễn Thông - PTIT | O61: 2008-10-12 | P61: 077540051603 | Q61: 500000 | R61: chưa thanh toán | S61: metaads | V61: ko tham gia do ko có lệ phí
A62: 55 | B62: PT-017 | C62: Trùng – đã gộp | D62: 46260.322 | E62: Đặng Xuân Giang | F62: Đặng Xuân Giang | G62: dan51dcat637@student.ptithcm.edu.vn | H62: dan51dcat637@student.ptithcm.edu.vn | I62: 0971445857 | J62: 0971445857 | K62: Bảng B | L62: TP. Hồ Chí Minh | M62: School A | N62: Học viện công nghệ bưu chính viễn thông cơ sở tại thành phố Hồ Chí Minh | O62: 2007-05-07 | P62: 001941975228 | Q62: 500000 | R62: chưa thanh toán | V62: 26/8 knm, nhắn zl, có tham gia talkshow
A63: 56 | B63: PT-074 | C63: Giữ | D63: 46260.336 | E63: Hồ Hải Vy | F63: Hồ Hải Vy | G63: hohaivy115@gmail.com | H63: hohaivy115@gmail.com | I63: 0901028875 | J63: 0901028875 | K63: Bảng B | L63: Hà Nội | M63: School A | N63: Học viện Công nghệ Bưu Chính Viễn Thông - PTIT | O63: 2007-11-10 | P63: 060847186707 | Q63: 500000 | R63: chưa thanh toán | V63: 26/8 đang cân nhắc, sẽ tham gia talkshow
A64: 57 | B64: PT-075 | C64: Giữ | D64: 46260.368 | E64: Đặng Anh Long | F64: Đặng Anh Long | G64: danganhlong@gmail.com | H64: danganhlong@gmail.com | I64: 0364050093 | J64: 0364050093 | K64: Bảng B | L64: Hà Nội | M64: School A | N64: Học Viện Công Nghệ Bưu Chính Viễn Thông | O64: 2002-10-20 | P64: 024704279883 | Q64: 500000 | R64: chưa thanh toán | V64: 26/8 đang gthieu tắt máy luôn
A65: 58 | B65: PT-104 | C65: Giữ | D65: 46260.371 | E65: Bùi Khánh Huy | F65: Bùi Khánh Huy | G65: buikhanhhuy2007@gmail.com | H65: buikhanhhuy2007@gmail.com | I65: 0828422632 | J65: 0828422632 | K65: Bảng B | L65: TP. Hồ Chí Minh | M65: School A | N65: Học viện Công nghệ bưu chính viễn thông | O65: 2008-08-05 | P65: 077920122415 | Q65: 500000 | R65: chưa thanh toán | V65: 26/8 chỉ thử th chứ ko tham gia, đang ngoài đường
A66: 59 | B66: PT-105 | C66: Giữ | D66: 46260.447 | E66: Võ Gia Tâm | F66: Võ Gia Tâm | G66: vogiatam@gmail.com | H66: vogiatam@gmail.com | I66: 0935428015 | J66: 0935428015 | K66: Bảng B | L66: Hà Nội | M66: School A | N66: Học viện Công nghệ Bưu chính Viễn thông | O66: 2006-01-30 | P66: 052407498120 | Q66: 500000 | R66: chưa thanh toán | S66: info | V66: 26/8 knm, đã nhắn zl
A67: 60 | B67: PT-018 | C67: Giữ | D67: 46260.515 | E67: Bùi Thị Trang | F67: Bùi Thị Trang | G67: buithitrang789@gmail.com | H67: buithitrang789@gmail.com | I67: 0376098703 | J67: 0376098703 | K67: Bảng B | L67: TP. Hồ Chí Minh | M67: School A | N67: Học viện Công nghệ Bưu Chính Viễn Thông - PTIT | O67: 2008-03-05 | P67: 092848860114 | Q67: 500000 | R67: completed | V67: 26/8 đã tư vấn
A68: 61 | B68: PT-106 | C68: Giữ | D68: 46260.681 | E68: Vũ Quang Ngân | F68: Vũ Quang Ngân | G68: vuquangngan@gmail.com | H68: vuquangngan@gmail.com | I68: 0700568937 | J68: 0700568937 | K68: Bảng B | L68: TP. Hồ Chí Minh | M68: School A | N68: Học viện Công nghệ Bưu Chính Viễn Thông - PTIT | O68: 2008-06-08 | P68: 027996490718 | Q68: 500000 | R68: chưa thanh toán | V68: 26/8 khả năng ko đki, tham gia talkshow
A69: 62 | B69: PT-019 | C69: Giữ | D69: 46261.459 | E69: Tạ Thị Trang | F69: Tạ Thị Trang | G69: tathitrang409@gmail.com | H69: tathitrang409@gmail.com | I69: 0326795248 | J69: 0326795248 | K69: Bảng B | L69: Hà Nội | M69: School A | N69: Học viện Công nghệ Bưu Chính Viễn Thông - PTIT | O69: 2008-06-27 | P69: 042545588045 | Q69: 500000 | R69: completed | S69: info | V69: tuần sau tham gia talkshow
A70: 63 | B70: PT-107 | C70: Giữ | D70: 46261.672 | E70: Ta Long | F70: Ta Long | G70: tatuanlong@sotatek.com | H70: tatuanlong@sotatek.com | I70: 0935638034 | J70: 0935638034 | K70: Bảng B | L70: Hà Nội | M70: School A | N70: PTIT | O70: 2010-10-10 | P70: 252939316 | Q70: 500000 | R70: chưa thanh toán | S70: miennam
A71: 64 | B71: PT-108 | C71: Giữ | D71: 46261.69 | E71: Lâm Toàn | F71: Lâm Toàn | G71: lamgiatoan@gmail.com | H71: lamgiatoan@gmail.com | I71: 0883026118 | J71: 0883026118 | K71: Bảng B | L71: Hà Nội | M71: School A | N71: Ptit | O71: 2004-08-19 | P71: 042673009731 | Q71: 500000 | R71: chưa thanh toán
A72: 65 | B72: PT-020 | C72: Giữ | D72: 46261.722 | E72: Mai Gia Hải | F72: Mai Gia Hải | G72: mai36dcat823@student.ptithcm.edu.vn | H72: mai36dcat823@student.ptithcm.edu.vn | I72: 0388244141 | J72: 0388244141 | K72: Bảng B | L72: TP. Hồ Chí Minh | M72: School A | N72: Học viện Công nghệ Bưu chính Viễn Thông - PTIT | O72: 2007-08-28 | P72: 037935531326 | Q72: 500000 | R72: completed | S72: metaads | V72: done
A73: 66 | B73: PT-021 | C73: Giữ | D73: 46261.729 | E73: Hoàng Hữu Bình | F73: Hoàng Hữu Bình | G73: hoa11dcat848@student.ptithcm.edu.vn | H73: hoa11dcat848@student.ptithcm.edu.vn | I73: 0846385642 | J73: 0846385642 | K73: Bảng B | L73: TP. Hồ Chí Minh | M73: School A | N73: Học viện Công nghệ Bưu Chính Viễn Thông - PTIT | O73: 2007-11-21 | P73: 033411137036 | Q73: 500000 | R73: completed | V73: done
A74: 67 | B74: PT-017 | C74: Giữ | D74: 46261.731 | E74: Đặng Xuân Giang | F74: Đặng Xuân Giang | G74: dan51dcat637@student.ptithcm.edu.vn | H74: dan51dcat637@student.ptithcm.edu.vn | I74: 0971445857 | J74: 0971445857 | K74: Bảng B | L74: TP. Hồ Chí Minh | M74: School A | N74: Học viện công nghệ bưu chính viễn thông cơ sở thành phố Hồ Chí Minh | O74: 2007-05-07 | P74: 001941975228 | Q74: 500000 | R74: completed | V74: done
A75: 68 | B75: PT-109 | C75: Giữ | D75: 46261.731 | E75: Hồ Tuấn Hạnh | F75: Hồ Tuấn Hạnh | G75: hotuanhanh578@gmail.com | H75: hotuanhanh578@gmail.com | I75: 0903429492 | J75: 0903429492 | K75: Bảng B | L75: Hà Nội | M75: School A | N75: Học viện Công nghệ Bưu chính Viễn thông | O75: 2006-06-02 | P75: 087184529379 | Q75: 500000 | R75: chưa thanh toán | V75: kcnc
A76: 69 | B76: PT-015 | C76: Giữ | D76: 46261.847 | E76: Lâm Thị Lan | F76: Lâm Thị Lan | G76: lam48dcat446@student.ptithcm.edu.vn | H76: lam48dcat446@student.ptithcm.edu.vn | I76: 0793842274 | J76: 0793842274 | K76: Bảng B | L76: TP. Hồ Chí Minh | M76: School A | N76: Học viện Công nghệ Bưu Chính Viễn Thông - PTIT | O76: 2007-07-21 | P76: 079723448496 | Q76: 500000 | R76: completed | S76: metaads | V76: done
A77: 70 | B77: PT-110 | C77: Giữ | D77: 46262.065 | E77: Mai Thanh Toàn | F77: Mai Thanh Toàn | G77: maithanhtoan303@gmail.com | H77: maithanhtoan303@gmail.com | I77: 0781268175 | J77: 0781268175 | K77: Bảng B | L77: Hà Nội | M77: School A | N77: PTIT | O77: 2007-06-26 | P77: 077037425294 | Q77: 500000 | R77: chưa thanh toán | V77: KNM
A78: 71 | B78: PT-022 | C78: Giữ | D78: 46262.608 | E78: Mai Hải Hiếu | F78: Mai Hải Hiếu | G78: mai29dcvt741@student.ptithcm.edu.vn | H78: mai29dcvt741@student.ptithcm.edu.vn | I78: 0363873024 | J78: 0363873024 | K78: Bảng B | L78: TP. Hồ Chí Minh | M78: School A | N78: Học viện Công nghệ Bưu Chính Viễn Thông cơ sở tại TP.HCM | O78: 2007-12-10 | P78: 075650706985 | Q78: 500000 | R78: completed | V78: 28/8 đã liên hệ htro
A79: 72 | B79: PT-023 | C79: Giữ | D79: 46263.057 | E79: Phan Anh Ngân | F79: Phan Anh Ngân | G79: phananhngan@gmail.com | H79: phananhngan@gmail.com | I79: 0938895089 | J79: 0938895089 | K79: Bảng B | L79: TP. Hồ Chí Minh | M79: School A | N79: Học viện Công nghệ Bưu Chính Viễn Thông cơ sở thành phố Hồ Chí Minh. | O79: 2006-04-11 | P79: 049965244560 | Q79: 500000 | R79: completed | S79: info | V79: done
A80: 73 | B80: PT-024 | C80: Giữ | D80: 46263.383 | E80: Dương Hữu Nhi | F80: Dương Hữu Nhi | G80: duonghuunhi93@gmail.com | H80: duonghuunhi93@gmail.com | I80: 0906532329 | J80: 0906532329 | K80: Bảng B | L80: TP. Hồ Chí Minh | M80: School A | N80: Học viện Công nghệ Bưu Chính Viễn Thông - PTIT | O80: 2007-04-27 | P80: 038843811406 | Q80: 500000 | R80: completed | S80: metaads | V80: Nhung đã add zalo
A81: 74 | B81: PT-025 | C81: Giữ | D81: 46263.633 | E81: Vũ Anh Duy | F81: Vũ Anh Duy | G81: vuanhduy@gmail.com | H81: vuanhduy@gmail.com | I81: 0914093541 | J81: 0914093541 | K81: Bảng B | L81: TP. Hồ Chí Minh | M81: School A | N81: Học viện Công nghệ Bưu Chính Viễn Thông - PTIT - Cơ sở TP. Hồ Chí Minh | O81: 2007-07-12 | P81: 031528838419 | Q81: 500000 | R81: completed | V81: done
A82: 75 | B82: PT-026 | C82: Trùng – đã gộp | D82: 46263.752 | E82: Ngô Minh Nam | F82: Ngô Minh Nam | G82: ngominhnam2008@gmail.com | H82: ngominhnam2008@gmail.com | I82: 0799696057 | J82: 0799696057 | K82: Bảng B | L82: TP. Hồ Chí Minh | M82: School A | N82: PTIT | O82: 2007-11-12 | P82: 082898683417 | Q82: 500000 | R82: chưa thanh toán | V82: đã đk
A83: 76 | B83: PT-026 | C83: Giữ | D83: 46263.754 | E83: Ngô Minh Nam | F83: Ngô Minh Nam | G83: ngominhnam2008@gmail.com | H83: ngominhnam2008@gmail.com | I83: 0799696057 | J83: 0799696057 | K83: Bảng B | L83: TP. Hồ Chí Minh | M83: School A | N83: ptit | O83: 2007-11-12 | P83: 082898683417 | Q83: 500000 | R83: completed | V83: done
A84: 77 | B84: PT-027 | C84: Giữ | D84: 46263.755 | E84: Trịnh Ngọc Hùng | F84: Trịnh Ngọc Hùng | G84: trinhngochung2007@gmail.com | H84: trinhngochung2007@gmail.com | I84: 0339830090 | J84: 0339830090 | K84: Bảng B | L84: TP. Hồ Chí Minh | M84: School A | N84: PTIT | O84: 2007-05-02 | P84: 049607539759 | Q84: 500000 | R84: completed | V84: done
A85: 78 | B85: PT-013 | C85: Trùng – đã gộp | D85: 46263.772 | E85: Phạm Thu Phong | F85: Phạm Thu Phong | G85: phamthuphong108@gmail.com | H85: phamthuphong108@gmail.com | I85: 0972909387 | J85: 0972909387 | K85: Bảng B | L85: TP. Hồ Chí Minh | M85: School A | N85: Học Viện Công Nghệ Bưu Chính Viễn Thông | O85: 2007-12-09 | P85: 038119789607 | Q85: 500000 | R85: chưa thanh toán
A86: 79 | B86: PT-013 | C86: Giữ | D86: 46263.966 | E86: Phạm Thu Phong | F86: Phạm Thu Phong | G86: phamthuphong108@gmail.com | H86: phamthuphong108@gmail.com | I86: 0972909387 | J86: 0972909387 | K86: Bảng B | L86: TP. Hồ Chí Minh | M86: School A | N86: Học Viện Công Nghệ Bưu Chính Viễn Thông | O86: 2007-12-09 | P86: 038119789607 | Q86: 500000 | R86: completed | V86: DONE - EMAIL
A87: 80 | B87: PT-111 | C87: Giữ | D87: 46264.048 | E87: Ngô Văn Trang | F87: Ngô Văn Trang | G87: ngovantrang2007@gmail.com | H87: ngovantrang2007@gmail.com | I87: 0837127274 | J87: 0837127274 | K87: Bảng B | L87: Hà Nội | M87: School A | N87: Học viện Công nghệ Bưu chính Viễn thông- PTIT | O87: 2008-04-06 | P87: 038072846759 | Q87: 500000 | R87: chưa thanh toán | V87: 1/9 o lăn tăn gì, lạnh lùng, đợi hoàn thiện
A88: 81 | B88: PT-028 | C88: Giữ | D88: 46264.387 | E88: Phan Thu Huy | F88: Phan Thu Huy | G88: phanthuhuy262@gmail.com | H88: phanthuhuy262@gmail.com | I88: 0908893679 | J88: 0908893679 | K88: Bảng B | L88: TP. Hồ Chí Minh | M88: School A | N88: Học viên công nghệ bưu chính viễn thông TP.HCM | O88: 2007-01-04 | P88: 049273204639 | Q88: 500000 | R88: completed | V88: done
A89: 82 | B89: PT-029 | C89: Giữ | D89: 46264.72 | E89: Ngô Ngọc Toàn | F89: Ngô Ngọc Toàn | G89: ngongoctoan554@gmail.com | H89: ngongoctoan554@gmail.com | I89: 0394361551 | J89: 0394361551 | K89: Bảng B | L89: Hà Nội | M89: School A | N89: Học viện Công nghệ Bưu Chính Viễn Thông - PTIT | O89: 2006-12-08 | P89: 064467515708 | Q89: 500000 | R89: completed | V89: done
A90: 83 | B90: PT-030 | C90: Giữ | D90: 46264.787 | E90: Nguyễn Đức Thành | F90: Nguyễn Đức Thành | G90: ngu20dcpt440@student.ptithcm.edu.vn | H90: ngu20dcpt440@student.ptithcm.edu.vn | I90: 0848208144 | J90: 0848208144 | K90: Bảng B | L90: TP. Hồ Chí Minh | M90: School A | N90: Học viện Công nghệ Bưu Chính Viễn Thông | O90: 2005-04-17 | P90: 001490876896 | Q90: 500000 | R90: completed | V90: done
A91: 84 | B91: PT-030 | C91: Trùng – đã gộp | D91: 46264.958 | E91: Nguyễn Đức Thành | F91: Nguyễn Đức Thành | G91: nguyenducthanh937@gmail.com | H91: nguyenducthanh937@gmail.com | I91: 0848208144 | J91: 0848208144 | K91: Bảng B | L91: TP. Hồ Chí Minh | M91: School A | N91: Học viện Công nghệ Bưu Chính Viễn Thông | O91: 2005-04-17 | P91: 001490876896 | Q91: 500000 | R91: chưa thanh toán
A92: 85 | B92: PT-112 | C92: Giữ | D92: 46265.207 | E92: Trần Bảo Vy | F92: Trần Bảo Vy | G92: tranbaovy@gmail.com | H92: tranbaovy@gmail.com | I92: 0918965879 | J92: 0918965879 | K92: Bảng B | L92: Hà Nội | M92: School A | N92: Học viện Công nghệ Bưu Chính Viễn Thông - PTIT | O92: 2006-11-09 | P92: 060366326612 | Q92: 500000 | R92: chưa thanh toán
A93: 86 | B93: PT-113 | C93: Giữ | D93: 46265.624 | E93: Đỗ Hoài Long | F93: Đỗ Hoài Long | G93: dohoailong968@gmail.com | H93: dohoailong968@gmail.com | I93: 0906765275 | J93: 0906765275 | K93: Bảng B | L93: Ninh Bình | M93: School A | N93: Học viện Công nghệ Bưu Chính Viễn Thông | O93: 2006-05-24 | P93: 087250262423 | Q93: 500000 | R93: chưa thanh toán | V93: 9/9 knm
A94: 87 | B94: PT-114 | C94: Giữ | D94: 46265.873 | E94: Hồ Hải Dũng | F94: Hồ Hải Dũng | G94: hohaidung2005@gmail.com | H94: hohaidung2005@gmail.com | I94: 0984057674 | J94: 0984057674 | K94: Bảng B | L94: Hà Tĩnh | M94: School A | N94: Học viện Công nghệ Bưu Chính Viễn Thông - PTIT. | O94: 2008-04-17 | P94: 060451717590 | Q94: 500000 | R94: chưa thanh toán | V94: tắt máy - nhắn zl
A95: 88 | B95: PT-031 | C95: Giữ | D95: 46265.903 | E95: Đinh Minh Phúc | F95: Đinh Minh Phúc | G95: dinhminhphuc@gmail.com | H95: dinhminhphuc@gmail.com | I95: 0814662764 | J95: 0814662764 | K95: Bảng B | L95: TP. Hồ Chí Minh | M95: School A | N95: Học Viện Công Nghệ Bưu Chính Viễn Thông - PTIT | O95: 2005-02-18 | P95: 082677218447 | Q95: 500000 | R95: completed | V95: done
A96: 89 | B96: PT-115 | C96: Giữ | D96: 46266.592 | E96: Lý Thanh Trang | F96: Lý Thanh Trang | G96: lythanhtrang759@gmail.com | H96: lythanhtrang759@gmail.com | I96: 0915749348 | J96: 0915749348 | K96: Bảng B | L96: Bắc Ninh | M96: School A | N96: Học viện Công nghệ Bưu Chính Viễn Thông - PTIT | O96: 1993-02-02 | P96: 077819768883 | Q96: 650000 | R96: chưa thanh toán | S96: metaads | V96: 9/9 lớn tuổi quá r sinh năm 1993
A97: 90 | B97: PT-076 | C97: Giữ | D97: 46266.944 | E97: Hoang Phuong Lam | F97: Hoang Phuong Lam | G97: hoangphuonglam@gmail.com | H97: hoangphuonglam@gmail.com | I97: 0700926088 | J97: 0700926088 | K97: Bảng B | L97: TP. Hồ Chí Minh | M97: School A | N97: PTITHCM | O97: 2006-03-17 | P97: 056937004631 | Q97: 650000 | R97: chưa thanh toán | V97: ko dăng kí nữa, giới thiệu voucher giảm giá, đã gửi tt qua zl | đang bận 8h 9h gọi lại đã gọi lại knm, nhắn lại zl
A98: 91 | B98: PT-032 | C98: Giữ | D98: 46267.646 | E98: Phạm Anh Toàn | F98: Phạm Anh Toàn | G98: phamanhtoan2005@gmail.com | H98: phamanhtoan2005@gmail.com | I98: 0777140507 | J98: 0777140507 | K98: Bảng B | L98: Hà Nội | M98: School A | N98: Học viện công nghệ bưu chính viễn thông | O98: 2008-06-22 | P98: 042557197833 | Q98: 650000 | R98: completed | V98: done
A99: 92 | B99: PT-077 | C99: Giữ | D99: 46267.84 | E99: Lê Khánh An | F99: Lê Khánh An | G99: lekhanhan827@gmail.com | H99: lekhanhan827@gmail.com | I99: 0378513033 | J99: 0378513033 | K99: Bảng B | L99: Hà Nội | M99: School A | N99: Học Viện Công Nghệ Bưu Chính Viễn Thông | O99: 2007-11-04 | P99: 052060878653 | Q99: 650000 | R99: chưa thanh toán | V99: ko tham gia do thấy có lệ phí | cf ko đăng kí
A100: 93 | B100: PT-009 | C100: Giữ | D100: 46273.956 | E100: Hoàng Anh Yến | F100: Hoàng Anh Yến | G100: hoanganhyen@gmail.com | H100: hoanganhyen@gmail.com | I100: 0850046884 | J100: 0850046884 | K100: Bảng A | L100: TP. Hồ Chí Minh | M100: School A | N100: HV Công nghệ Bưu Chính Viễn thông | O100: 2008-01-07 | P100: 038144692928 | Q100: 500000 | R100: completed | T100: PM0809 | V100: ko nghe máy đã nhắn zl - done
A101: 94 | B101: PT-033 | C101: Giữ | D101: 46274.893 | E101: Tạ Anh Lâm | F101: Tạ Anh Lâm | G101: taa27dcat371@student.ptithcm.edu.vn | H101: taa27dcat371@student.ptithcm.edu.vn | I101: 0839863155 | J101: 0839863155 | K101: Bảng B | L101: TP. Hồ Chí Minh | M101: School A | N101: Học viện Công nghệ Bưu chính viễn thông -PTITHCM | O101: 2005-02-24 | P101: 049338782717 | Q101: 650000 | R101: completed | S101: metaads | V101: dđã nhắn hỏi do zl số khác
...

Sheet External_Leads_Clean
A1: EXTERNAL_LEADS_CLEAN - Lead từ Talkshow Google Form & FB Lead Form
A2: • Lead kênh ngoài phải đối chiếu với Data trước khi nhập CRM, nếu không sẽ sinh hồ sơ trùng.
A3: • 3 kết quả: đã có trong Data, trùng trong file ngoài (điền form 2 lần), hoặc giữ vì là lead mới.
A4: • Gộp không làm mất dữ liệu: lịch sử Talkshow/FB vẫn nằm ở cột Nguồn dữ liệu của Master_Contacts.
A5: • Cạm bẫy: cùng 1 người nhưng email viết hoa, sai tên miền, SĐT dạng +84, tên không dấu.
A6: • Tự khai “Đã đăng ký” nhưng không có trong Data thì phải xác minh, không mặc nhiên coi là thí sinh.
A8: Nguồn | B8: Dòng gốc | C8: Contact ID | D8: Kết quả làm sạch | E8: Segment | F8: Thời gian | G8: Họ tên (chuẩn hoá) | H8: Họ tên (gốc) | I8: Email (chuẩn hoá) | J8: Email (gốc) | K8: SĐT (chuẩn hoá) | L8: SĐT (gốc) | M8: Bảng quan tâm | N8: Khu vực (chuẩn hoá) | O8: Trường (gốc) | P8: Muốn nhận lịch Talkshow | Q8: Tự khai đã đăng ký | R8: Câu hỏi | S8: Campaign / Kênh | T8: PIC | U8: Ghi chú
A9: FB Lead Form v2 | B9: 2 | C9: PT-132 | D9: Giữ (lead mới) | E9: S5 | F9: 46248.069 | G9: Duong Ngoc Binh | H9: Duong Ngoc Binh | I9: duongngocbinh986@gmail.com | J9: duongngocbinh986@gmail.com | K9: 0962519652 | L9: p:+84962519652 | M9: Bảng B | N9: TP. Hồ Chí Minh | P9: Không | S9: 1808 Lead | Uni | T9: Thắng | U9: 16/9 ko nghe máy đã nhắn zl
A10: FB Lead Form v2 | B10: 3 | C10: PT-075 | D10: Đã có trong Data – gộp vào hồ sơ | E10: S2 | F10: 46260.367 | G10: Đặng Long | H10: Đặng Long | I10: danganhlong@gmail.com | J10: danganhlong@gmail.com | K10: 0364050093 | L10: p:+84364050093 | M10: Bảng B | N10: Hà Nội | P10: Có | S10: PM 1808 | SuperAds test3
A11: FB Lead Form v2 | B11: 4 | C11: PT-026 | D11: Đã có trong Data – gộp vào hồ sơ | E11: S1 | F11: 46262.826 | G11: Ngo Minh Nam | H11: Ngo Minh Nam | I11: ngominhnam2008@gmail.com | J11: ngominhnam2008@gmail.con | K11: 0799696057 | L11: p:+84799696057 | M11: Bảng B | N11: Hà Nội | P11: Có | S11: 1808 Lead | Uni | T11: Tùng | U11: đã call, đang cân nhắc
A12: FB Lead Form v2 | B12: 5 | C12: PT-077 | D12: Đã có trong Data – gộp vào hồ sơ | E12: S2 | F12: 46267.738 | G12: Lê An | H12: Lê An | I12: lekhanhan827@gmail.com | J12: lekhanhan827@gmail.com | K12: 0378513033 | L12: p:+84378513033 | M12: Bảng B | N12: Hà Nội | P12: Có | S12: Bạn không có đủ quyền. Vui lòng tham khảo trợ giúp sau: https://www.facebook.com/business/help/766393076839635 | T12: Đạt | U12: 7/9: đã gửi link ts qua zalo
A13: FB Lead Form v2 | B13: 6 | C13: PT-142 | D13: Giữ (lead mới) | E13: S5 | F13: 46270.557 | G13: Phạm Thu Phúc | H13: Phạm Thu Phúc | I13: phamthuphuc@gmail.com | J13: phamthuphuc@gmail.com | K13: 0783504437 | L13: p:+84783504437 | M13: Bảng B | N13: Hà Nội | P13: Có | S13: PM 0808 | SuperAd test DN -> HCM | T13: Thắng | U13: knm
A14: FB Lead Form v2 | B14: 7 | C14: PT-131 | D14: Giữ (lead mới) | E14: S5 | F14: 46247.193 | G14: Do Bao Thao | H14: Do Bao Thao | I14: dobaothao@icloud.com | J14: dobaothao@icloud.com | K14: 0357780225 | L14: p:+84357780225 | M14: Bảng B | N14: Đà Nẵng | P14: Có | S14: SuperAd test2
A15: FB Lead Form v2 | B15: 8 | C15: PT-144 | D15: Giữ (lead mới) | E15: S5 | F15: 46271.786 | G15: Võ Phương Phong | H15: Võ Phương Phong | I15: vophuongphong572@gmail.com | J15: vophuongphong572@gmail.com | K15: 0831590359 | L15: p:+84831590359 | M15: Bảng B | N15: Hà Nội | P15: Có | S15: PM 0808 | SuperAd test DN -> HCM | T15: Nhung
A16: FB Lead Form v2 | B16: 9 | C16: PT-067 | D16: Đã có trong Data – gộp vào hồ sơ | E16: S2 | F16: 46250.849 | G16: Lam Van Thuy | H16: Lam Van Thuy | I16: lamvanthuy@gmail.com | J16: lamvanthuy@gmail.com | K16: 0768634349 | L16: p:+84768634349 | M16: Bảng B | N16: TP. Hồ Chí Minh | P16: Có | S16: SuperAd test2 | T16: Tùng | U16: em chưa join TS, add zl gửi tt tư vấn
A17: FB Lead Form v2 | B17: 10 | C17: PT-130 | D17: Giữ (lead mới) | E17: S5 | F17: 46246.704 | G17: Dang Duc Ngan | H17: Dang Duc Ngan | I17: dangducngan@icloud.com | J17: dangducngan@icloud.com | K17: 0886556000 | L17: p:+84886556000 | M17: Bảng B | N17: Hà Nội | P17: Có | S17: 1808 Lead | Uni | T17: Nhung | U17: ng dùng bận
A18: FB Lead Form v2 | B18: 11 | C18: PT-133 | D18: Giữ (lead mới) | E18: S5 | F18: 46248.527 | G18: Do Duc Cuong | H18: Do Duc Cuong | I18: doduccuong317@gmail.com | J18: doduccuong317@gmail.com | K18: 0381290678 | L18: p:+84381290678 | M18: Bảng A | N18: Hà Nội | P18: Có | S18: PM 0808 | SuperAd test DN -> HCM | T18: Nhung | U18: đã gửi tt zalo
A19: FB Lead Form v2 | B19: 12 | C19: PT-133 | D19: Trùng trong file ngoài – gộp | E19: S5 | F19: 46248.527 | G19: Do Duc Cuong | H19: Do Duc Cuong | I19: doduccuong317@gmail.com | J19: doduccuong317@gmail.com | K19: 0381290678 | L19: p:+84381290678 | M19: Bảng A | N19: Hà Nội | P19: Có | S19: PM 0808 | SuperAd test DN -> HCM | T19: Nhung | U19: đã gửi tt zalo
A20: FB Lead Form v2 | B20: 13 | C20: PT-140 | D20: Giữ (lead mới) | E20: S5 | F20: 46264.138 | G20: Hoàng Thanh Phúc | H20: Hoàng Thanh Phúc | I20: hoangthanhphuc@icloud.com | J20: hoangthanhphuc@icloud.com | K20: 0975436752 | L20: p:+84975436752 | M20: Bảng A | N20: Đà Nẵng | P20: Có | S20: PM 0808 | SuperAd test DN -> HCM | T20: Nhung | U20: knm
A21: FB Lead Form v2 | B21: 14 | C21: PT-135 | D21: Giữ (lead mới) | E21: S5 | F21: 46253.357 | G21: Ngo Minh Thuy | H21: Ngo Minh Thuy | I21: ngominhthuy@gmail.com | J21: ngominhthuy@gmail.com | K21: 0964811740 | L21: p:+84964811740 | M21: Bảng A | N21: TP. Hồ Chí Minh | P21: Không | S21: PM 0808 | SuperAd test DN -> HCM | T21: Thắng | U21: đã gửi tt zalo
A22: FB Lead Form v2 | B22: 15 | C22: PT-141 | D22: Giữ (lead mới) | E22: S5 | F22: 46268.485 | G22: Hồ Minh Trí | H22: Hồ Minh Trí | I22: hominhtri906@gmail.com | J22: hominhtri906@gmail.com | K22: 0947542540 | L22: p:+84947542540 | M22: Bảng B | N22: Hà Nội | P22: Không | S22: 1808 Lead | Uni | T22: Thắng | U22: 16/9 ko nghe máy đã nhắn zl
A23: FB Lead Form v2 | B23: 16 | C23: PT-139 | D23: Giữ (lead mới) | E23: S5 | F23: 46261.225 | G23: Trần Hữu Thịnh | H23: Trần Hữu Thịnh | I23: tranhuuthinh@gmail.com | J23: tranhuuthinh@gmail.com | K23: 0811382637 | L23: p:+84811382637 | M23: Bảng B | N23: Hà Nội | P23: Có | S23: SuperAd test2 | T23: Nhung | U23: đã gửi tt zalo | 16/9 ko nghe máy đã nhắn zl
A24: FB Lead Form v2 | B24: 17 | C24: PT-035 | D24: Đã có trong Data – gộp vào hồ sơ | E24: S1 | F24: 46270.571 | G24: Hoàng Dũng | H24: Hoàng Dũng | I24: hoanganhdung.0409@gmail.com | J24: hoanganhdung.0409@gmail.com | K24: 0975711221 | L24: p:+84975711221 | M24: Bảng B | N24: Hà Nội | P24: Có | S24: SuperAd test2 | T24: Nhung | U24: đã call, đang cân nhắc
A25: FB Lead Form v2 | B25: 18 | C25: PT-069 | D25: Đã có trong Data – gộp vào hồ sơ | E25: S2 | F25: 46254.565 | G25: Ngô Khôi | H25: Ngô Khôi | I25: ngotrungkhoi@gmail.com | J25: ngotrungkhoi@gmail.com | K25: 0849573862 | L25: p:+84849573862 | M25: Bảng B | N25: Hà Nội | P25: Không | S25: SuperAd test2 - Copy | T25: Thắng | U25: knm
A26: FB Lead Form v2 | B26: 19 | C26: PT-070 | D26: Đã có trong Data – gộp vào hồ sơ | E26: S2 | F26: 46259.387 | G26: Trần Phương Tú | H26: Trần Phương Tú | I26: tranphuongtu2005@gmail.com | J26: tranphuongtu2005@gmail.com | K26: 0943210536 | L26: p:+84943210536 | M26: Bảng B | N26: Hà Nội | P26: Có | S26: PM 1808 | SuperAds test3 | T26: Thắng
A27: FB Lead Form v2 | B27: 20 | C27: PT-143 | D27: Giữ (lead mới) | E27: S5 | F27: 46270.689 | G27: Tạ Trung Thịnh | H27: Tạ Trung Thịnh | I27: tatrungthinh2007@icloud.com | J27: tatrungthinh2007@icloud.com | K27: 0320112955 | L27: p:+84320112955 | M27: Bảng B | N27: TP. Hồ Chí Minh | P27: Có | S27: SuperAd test2 | U27: knm
A28: FB Lead Form v2 | B28: 21 | C28: PT-076 | D28: Đã có trong Data – gộp vào hồ sơ | E28: S2 | F28: 46250.827 | G28: Hoàng Lâm | H28: Hoàng Lâm | I28: hoangphuonglam@gmail.com | J28: hoangphuonglam@gmail.com | K28: 0700926088 | L28: p:+84700926088 | M28: Bảng B | N28: TP. Hồ Chí Minh | P28: Có | S28: SuperAd test2 | T28: Thắng | U28: 18/8 ko nghe máy, nhắn zl
A29: FB Lead Form v2 | B29: 22 | C29: PT-134 | D29: Giữ (lead mới) | E29: S5 | F29: 46253.173 | G29: Vo Hai Trang | H29: Vo Hai Trang | I29: vohaitrang2004@gmail.com | J29: vohaitrang2004@gmail.con | K29: 0918000166 | L29: p:+84918000166 | M29: Bảng B | N29: Hà Nội | P29: Có | S29: 1808 Lead | Uni | T29: Thắng | U29: 16/9 ko nghe máy đã nhắn zl
A30: FB Lead Form v2 | B30: 23 | C30: PT-029 | D30: Đã có trong Data – gộp vào hồ sơ | E30: S1 | F30: 46264.381 | G30: Ngô Ngọc Toàn | H30: Ngô Ngọc Toàn | I30: ngongoctoan554@gmail.com | J30: ngongoctoan554@gmail.com | K30: 0394361551 | L30: p:+84394361551 | M30: Bảng B | N30: Hà Nội | P30: Có | T30: Đạt | U30: 15/09: đã đăng ký thi
A31: FB Lead Form v2 | B31: 24 | C31: PT-040 | D31: Đã có trong Data – gộp vào hồ sơ | E31: S1 | F31: 46257.823 | G31: Trinh Quyen | H31: Trinh Quyen | I31: trinhhaiquyen2007@gmail.com | J31: trinhhaiquyen2007@gmail.com | K31: 0963060225 | L31: p:+84963060225 | M31: Bảng B | N31: Miền Nam | P31: Không | S31: 2208| SuperAds 4 | T31: Thắng
A32: FB Lead Form v2 | B32: 25 | C32: PT-136 | D32: Giữ (lead mới) | E32: S5 | F32: 46256.735 | G32: Đỗ Khánh Giang | H32: Đỗ Khánh Giang | I32: dokhanhgiang2005@gmail.com | J32: dokhanhgiang2005@gmail.com | K32: 0773082635 | L32: p:+84773082635 | M32: Bảng B | N32: TP. Hồ Chí Minh | P32: Có | S32: PM 0808 | SuperAd test DN -> HCM | T32: Nhung | U32: knm
A33: FB Lead Form v2 | B33: 26 | C33: PT-145 | D33: Giữ (lead mới) | E33: S5 | F33: 46273.111 | G33: Hoàng Gia Lâm | H33: Hoàng Gia Lâm | I33: hoanggialam689@gmail.com | J33: hoanggialam689@gmail.com | K33: 0814990681 | L33: p:+84814990681 | M33: Bảng A | N33: TP. Hồ Chí Minh | P33: Có | S33: 1808 Lead | Uni | T33: Thắng | U33: knm
A34: FB Lead Form v2 | B34: 27 | C34: PT-023 | D34: Đã có trong Data – gộp vào hồ sơ | E34: S1 | F34: 46252.902 | G34: Phan Anh Ngân | H34: Phan Anh Ngân | I34: phananhngan@gmail.com | J34: phananhngan@gmail.com | K34: 0938895089 | L34: p:+84938895089 | M34: Bảng B | N34: Thành Phố Thủ Đức | P34: Có | S34: PM 1808 | SuperAds test3 | T34: Nhung | U34: knm
A35: FB Lead Form v2 | B35: 28 | C35: PT-001 | D35: Đã có trong Data – gộp vào hồ sơ | E35: S1 | F35: 46251.797 | G35: Dương Nam | H35: Dương Nam | I35: duonghoainam380@gmail.com | J35: duonghoainam380@gmail.com | K35: 0833008389 | L35: p:+84833008389 | M35: Bảng B | N35: TP. Hồ Chí Minh | P35: Có | S35: 1808 Lead | Uni | T35: Tùng | U35: đã call, đang cân nhắc
A36: FB Lead Form v2 | B36: 29 | C36: PT-131 | D36: Trùng trong file ngoài – gộp | E36: S5 | F36: 46247.193 | G36: Do Bao Thao | H36: Do Bao Thao | I36: dobaothao@icloud.com | J36: dobaothao@icloud.com | K36: 0357780225 | L36: p:+84357780225 | M36: Bảng B | N36: Đà Nẵng | P36: Có | S36: SuperAd test2
A37: FB Lead Form v2 | B37: 30 | C37: PT-137 | D37: Giữ (lead mới) | E37: S5 | F37: 46256.803 | G37: Phạm Hải Quân | H37: Phạm Hải Quân | I37: phamhaiquan2008@gmail.com | J37: phamhaiquan2008@gmail.com | K37: 0885034519 | L37: p:+84885034519 | M37: Bảng B | N37: Hà Nội | P37: Có | S37: 1808 Lead | Uni | U37: knm | 16/9 ko nghe máy đã nhắn zl
A38: FB Lead Form v2 | B38: 31 | C38: PT-145 | D38: Trùng trong file ngoài – gộp | E38: S5 | F38: 46273.111 | G38: Hoàng Gia Lâm | H38: Hoàng Gia Lâm | I38: hoanggialam689@gmail.com | J38: hoanggialam689@gmail.com | K38: 0814990681 | L38: p:+84814990681 | M38: Bảng A | N38: TP. Hồ Chí Minh | P38: Có | S38: 1808 Lead | Uni | T38: Thắng | U38: knm
A39: FB Lead Form v2 | B39: 32 | C39: PT-138 | D39: Giữ (lead mới) | E39: S5 | F39: 46259.9 | G39: Phạm Ngọc Tâm | H39: Phạm Ngọc Tâm | I39: phamngoctam@icloud.com | J39: phamngoctam@icloud.com | K39: 0391056402 | L39: p:+84391056402 | M39: Bảng B | N39: TP. Hồ Chí Minh | P39: Không | S39: PM 0808 | SuperAd test DN -> HCM | T39: Thắng | U39: knm
A40: Talkshow Google Form | B40: 2 | C40: PT-124 | D40: Giữ (lead mới) | E40: S4 | F40: 46260.808 | G40: Lâm Bảo Hiếu | H40: Lâm Bảo Hiếu | I40: lambaohieu361@yahoo.com | J40: lambaohieu361@yahoo.com | K40: 0829280955 | L40: 0829280955 | M40: Bảng B | O40: Học viện công nghệ bưu chính viễn thông | P40: Có | Q40: Chưa đăng ký vì còn thắc mắc | R40: Em muốn hỏi lệ phí thi bao nhiêu ạ? | S40: Nhà trường, thầy cô hoặc bạn bè giới thiệu | T40: Nhung
A41: Talkshow Google Form | B41: 3 | C41: PT-042 | D41: Đã có trong Data – gộp vào hồ sơ | E41: S1 | F41: 46267.913 | G41: Phạm Văn Khôi | H41: Phạm Văn Khôi | I41: pha69dcat323@student.ptithcm.edu.vn | J41: pha69dcat323@student.ptithcm.edu.vn | K41: 0940479450 | L41: 0940479450 | M41: Bảng B | O41: Học viện Công nghệ Bưu chính Viễn thông | P41: Có | Q41: Chưa đăng ký vì còn thắc mắc | R41: Em học Python cơ bản thì thi được không? | S41: Bạn bè giới thiệu | T41: Thắng
A42: Talkshow Google Form | B42: 4 | C42: PT-122 | D42: Giữ (lead mới) | E42: S4 | F42: 46253.846 | G42: Võ Nhật Phúc | H42: Võ Nhật Phúc | I42: vonhatphuc2007@gmail.com | J42: vonhatphuc2007@gmail.com | K42: 0815926981 | L42: 0815926981 | M42: Bảng B | O42: PTIT | P42: Có | Q42: Chưa đăng ký vì còn thắc mắc | R42: Em muốn hỏi lệ phí thi bao nhiêu ạ? | S42: Nhà trường, thầy cô hoặc bạn bè giới thiệu | T42: Thắng
A43: Talkshow Google Form | B43: 5 | C43: PT-128 | D43: Giữ (lead mới) | E43: S4 | F43: 46274.854 | G43: Lâm Khánh Trang | H43: Lâm Khánh Trang | I43: lamkhanhtrang2006@gmail.com | J43: lamkhanhtrang2006@gmail.com | K43: 0945483146 | L43: 0945483146 | M43: Bảng B | O43: UET | P43: Có | Q43: Đã đăng ký | R43: Đề thi có khó không ạ? | S43: Fanpage Python Master | T43: Thắng
A44: Talkshow Google Form | B44: 6 | C44: PT-005 | D44: Đã có trong Data – gộp vào hồ sơ | E44: S1 | F44: 46243.468 | G44: Võ Phương Phúc | H44: Võ Phương Phúc | I44: vophuongphuc@gmail.com | J44: vophuongphuc@gmail.com | K44: 0826162603 | L44: 0826162603 | M44: Bảng B | P44: Có | Q44: Chưa đăng ký vì còn thắc mắc | S44: Quảng cáo trên kênh Facebook của Python Master 2026 | T44: Thắng | U44: sẽ tham gia (25/08) sẽ tham gia (27/08)
A45: Talkshow Google Form | B45: 7 | C45: PT-031 | D45: Đã có trong Data – gộp vào hồ sơ | E45: S1 | F45: 46265.907 | G45: Đinh Minh Phúc | H45: Đinh Minh Phúc | I45: dinhminhphuc@gmail.com | J45: dinhminhphuc@gmail.com | K45: 0814662764 | L45: 0814662764 | M45: Bảng B | O45: PTIT HCM | P45: Có | Q45: Đã đăng ký | S45: Nhà trường, thầy cô hoặc bạn bè giới thiệu | T45: Đạt
A46: Talkshow Google Form | B46: 8 | C46: PT-024 | D46: Đã có trong Data – gộp vào hồ sơ | E46: S1 | F46: 46259.826 | G46: Dương Hữu Nhi | H46: Dương Hữu Nhi | I46: duo63dcpt410@student.ptithcm.edu.vn | J46: duo63dcpt410@student.ptithcm.edu.vn | K46: 0906532329 | L46: 0906532329 | M46: Bảng B | O46: Học viện Công nghệ Bưu chính Viễn thông | P46: Có | Q46: Chưa đăng ký vì còn thắc mắc | S46: Nhà trường, thầy cô hoặc bạn bè giới thiệu | T46: Đạt | U46: sẽ tham gia (27/8)
A47: Talkshow Google Form | B47: 9 | C47: PT-127 | D47: Giữ (lead mới) | E47: S4 | F47: 46274.84 | G47: Trần Phương Chi | H47: Trần Phương Chi | I47: tranphuongchi@yahoo.com | J47: tranphuongchi@yahoo.com | K47: 0778761510 | L47: 0778761510 | M47: Bảng B | O47: Học viện công nghệ bưu chính viễn thông | P47: Có | Q47: Chưa đăng ký vì còn thắc mắc | R47: Thi ở đâu ạ? | S47: Nhà trường, thầy cô hoặc bạn bè giới thiệu | T47: Nhung
A48: Talkshow Google Form | B48: 10 | C48: PT-073 | D48: Đã có trong Data – gộp vào hồ sơ | E48: S2 | F48: 46259.716 | G48: Lê Minh Long | H48: Lê Minh Long | I48: lem14dcpt833@student.ptithcm.edu.vn | J48: lem14dcpt833@student.ptithcm.edu.vn | K48: 0335155617 | L48: 0335155617 | M48: Bảng B | O48: Học Viện Công Nghệ Bưu Chính Viễn Thông | P48: Có | Q48: Chưa đăng ký vì còn thắc mắc | R48: không có | S48: Nhà trường, thầy cô hoặc bạn bè giới thiệu | T48: Đạt | U48: sẽ tham gia (27/8)
A49: Talkshow Google Form | B49: 11 | C49: PT-121 | D49: Giữ (lead mới) | E49: S4 | F49: 46246.391 | G49: Mai Trung Hải | H49: Mai Trung Hải | I49: maitrunghai872@gmail.com | J49: maitrunghai872@gmail.com | K49: 0762606609 | L49: 0762606609 | M49: Bảng A | O49: Học viện Công nghệ Bưu chính Viễn thông | P49: Có | Q49: Đã đăng ký | S49: Nhà trường, thầy cô hoặc bạn bè giới thiệu | T49: Đạt
A50: Talkshow Google Form | B50: 12 | C50: PT-071 | D50: Đã có trong Data – gộp vào hồ sơ | E50: S2 | F50: 46274.872 | G50: Vu Ngoc Duy | H50: vu ngoc duy | I50: vungocduy342@gmail.com | J50: vungocduy342@gmail.com | K50: 0377906335 | L50: 0377906335 | M50: Bảng B | O50: Học viện Công nghệ Bưu chính Viễn thông | P50: Có | Q50: Chưa đăng ký vì còn thắc mắc | R50: Đề thi có khó không ạ? | S50: Fanpage Python Master | T50: Thắng
A51: Talkshow Google Form | B51: 13 | C51: PT-028 | D51: Đã có trong Data – gộp vào hồ sơ | E51: S1 | F51: 46259.667 | G51: Phan Thu Huy | H51: Phan Thu Huy | I51: phanthuhuy262@gmail.com | J51: phanthuhuy262@gmail.com | K51: 0908893679 | L51: 0908893679 | M51: Bảng B | O51: PTIT HCM | P51: Có | Q51: Chưa đăng ký vì còn thắc mắc | S51: Nhà trường, thầy cô hoặc bạn bè giới thiệu | T51: Đạt | U51: knm
A52: Talkshow Google Form | B52: 14 | C52: PT-068 | D52: Đã có trong Data – gộp vào hồ sơ | E52: S2 | F52: 46253.778 | G52: Trịnh Khánh Nhi | H52: Trịnh Khánh Nhi | I52: tri43dcat112@student.ptithcm.edu.vn | J52: tri43dcat112@student.ptithcm.edu.vn | K52: 0396043066 | L52: 0396043066 | M52: Bảng B | O52: Học viện Công nghệ Bưu Chính Viễn Thông - PTITHCM | P52: Có | Q52: Chưa đăng ký vì còn thắc mắc | S52: Nhà trường, thầy cô hoặc bạn bè giới thiệu | T52: Thắng | U52: ko nghe máy | sẽ tham gia (25/08) 27/08 knm
A53: Talkshow Google Form | B53: 15 | C53: PT-072 | D53: Đã có trong Data – gộp vào hồ sơ | E53: S2 | F53: 46259.815 | G53: Lê Xuân Trí | H53: Lê Xuân Trí | I53: lex26dcpt108@student.ptithcm.edu.vn | J53: lex26dcpt108@student.ptithcm.edu.vn | K53: 0363133751 | L53: 0363133751 | M53: Bảng B | O53: PTITHCM | P53: Có | Q53: Chưa đăng ký vì còn thắc mắc | S53: Nhà trường, thầy cô hoặc bạn bè giới thiệu | T53: Đạt | U53: knm
A54: Talkshow Google Form | B54: 16 | C54: PT-041 | D54: Đã có trong Data – gộp vào hồ sơ | E54: S1 | F54: 46260.8 | G54: Phạm Hải Tuệ | H54: Phạm Hải Tuệ | I54: pha55dcpt280@student.ptithcm.edu.vn | J54: pha55dcpt280@student.ptithcm.edu.vn | K54: 0880497802 | L54: +84880497802 | M54: Bảng B | O54: PTIT | P54: Có | Q54: Chưa đăng ký vì còn thắc mắc | S54: Quảng cáo trên kênh Facebook của Python Master 2026 | T54: Đạt
A55: Talkshow Google Form | B55: 17 | C55: PT-013 | D55: Đã có trong Data – gộp vào hồ sơ | E55: S1 | F55: 46253.875 | G55: Phạm Thu Phong | H55: Phạm Thu Phong | I55: phamthuphong108@gmail.com | J55: phamthuphong108@gmail.com | K55: 0972909387 | L55: 0972909387 | M55: Bảng B | O55: Học Viện Công Nghệ Bưu Chính Viễn Thông | P55: Có | Q55: Chưa đăng ký vì còn thắc mắc | S55: Nhà trường, thầy cô hoặc bạn bè giới thiệu | T55: Thắng | U55: tắt máy - ko tìm thấy zl | knm 27/08 thuê bao
A56: Talkshow Google Form | B56: 18 | C56: PT-129 | D56: Giữ (lead mới) | E56: S4 | F56: 46275.586 | G56: Ngô Văn Mai | H56: Ngô Văn Mai | K56: 0847036442 | L56: 0847036442 | M56: Bảng B | O56: Học viện Công nghệ Bưu Chính Viễn Thông cơ sở TP.HCM | P56: Có | Q56: Chưa đăng ký vì còn thắc mắc | R56: Em đăng ký thế nào ạ? | S56: Bạn bè giới thiệu | T56: Nhung
A57: Talkshow Google Form | B57: 19 | C57: PT-125 | D57: Giữ (lead mới) | E57: S4 | F57: 46267.878 | G57: Tạ Thị Nguyên | H57: Tạ Thị Nguyên | I57: tathinguyen41@gmail.com | J57: tathinguyen41@gmail.com | K57: 0977245277 | L57: 0977245277 | M57: Bảng B | O57: Đại học Bách Khoa Hà Nội | P57: Có | Q57: Chưa đăng ký vì còn thắc mắc | R57: Em muốn hỏi lệ phí thi bao nhiêu ạ? | S57: Fanpage Python Master | T57: Nhung
A58: Talkshow Google Form | B58: 20 | C58: PT-039 | D58: Đã có trong Data – gộp vào hồ sơ | E58: S1 | F58: 46246.405 | G58: Tạ Xuân Khôi | H58: Tạ Xuân Khôi | I58: tax96dcat162@student.ptithcm.edu.vn | J58: TAX96DCAT162@STUDENT.PTITHCM.EDU.VN | K58: 0344952346 | L58: 0344952346 | M58: Bảng B | O58: Học viện CN Bưu Chính Viễn Thông - PTIT | P58: Có | Q58: Đã đăng ký | R58: Em muốn hỏi lệ phí thi bao nhiêu ạ? | S58: Fanpage Python Master | T58: Thắng
A59: Talkshow Google Form | B59: 21 | C59: PT-127 | D59: Trùng trong file ngoài – gộp | E59: S4 | F59: 46274.84 | G59: Trần Phương Chi | H59: Trần Phương Chi | I59: tranphuongchi@yahoo.com | J59: tranphuongchi@yahoo.com | K59: 0778761510 | L59: 0778761510 | M59: Bảng B | O59: Học viện công nghệ bưu chính viễn thông | P59: Có | Q59: Chưa đăng ký vì còn thắc mắc | R59: Thi ở đâu ạ? | S59: Nhà trường, thầy cô hoặc bạn bè giới thiệu | T59: Nhung
A60: Talkshow Google Form | B60: 22 | C60: PT-016 | D60: Đã có trong Data – gộp vào hồ sơ | E60: S1 | F60: 46259.802 | G60: Lê Hải Vy | H60: Lê Hải Vy | I60: lehaivy924@gmail.com | J60: lehaivy924@gmail.com | K60: 0882266905 | L60: 0882266905 | M60: Bảng B | O60: Học viện Bưu Chính VIễn Thông (PTIT HCM) | P60: Có | Q60: Chưa đăng ký vì còn thắc mắc | R60: Không ạ | S60: Nhà trường, thầy cô hoặc bạn bè giới thiệu | T60: Đạt | U60: sẽ tham gia (27/8)
A61: Talkshow Google Form | B61: 23 | C61: PT-120 | D61: Giữ (lead mới) | E61: S4 | F61: 46246.381 | G61: Đỗ Ngọc Tâm | H61: Đỗ Ngọc Tâm | I61: dongoctam@yahoo.com | J61: dongoctam@yahoo.com | K61: 0386975054 | L61: 0386975054 | M61: Bảng B | O61: Đại học FPT | P61: Có | Q61: Đã đăng ký | S61: Bạn bè giới thiệu
A62: Talkshow Google Form | B62: 24 | C62: PT-125 | D62: Trùng trong file ngoài – gộp | E62: S4 | F62: 46267.878 | G62: Tạ Thị Nguyên | H62: Tạ Thị Nguyên | I62: tathinguyen41@gmail.com | J62: tathinguyen41@gmail.com | K62: 0977245277 | L62: 0977245277 | M62: Bảng B | O62: Đại học Bách Khoa Hà Nội | P62: Có | Q62: Chưa đăng ký vì còn thắc mắc | R62: Em muốn hỏi lệ phí thi bao nhiêu ạ? | S62: Fanpage Python Master | T62: Nhung
A63: Talkshow Google Form | B63: 25 | C63: PT-005 | D63: Đã có trong Data – gộp vào hồ sơ | E63: S1 | F63: 46252.705 | G63: Võ Phương Phúc | H63: Võ Phương Phúc | I63: vophuongphuc@gmail.com | J63: vophuongphuc@gmail.com | K63: 0826162603 | L63: 0826162603 | M63: Bảng B | O63: ptit | P63: Có | Q63: Chưa đăng ký vì còn thắc mắc | S63: Quảng cáo trên kênh Facebook của Python Master 2026 | T63: Thắng | U63: trùng
A64: Talkshow Google Form | B64: 26 | C64: PT-126 | D64: Giữ (lead mới) | E64: S4 | F64: 46267.907 | G64: Ngô Phương Thịnh | H64: Ngô Phương Thịnh | I64: ngophuongthinh80@yahoo.com | J64: ngophuongthinh80@yahoo.com | K64: 0391663019 | L64: 0391663019 | M64: Bảng B | O64: Học viện công nghệ bưu chính viễn thông | P64: Có | Q64: Chưa đăng ký vì còn thắc mắc | R64: Không vào chung kết có được cấp chứng chỉ không ạ? | S64: Quảng cáo trên kênh Facebook của Python Master 2026 | T64: Đạt
A65: Talkshow Google Form | B65: 27 | C65: PT-123 | D65: Giữ (lead mới) | E65: S4 | F65: 46260.795 | G65: Mai Thanh Khôi | H65: Mai Thanh Khôi | I65: maithanhkhoi2004@gmail.com | J65: maithanhkhoi2004@gmail.com | K65: 0335714591 | L65: 0335714591 | M65: Bảng B | O65: UET | P65: Có | Q65: Đã đăng ký | S65: Quảng cáo trên kênh Facebook của Python Master 2026
A66: Talkshow Google Form | B66: 28 | C66: PT-005 | D66: Đã có trong Data – gộp vào hồ sơ | E66: S1 | F66: 46253.848 | G66: Võ Phương Phúc | H66: Võ Phương Phúc | I66: vophuongphuc@gmail.com | J66: vophuongphuc@gmai.com | K66: 0826162603 | L66: 0826162603 | M66: Bảng B | O66: Học viện Công nghệ Bưu chính Viễn thông | P66: Có | Q66: Đã đăng ký | R66: Đề thi có khó không ạ? | S66: Fanpage Python Master | T66: Nhung
A67: Talkshow Google Form | B67: 29 | C67: PT-074 | D67: Đã có trong Data – gộp vào hồ sơ | E67: S2 | F67: 46260.401 | G67: Hồ Hải Vy | H67: Hồ Hải Vy | I67: hohaivy115@gmail.com | J67: hohaivy115@gmail.com | K67: 0901028875 | L67: 0901028875 | M67: Bảng B | O67: Học viện Công nghệ Bưu Chính Viễn Thông | P67: Có | Q67: Chưa đăng ký vì còn thắc mắc | S67: Quảng cáo trên kênh Facebook của Python Master 2026 | T67: Đạt | U67: knm

Sheet Duplicate_Log
A1: DUPLICATE_LOG — Nhật ký gộp trùng (audit trail)
A2: • Mọi thao tác gộp phải ghi lại: nguồn, dòng gốc, lý do, bản ghi được giữ – bắt buộc khi migrate CRM.
A3: • Khi thí sinh khiếu nại “em đăng ký rồi”, log này cho biết dòng nào đã bị gộp và vì sao.
A4: • Tổng cộng 46 bản ghi bị gộp: 13 từ sheet Data, 33 từ 2 form ngoài.
A5: • Bài tập: thử gộp chỉ bằng email, rồi chỉ bằng SĐT, so với log này để thấy rủi ro gộp nhầm.
A7: Nguồn | B7: Dòng gốc | C7: Contact ID | D7: Họ tên (gốc) | E7: Email (gốc) | F7: payment_status | G7: Lý do
A8: Data | B8: 2 | C8: PT-001 | D8: Dương Hoài Nam | E8: duonghoainam380@gmail.com | F8: chưa thanh toán | G8: Trùng email – giữ dòng 11 (completed)
A9: Data | B9: 10 | C9: PT-004 | D9: Hồ Hữu Vy | E9: hoh43dcpt729@stu.ptit.edu.vn | F9: chưa thanh toán | G9: Trùng email – giữ dòng 12 (completed)
A10: Data | B10: 29 | C10: PT-009 | D10: Hoàng Anh Yến | E10: hoanganhyen@gmail.com | F10: chưa thanh toán | G10: Trùng email – giữ dòng 93 (completed)
A11: Data | B11: 44 | C11: PT-013 | D11: Phạm Thu Phong | E11: phamthuphong108@gmail.com | F11: chưa thanh toán | G11: Trùng email – giữ dòng 79 (completed)
A12: Data | B12: 48 | C12: PT-015 | D12: Lâm Thị Lan | E12: lam48dcat446@student.ptithcm.edu.vn | F12: chưa thanh toán | G12: Trùng email – giữ dòng 69 (completed)
A13: Data | B13: 55 | C13: PT-017 | D13: Đặng Xuân Giang | E13: dan51dcat637@student.ptithcm.edu.vn | F13: chưa thanh toán | G13: Trùng email – giữ dòng 67 (completed)
A14: Data | B14: 75 | C14: PT-026 | D14: Ngô Minh Nam | E14: ngominhnam2008@gmail.com | F14: chưa thanh toán | G14: Trùng email – giữ dòng 76 (completed)
A15: Data | B15: 78 | C15: PT-013 | D15: Phạm Thu Phong | E15: phamthuphong108@gmail.com | F15: chưa thanh toán | G15: Trùng email – giữ dòng 79 (completed)
A16: Data | B16: 84 | C16: PT-030 | D16: Nguyễn Đức Thành | E16: nguyenducthanh937@gmail.com | F16: chưa thanh toán | G16: Trùng SĐT + tên – giữ dòng 83 (completed)
A17: Data | B17: 96 | C17: PT-035 | D17: Hoàng Anh Dũng | E17: hoanganhdung.0409@gmail.com | F17: chưa thanh toán | G17: Trùng SĐT + tên – giữ dòng 106 (completed)
A18: Data | B18: 98 | C18: PT-035 | D18: Hoàng Anh Dũng | E18: hoanganhdung.0409@gmail.com | F18: chưa thanh toán | G18: Trùng SĐT + tên – giữ dòng 106 (completed)
A19: Data | B19: 102 | C19: PT-038 | D19: Lê Minh Tiến | E19: leminhtien@gmail.com | F19: chưa thanh toán | G19: Trùng SĐT + tên – giữ dòng 132 (completed)
A20: Data | B20: 103 | C20: PT-038 | D20: Lê Minh Tiến | E20: lem79dcvt131@student.ptithcm.edu.vn | F20: chưa thanh toán | G20: Trùng email – giữ dòng 132 (completed)
A21: FB Lead Form v2 | B21: 28 | C21: PT-001 | D21: Dương Nam | E21: duonghoainam380@gmail.com | G21: Đã có trong Data – gộp vào hồ sơ
A22: Talkshow Google Form | B22: 6 | C22: PT-005 | D22: Võ Phương Phúc | E22: vophuongphuc@gmail.com | G22: Đã có trong Data – gộp vào hồ sơ
A23: Talkshow Google Form | B23: 25 | C23: PT-005 | D23: Võ Phương Phúc | E23: vophuongphuc@gmail.com | G23: Đã có trong Data – gộp vào hồ sơ
A24: Talkshow Google Form | B24: 28 | C24: PT-005 | D24: Võ Phương Phúc | E24: vophuongphuc@gmai.com | G24: Đã có trong Data – gộp vào hồ sơ
A25: Talkshow Google Form | B25: 17 | C25: PT-013 | D25: Phạm Thu Phong | E25: phamthuphong108@gmail.com | G25: Đã có trong Data – gộp vào hồ sơ
A26: Talkshow Google Form | B26: 22 | C26: PT-016 | D26: Lê Hải Vy | E26: lehaivy924@gmail.com | G26: Đã có trong Data – gộp vào hồ sơ
A27: FB Lead Form v2 | B27: 27 | C27: PT-023 | D27: Phan Anh Ngân | E27: phananhngan@gmail.com | G27: Đã có trong Data – gộp vào hồ sơ
A28: Talkshow Google Form | B28: 8 | C28: PT-024 | D28: Dương Hữu Nhi | E28: duo63dcpt410@student.ptithcm.edu.vn | G28: Đã có trong Data – gộp vào hồ sơ
A29: FB Lead Form v2 | B29: 4 | C29: PT-026 | D29: Ngo Minh Nam | E29: ngominhnam2008@gmail.con | G29: Đã có trong Data – gộp vào hồ sơ
A30: Talkshow Google Form | B30: 13 | C30: PT-028 | D30: Phan Thu Huy | E30: phanthuhuy262@gmail.com | G30: Đã có trong Data – gộp vào hồ sơ
A31: FB Lead Form v2 | B31: 23 | C31: PT-029 | D31: Ngô Ngọc Toàn | E31: ngongoctoan554@gmail.com | G31: Đã có trong Data – gộp vào hồ sơ
A32: Talkshow Google Form | B32: 7 | C32: PT-031 | D32: Đinh Minh Phúc | E32: dinhminhphuc@gmail.com | G32: Đã có trong Data – gộp vào hồ sơ
... A53: FB Lead Form v2 | B53: 31 | C53: PT-145 | D53: Hoàng Gia Lâm | E53: hoanggialam689@gmail.com | G53: Trùng trong file ngoài – gộp

Sheet Data_Quality
A1: DATA_QUALITY — Nhật ký lỗi & chuẩn hoá dữ liệu
A2: • Liệt kê từng lỗi kèm giá trị trước và sau khi sửa, dùng để báo cáo chất lượng dữ liệu đầu vào.
A3: • 5 nhóm lỗi: email sai tên miền, email thiếu, SĐT sai định dạng, tỉnh/thành và tên trường không đồng nhất.
A4: • Nguyên nhân gốc là form nhập tự do; giải pháp là dropdown danh mục và validate ngay trên form.
A5: • Hậu quả thực tế: email sai thì thí sinh không nhận được tài khoản ôn thi và thông tin phòng thi.
A7: Loại vấn đề | B7: Nguồn | C7: Dòng gốc | D7: Giá trị gốc | E7: Giá trị sau chuẩn hoá | F7: Ghi chú
A8: Chuẩn hoá tên trường | B8: Data | C8: 2 | D8: Học viện Công nghệ Bưu Chính Viễn Thông - PTIT. | E8: School A | F8: Quy về 1 tên trường chuẩn trong danh mục
A9: Chuẩn hoá tên trường | B9: Data | C9: 3 | D9: PTIT | E9: School A | F9: Quy về 1 tên trường chuẩn trong danh mục
A10: Chuẩn hoá tên trường | B10: Data | C10: 4 | D10: Học viện Công nghệ Bưu chính Viễn thông - PTIT | E10: School A | F10: Quy về 1 tên trường chuẩn trong danh mục
A11: Chuẩn hoá tên trường | B11: Data | C11: 5 | D11: Học viện Công nghệ Bưu Chính Viễn Thông - PTIT | E11: School A | F11: Quy về 1 tên trường chuẩn trong danh mục
A12: Chuẩn hoá tên trường | B12: Data | C12: 6 | D12: Học viện Công nghệ Bưu chính Viễn thông | E12: School A | F12: Quy về 1 tên trường chuẩn trong danh mục
A13: Chuẩn hoá tên trường | B13: Data | C13: 7 | D13: Học viện Công nghệ Bưu chính Viễn thông | E13: School A | F13: Quy về 1 tên trường chuẩn trong danh mục
A14: Chuẩn hoá tên trường | B14: Data | C14: 8 | D14: PTIT | E14: School A | F14: Quy về 1 tên trường chuẩn trong danh mục
A15: Chuẩn hoá tên trường | B15: Data | C15: 9 | D15: Học viện Công nghệ Bưu chính Viễn thông - PTIT | E15: School A | F15: Quy về 1 tên trường chuẩn trong danh mục
A16: Chuẩn hoá tên trường | B16: Data | C16: 10 | D16: Học viện Công Nghệ Bưu Chính Viễn Thông - PTIT | E16: School A | F16: Quy về 1 tên trường chuẩn trong danh mục
A17: Chuẩn hoá tên trường | B17: Data | C17: 11 | D17: Học viện Công nghệ Bưu Chính Viễn Thông - PTIT | E17: School A | F17: Quy về 1 tên trường chuẩn trong danh mục
A18: Chuẩn hoá tên trường | B18: Data | C18: 12 | D18: Học viện Công nghệ Bưu Chính Viễn Thông - PTIT. | E18: School A | F18: Quy về 1 tên trường chuẩn trong danh mục
A19: Chuẩn hoá tên trường | B19: Data | C19: 13 | D19: PTIT | E19: School A | F19: Quy về 1 tên trường chuẩn trong danh mục
... A172: Chuẩn hoá số điện thoại | B172: Talkshow_GGForm | C172: 16 | D172: +84880497802 | E172: 0880497802 | F172: Đưa về dạng 10 số, bỏ tiền tố p:+84
A173: Email không hợp lệ | B173: Talkshow_GGForm | C173: 18 | F173: Bỏ trống – không liên hệ được qua email
A174: Chuẩn hoá email | B174: Talkshow_GGForm | C174: 28 | D174: vophuongphuc@gmai.com | E174: vophuongphuc@gmail.com | F174: Bỏ khoảng trắng / sửa tên miền gõ nhầm (.con, gmai)
A175: Chuẩn hoá số điện thoại | B175: FB Form v2 | C175: 2 | D175: p:+84962519652 | E175: 0962519652 | F175: Đưa về dạng 10 số, bỏ tiền tố p:+84
A176: Chuẩn hoá số điện thoại | B176: FB Form v2 | C176: 3 | D176: p:+84364050093 | E176: 0364050093 | F176: Đưa về dạng 10 số, bỏ tiền tố p:+84
A177: Chuẩn hoá email | B177: FB Form v2 | C177: 4 | D177: ngominhnam2008@gmail.con | E177: ngominhnam2008@gmail.com | F177: Bỏ khoảng trắng / sửa tên miền gõ nhầm (.con, gmai)
A178: Chuẩn hoá số điện thoại | B178: FB Form v2 | C178: 4 | D178: p:+84799696057 | E178: 0799696057 | F178: Đưa về dạng 10 số, bỏ tiền tố p:+84
A179: Chuẩn hoá số điện thoại | B179: FB Form v2 | C179: 5 | D179: p:+84378513033 | E179: 0378513033 | F179: Đưa về dạng 10 số, bỏ tiền tố p:+84
A180: Chuẩn hoá số điện thoại | B180: FB Form v2 | C180: 6 | D180: p:+84783504437 | E180: 0783504437 | F180: Đưa về dạng 10 số, bỏ tiền tố p:+84
A181: Chuẩn hoá số điện thoại | B181: FB Form v2 | C181: 7 | D181: p:+84357780225 | E181: 0357780225 | F181: Đưa về dạng 10 số, bỏ tiền tố p:+84
A182: Chuẩn hoá số điện thoại | B182: FB Form v2 | C182: 8 | D182: p:+84831590359 | E182: 0831590359 | F182: Đưa về dạng 10 số, bỏ tiền tố p:+84
A183: Chuẩn hoá số điện thoại | B183: FB Form v2 | C183: 9 | D183: p:+84768634349 | E183: 0768634349 | F183: Đưa về dạng 10 số, bỏ tiền tố p:+84
A184: Chuẩn hoá số điện thoại | B184: FB Form v2 | C184: 10 | D184: p:+84886556000 | E184: 0886556000 | F184: Đưa về dạng 10 số, bỏ tiền tố p:+84
A185: Chuẩn hoá số điện thoại | B185: FB Form v2 | C185: 11 | D185: p:+84381290678 | E185: 0381290678 | F185: Đưa về dạng 10 số, bỏ tiền tố p:+84
... A207: Chuẩn hoá số điện thoại | B207: FB Form v2 | C207: 32 | D207: p:+84391056402 | E207: 0391056402 | F207: Đưa về dạng 10 số, bỏ tiền tố p:+84

Sheet Drip_Segments
A1: DRIP_SEGMENTS — Phân nhóm để chạy email marketing
A2: • CRM chỉ hiệu quả khi mỗi liên hệ thuộc đúng 1 nhóm, có điều kiện vào và ra rõ ràng.
A3: • Segment suy ra từ 2 câu hỏi: đã đăng ký web chưa, đã thanh toán chưa, cộng lịch sử Talkshow/FB.
A4: • Khi trạng thái đổi (ví dụ thanh toán xong), liên hệ phải thoát drip cũ và sang drip mới.
A5: • Cột Số liên hệ là công thức COUNTIF chạy trên Master_Contacts, sửa Master là số tự cập nhật.
A7: Drip | B7: Segment | C7: Điều kiện vào | D7: Mục tiêu | E7: Điều kiện ra | F7: Số liên hệ | G7: Gửi được (có email)
A8: D1 | B8: S1 · Thí sinh đã thanh toán | C8: payment_status = completed / free | D8: Giữ nhiệt, hướng dẫn ôn thi và dự thi đầy đủ | E8: Sau kỳ thi | F8: =COUNTIF(Master_Contacts!$V$10:$V$154,"S1") -> 66 | G8: =COUNTIFS(Master_Contacts!$V$10:$V$154,"S1",Master_Contacts!$C$10:$C$154,"<>") -> 66
A9: D2 | B9: S2 · Đăng ký web + tương tác Talkshow/FB, chưa thanh toán | C9: Có trong Data, chưa thanh toán, có trong form ngoài | D9: Chốt thanh toán – nhóm ấm nhất, ưu tiên gọi trước | E9: Khi thanh toán → D1 | F9: =COUNTIF(Master_Contacts!$V$10:$V$154,"S2") -> 11 | G9: =COUNTIFS(Master_Contacts!$V$10:$V$154,"S2",Master_Contacts!$C$10:$C$154,"<>") -> 11
A10: D3 | B10: S3 · Đăng ký web, chưa thanh toán, không qua Talkshow/FB | C10: Có trong Data, chưa thanh toán, không có ở form ngoài | D10: Hâm nóng bằng nội dung + xử lý phản đối về giá | E10: Khi thanh toán → D1 | F10: =COUNTIF(Master_Contacts!$V$10:$V$154,"S3") -> 42 | G10: =COUNTIFS(Master_Contacts!$V$10:$V$154,"S3",Master_Contacts!$C$10:$C$154,"<>") -> 42
A11: D4 | B11: S4 · Lead Talkshow, chưa đăng ký thi | C11: Chỉ có ở Talkshow Google Form | D11: Đưa về website để đăng ký | E11: Khi xuất hiện trong Data → D2 | F11: =COUNTIF(Master_Contacts!$V$10:$V$154,"S4") -> 10 | G11: =COUNTIFS(Master_Contacts!$V$10:$V$154,"S4",Master_Contacts!$C$10:$C$154,"<>") -> 9
A12: D5 | B12: S5 · Lead FB Form, chưa đăng ký thi | C12: Chỉ có ở FB Lead Form | D12: Nuôi dưỡng bằng Talkshow, đề thi thử | E12: Khi đăng ký Talkshow → D4 | F12: =COUNTIF(Master_Contacts!$V$10:$V$154,"S5") -> 16 | G12: =COUNTIFS(Master_Contacts!$V$10:$V$154,"S5",Master_Contacts!$C$10:$C$154,"<>") -> 16

Sheet Bảng B – Hà Nội
A1: BẢNG B – HÀ NỘI — Danh sách thí sinh đã thanh toán (sản phẩm cuối)
A2: • Kết quả cuối: từ 3 nguồn thô đến danh sách thí sinh chính thức để xếp phòng thi.
A3: • Chỉ gồm payment_status = completed hoặc free; người chưa thanh toán thuộc drip D2/D3.
A4: • Cột Trường đã chuẩn hoá thành School A, minh hoạ việc đưa dữ liệu tự do về danh mục chuẩn.
A5: • Địa điểm thi suy ra từ khu vực; tỉnh lân cận gán về điểm thi gần nhất và cần gọi xác nhận lại.
A6: • Ngày thi và Giờ thi để trống vì chờ BTC chốt lịch, đây không phải lỗi thiếu dữ liệu.
A8: STT | B8: Contact ID | C8: Họ và tên | D8: Ngày sinh | E8: Số CCCD | F8: Email | G8: Số điện thoại | H8: Bảng | I8: Trường | J8: Khu vực | K8: Trạng thái thanh toán | L8: Lệ phí (VND) | M8: Địa điểm thi | N8: Ngày thi | O8: Giờ thi | P8: Ghi chú
A9: 1 | B9: PT-014 | C9: Bùi Khánh Vinh | D9: 2008-03-08 | E9: 031140145044 | F9: buikhanhvinh2006@gmail.com | G9: 0705097972 | H9: Bảng B | I9: School A | J9: Hà Nội | K9: Đã thanh toán | L9: 500000 | M9: Hà Nội – PTIT Hà Nội: 122 Hoàng Quốc Việt, Nghĩa Đô, Hà Nội
A10: 2 | B10: PT-001 | C10: Dương Hoài Nam | D10: 2006-09-26 | E10: 024710530855 | F10: duonghoainam380@gmail.com | G10: 0833008389 | H10: Bảng B | I10: School A | J10: Hà Nội | K10: Đã thanh toán | L10: 500000 | M10: Hà Nội – PTIT Hà Nội: 122 Hoàng Quốc Việt, Nghĩa Đô, Hà Nội | P10: Tên viết khác nhau giữa các nguồn
A11: 3 | B11: PT-034 | C11: Hoàng Nhật Lan | D11: 2006-01-27 | E11: 089782766836 | F11: hoangnhatlan@gmail.com | G11: 0781457070 | H11: Bảng B | I11: School A | J11: Hà Nội | K11: Đã thanh toán | L11: 500000 | M11: Hà Nội – PTIT Hà Nội: 122 Hoàng Quốc Việt, Nghĩa Đô, Hà Nội
A12: 4 | B12: PT-004 | C12: Hồ Hữu Vy | D12: 2006-03-22 | E12: 068471846224 | F12: hoh43dcpt729@stu.ptit.edu.vn | G12: 0762989538 | H12: Bảng B | I12: School A | J12: Hà Nội | K12: Đã thanh toán | L12: 500000 | M12: Hà Nội – PTIT Hà Nội: 122 Hoàng Quốc Việt, Nghĩa Đô, Hà Nội
A13: 5 | B13: PT-007 | C13: Lâm Hoài Yến | D13: 2006-09-18 | E13: 036861826221 | F13: lamhoaiyen@gmail.com | G13: 0828797715 | H13: Bảng B | I13: School A | J13: Hà Nội | K13: Miễn phí (free) | L13: 500000 | M13: Hà Nội – PTIT Hà Nội: 122 Hoàng Quốc Việt, Nghĩa Đô, Hà Nội
A14: 6 | B14: PT-002 | C14: Mai Minh Sơn | D14: 2007-01-10 | E14: 027887450948 | F14: maiminhson2005@gmail.com | G14: 0884396213 | H14: Bảng B | I14: School A | J14: Hà Nội | K14: Đã thanh toán | L14: 500000 | M14: Hà Nội – PTIT Hà Nội: 122 Hoàng Quốc Việt, Nghĩa Đô, Hà Nội
A15: 7 | B15: PT-029 | C15: Ngô Ngọc Toàn | D15: 2006-12-08 | E15: 064467515708 | F15: ngongoctoan554@gmail.com | G15: 0394361551 | H15: Bảng B | I15: School A | J15: Hà Nội | K15: Đã thanh toán | L15: 500000 | M15: Hà Nội – PTIT Hà Nội: 122 Hoàng Quốc Việt, Nghĩa Đô, Hà Nội
A16: 8 | B16: PT-012 | C16: Phan Xuân Phong | D16: 2007-08-24 | E16: 027828150390 | F16: phanxuanphong@gmail.com | G16: 0358821581 | H16: Bảng B | I16: School A | J16: Hà Nội | K16: Đã thanh toán | L16: 500000 | M16: Hà Nội – PTIT Hà Nội: 122 Hoàng Quốc Việt, Nghĩa Đô, Hà Nội
A17: 9 | B17: PT-032 | C17: Phạm Anh Toàn | D17: 2008-06-22 | E17: 042557197833 | F17: phamanhtoan2005@gmail.com | G17: 0777140507 | H17: Bảng B | I17: School A | J17: Hà Nội | K17: Đã thanh toán | L17: 650000 | M17: Hà Nội – PTIT Hà Nội: 122 Hoàng Quốc Việt, Nghĩa Đô, Hà Nội
A18: 10 | B18: PT-003 | C18: Phạm Hoài Giang | D18: 2006-08-22 | E18: 027341481757 | F18: pha79dcat944@stu.ptit.edu.vn | G18: 0886855032 | H18: Bảng B | I18: School A | J18: Hà Nội | K18: Đã thanh toán | L18: 500000 | M18: Hà Nội – PTIT Hà Nội: 122 Hoàng Quốc Việt, Nghĩa Đô, Hà Nội
A19: 11 | B19: PT-006 | C19: Phạm Khánh Hoa | D19: 2006-06-12 | E19: 089033348421 | F19: phamkhanhhoa@gmail.com | G19: 0818360186 | H19: Bảng B | I19: School A | J19: Hà Nội | K19: Đã thanh toán | L19: 500000 | M19: Hà Nội – PTIT Hà Nội: 122 Hoàng Quốc Việt, Nghĩa Đô, Hà Nội
A20: 12 | B20: PT-010 | C20: Trần Thanh Cường | D20: 2005-01-14 | E20: 049921687524 | F20: tranthanhcuong@gmail.com | G20: 0352306865 | H20: Bảng B | I20: School A | J20: Hà Nội | K20: Đã thanh toán | L20: 500000 | M20: Hà Nội – PTIT Hà Nội: 122 Hoàng Quốc Việt, Nghĩa Đô, Hà Nội
A21: 13 | B21: PT-008 | C21: Trịnh Thị Giang | D21: 2007-01-08 | E21: 042451832242 | F21: trinhthigiang@gmail.com | G21: 0760979192 | H21: Bảng B | I21: School A | J21: Hải Phòng | K21: Đã thanh toán | L21: 500000 | M21: Hà Nội – PTIT Hà Nội: 122 Hoàng Quốc Việt, Nghĩa Đô, Hà Nội
A22: 14 | B22: PT-019 | C22: Tạ Thị Trang | D22: 2008-06-27 | E22: 042545588045 | F22: tathitrang409@gmail.com | G22: 0326795248 | H22: Bảng B | I22: School A | J22: Hà Nội | K22: Đã thanh toán | L22: 500000 | M22: Hà Nội – PTIT Hà Nội: 122 Hoàng Quốc Việt, Nghĩa Đô, Hà Nội
A23: 15 | B23: PT-005 | C23: Võ Phương Phúc | D23: 2006-11-09 | E23: 038734017039 | F23: vophuongphuc@gmail.com | G23: 0826162603 | H23: Bảng B | I23: School A | J23: Hà Nội | K23: Đã thanh toán | L23: 500000 | M23: Hà Nội – PTIT Hà Nội: 122 Hoàng Quốc Việt, Nghĩa Đô, Hà Nội

Sheet Bảng B – TP.HCM
A1: BẢNG B – TP.HCM — Danh sách thí sinh đã thanh toán (sản phẩm cuối)
A2: • Kết quả cuối: từ 3 nguồn thô đến danh sách thí sinh chính thức để xếp phòng thi.
A3: • Chỉ gồm payment_status = completed hoặc free; người chưa thanh toán thuộc drip D2/D3.
A4: • Cột Trường đã chuẩn hoá thành School A, minh hoạ việc đưa dữ liệu tự do về danh mục chuẩn.
A5: • Địa điểm thi suy ra từ khu vực; tỉnh lân cận gán về điểm thi gần nhất và cần gọi xác nhận lại.
A6: • Ngày thi và Giờ thi để trống vì chờ BTC chốt lịch, đây không phải lỗi thiếu dữ liệu.
A8: STT | B8: Contact ID | C8: Họ và tên | D8: Ngày sinh | E8: Số CCCD | F8: Email | G8: Số điện thoại | H8: Bảng | I8: Trường | J8: Khu vực | K8: Trạng thái thanh toán | L8: Lệ phí (VND) | M8: Địa điểm thi | N8: Ngày thi | O8: Giờ thi | P8: Ghi chú
A9: 1 | B9: PT-018 | C9: Bùi Thị Trang | D9: 2008-03-05 | E9: 092848860114 | F9: buithitrang789@gmail.com | G9: 0376098703 | H9: Bảng B | I9: School A | J9: TP. Hồ Chí Minh | K9: Đã thanh toán | L9: 500000 | M9: TP.HCM – PTIT TP.HCM: 97 Man Thiện, TP. Thủ Đức (Quận 9 cũ), TP. Hồ Chí Minh
A10: 2 | B10: PT-024 | C10: Dương Hữu Nhi | D10: 2007-04-27 | E10: 038843811406 | F10: duonghuunhi93@gmail.com | G10: 0906532329 | H10: Bảng B | I10: School A | J10: TP. Hồ Chí Minh | K10: Đã thanh toán | L10: 500000 | M10: TP.HCM – PTIT TP.HCM: 97 Man Thiện, TP. Thủ Đức (Quận 9 cũ), TP. Hồ Chí Minh | P10: Gộp nhiều email của cùng 1 người
A11: 3 | B11: PT-049 | C11: Dương Văn Phong | D11: 16/07/2008 | E11: 075334965101 | F11: duo94dcat224@student.ptithcm.edu.vn | G11: 0356748417 | H11: Bảng B | I11: School A | J11: TP. Hồ Chí Minh | K11: Đã thanh toán | M11: TP.HCM – PTIT TP.HCM: 97 Man Thiện, TP. Thủ Đức (Quận 9 cũ), TP. Hồ Chí Minh
A12: 4 | B12: PT-035 | C12: Hoàng Anh Dũng | D12: 15/08/2008 | E12: 087225592560 | F12: hoa93dcat681@student.ptithcm.edu.vn | G12: 0975711221 | H12: Bảng B | I12: School A | J12: TP. Hồ Chí Minh | K12: Đã thanh toán | M12: TP.HCM – PTIT TP.HCM: 97 Man Thiện, TP. Thủ Đức (Quận 9 cũ), TP. Hồ Chí Minh | P12: Gộp nhiều email của cùng 1 người; Tên viết khác nhau giữa các nguồn
A13: 5 | B13: PT-066 | C13: Hoàng Gia Nhi | D13: 20/01/2008 | E13: 038249440255 | F13: hoa96dcat459@student.ptithcm.edu.vn | G13: 0908570969 | H13: Bảng B | I13: School A | J13: TP. Hồ Chí Minh | K13: Đã thanh toán | M13: TP.HCM – PTIT TP.HCM: 97 Man Thiện, TP. Thủ Đức (Quận 9 cũ), TP. Hồ Chí Minh
A14: 6 | B14: PT-021 | C14: Hoàng Hữu Bình | D14: 2007-11-21 | E14: 033411137036 | F14: hoa11dcat848@student.ptithcm.edu.vn | G14: 0846385642 | H14: Bảng B | I14: School A | J14: TP. Hồ Chí Minh | K14: Đã thanh toán | L14: 500000 | M14: TP.HCM – PTIT TP.HCM: 97 Man Thiện, TP. Thủ Đức (Quận 9 cũ), TP. Hồ Chí Minh
A15: 7 | B15: PT-051 | C15: Hồ Minh Khang | D15: 15/12/2008 | E15: 082612469082 | F15: hom81dcpt483@student.ptithcm.edu.vn | G15: 0764926429 | H15: Bảng B | I15: School A | J15: TP. Hồ Chí Minh | K15: Đã thanh toán | M15: TP.HCM – PTIT TP.HCM: 97 Man Thiện, TP. Thủ Đức (Quận 9 cũ), TP. Hồ Chí Minh
A16: 8 | B16: PT-060 | C16: Hồ Ngọc Duy | D16: 03/08/2008 | E16: 089553582844 | F16: hon48dcvt790@student.ptithcm.edu.vn | G16: 0932733531 | H16: Bảng B | I16: School A | J16: TP. Hồ Chí Minh | K16: Đã thanh toán | M16: TP.HCM – PTIT TP.HCM: 97 Man Thiện, TP. Thủ Đức (Quận 9 cũ), TP. Hồ Chí Minh
A17: 9 | B17: PT-061 | C17: Lâm Hoài Mai | D17: 25/04/2008 | E17: 060189307973 | F17: lam14dcat903@student.ptithcm.edu.vn | G17: 0824906217 | H17: Bảng B | I17: School A | J17: TP. Hồ Chí Minh | K17: Đã thanh toán | M17: TP.HCM – PTIT TP.HCM: 97 Man Thiện, TP. Thủ Đức (Quận 9 cũ), TP. Hồ Chí Minh
A18: 10 | B18: PT-015 | C18: Lâm Thị Lan | D18: 2007-07-21 | E18: 079723448496 | F18: lam48dcat446@student.ptithcm.edu.vn | G18: 0793842274 | H18: Bảng B | I18: School A | J18: TP. Hồ Chí Minh | K18: Đã thanh toán | L18: 500000 | M18: TP.HCM – PTIT TP.HCM: 97 Man Thiện, TP. Thủ Đức (Quận 9 cũ), TP. Hồ Chí Minh
A19: 11 | B19: PT-016 | C19: Lê Hải Vy | D19: 2008-10-28 | E19: 001867616698 | F19: lehaivy924@gmail.com | G19: 0882266905 | H19: Bảng B | I19: School A | J19: TP. Hồ Chí Minh | K19: Đã thanh toán | L19: 500000 | M19: TP.HCM – PTIT TP.HCM: 97 Man Thiện, TP. Thủ Đức (Quận 9 cũ), TP. Hồ Chí Minh
A20: 12 | B20: PT-038 | C20: Lê Minh Tiến | D20: 17/04/2008 | E20: 024995294872 | F20: lem79dcvt131@student.ptithcm.edu.vn | G20: 0761569996 | H20: Bảng B | I20: School A | J20: TP. Hồ Chí Minh | K20: Đã thanh toán | M20: TP.HCM – PTIT TP.HCM: 97 Man Thiện, TP. Thủ Đức (Quận 9 cũ), TP. Hồ Chí Minh | P20: Gộp nhiều email của cùng 1 người
A21: 13 | B21: PT-036 | C21: Lê Phương Tuệ | D21: 2008-10-25 | E21: 033101168971 | F21: lephuongtue86@gmail.com | G21: 0363158463 | H21: Bảng B | I21: School A | J21: TP. Hồ Chí Minh | K21: Đã thanh toán | L21: 650000 | M21: TP.HCM – PTIT TP.HCM: 97 Man Thiện, TP. Thủ Đức (Quận 9 cũ), TP. Hồ Chí Minh
A22: 14 | B22: PT-048 | C22: Lê Thu Hùng | D22: 12/09/2008 | E22: 089853498622 | F22: let87dcpt521@student.ptithcm.edu.vn | G22: 0764166889 | H22: Bảng B | I22: School A | J22: TP. Hồ Chí Minh | K22: Đã thanh toán | M22: TP.HCM – PTIT TP.HCM: 97 Man Thiện, TP. Thủ Đức (Quận 9 cũ), TP. Hồ Chí Minh
A23: 15 | B23: PT-047 | C23: Lê Tuấn Quân | D23: 15/01/2008 | E23: 038367100941 | F23: let47dcpt186@student.ptithcm.edu.vn | G23: 0330104999 | H23: Bảng B | I23: School A | J23: TP. Hồ Chí Minh | K23: Đã thanh toán | M23: TP.HCM – PTIT TP.HCM: 97 Man Thiện, TP. Thủ Đức (Quận 9 cũ), TP. Hồ Chí Minh
A24: 16 | B24: PT-055 | C24: Lý Gia Nguyên | D24: 13/10/2008 | E24: 036617512619 | F24: lyg72dcpt171@student.ptithcm.edu.vn | G24: 0767761650 | H24: Bảng B | I24: School A | J24: TP. Hồ Chí Minh | K24: Đã thanh toán | M24: TP.HCM – PTIT TP.HCM: 97 Man Thiện, TP. Thủ Đức (Quận 9 cũ), TP. Hồ Chí Minh
A25: 17 | B25: PT-020 | C25: Mai Gia Hải | D25: 2007-08-28 | E25: 037935531326 | F25: mai36dcat823@student.ptithcm.edu.vn | G25: 0388244141 | H25: Bảng B | I25: School A | J25: TP. Hồ Chí Minh | K25: Đã thanh toán | L25: 500000 | M25: TP.HCM – PTIT TP.HCM: 97 Man Thiện, TP. Thủ Đức (Quận 9 cũ), TP. Hồ Chí Minh
A26: 18 | B26: PT-022 | C26: Mai Hải Hiếu | D26: 2007-12-10 | E26: 075650706985 | F26: mai29dcvt741@student.ptithcm.edu.vn | G26: 0363873024 | H26: Bảng B | I26: School A | J26: TP. Hồ Chí Minh | K26: Đã thanh toán | L26: 500000 | M26: TP.HCM – PTIT TP.HCM: 97 Man Thiện, TP. Thủ Đức (Quận 9 cũ), TP. Hồ Chí Minh
A27: 19 | B27: PT-030 | C27: Nguyễn Đức Thành | D27: 2005-04-17 | E27: 001490876896 | F27: ngu20dcpt440@student.ptithcm.edu.vn | G27: 0848208144 | H27: Bảng B | I27: School A | J27: TP. Hồ Chí Minh | K27: Đã thanh toán | L27: 500000 | M27: TP.HCM – PTIT TP.HCM: 97 Man Thiện, TP. Thủ Đức (Quận 9 cũ), TP. Hồ Chí Minh | P27: Gộp nhiều email của cùng 1 người
A28: 20 | B28: PT-065 | C28: Ngô Hoài Kiên | D28: 05/11/2007 | E28: 064596572103 | F28: ngo73dcvt280@student.ptithcm.edu.vn | G28: 0854698598 | H28: Bảng B | I28: School A | J28: TP. Hồ Chí Minh | K28: Đã thanh toán | M28: TP.HCM – PTIT TP.HCM: 97 Man Thiện, TP. Thủ Đức (Quận 9 cũ), TP. Hồ Chí Minh
A29: 21 | B29: PT-026 | C29: Ngô Minh Nam | D29: 2007-11-12 | E29: 082898683417 | F29: ngominhnam2008@gmail.com | G29: 0799696057 | H29: Bảng B | I29: School A | J29: TP. Hồ Chí Minh | K29: Đã thanh toán | L29: 500000 | M29: TP.HCM – PTIT TP.HCM: 97 Man Thiện, TP. Thủ Đức (Quận 9 cũ), TP. Hồ Chí Minh | P29: Tên viết khác nhau giữa các nguồn
A30: 22 | B30: PT-064 | C30: Ngô Nhật Long | D30: 24/08/2007 | E30: 064044894628 | F30: ngo84dcat421@student.ptithcm.edu.vn | G30: 0942534921 | H30: Bảng B | I30: School A | J30: TP. Hồ Chí Minh | K30: Đã thanh toán | M30: TP.HCM – PTIT TP.HCM: 97 Man Thiện, TP. Thủ Đức (Quận 9 cũ), TP. Hồ Chí Minh
A31: 23 | B31: PT-053 | C31: Ngô Văn Quyên | D31: 22/04/2008 | E31: 027293836117 | F31: ngo21dcat908@student.ptithcm.edu.vn | G31: 0392359577 | H31: Bảng B | I31: School A | J31: TP. Hồ Chí Minh | K31: Đã thanh toán | M31: TP.HCM – PTIT TP.HCM: 97 Man Thiện, TP. Thủ Đức (Quận 9 cũ), TP. Hồ Chí Minh
A32: 24 | B32: PT-023 | C32: Phan Anh Ngân | D32: 2006-04-11 | E32: 049965244560 | F32: phananhngan@gmail.com | G32: 0938895089 | H32: Bảng B | I32: School A | J32: TP. Hồ Chí Minh | K32: Đã thanh toán | L32: 500000 | M32: TP.HCM – PTIT TP.HCM: 97 Man Thiện, TP. Thủ Đức (Quận 9 cũ), TP. Hồ Chí Minh
A33: 25 | B33: PT-057 | C33: Phan Anh Ninh | D33: 11/11/2008 | E33: 075618828282 | F33: pha58dcvt970@student.ptithcm.edu.vn | G33: 0337983481 | H33: Bảng B | I33: School A | J33: TP. Hồ Chí Minh | K33: Đã thanh toán | M33: TP.HCM – PTIT TP.HCM: 97 Man Thiện, TP. Thủ Đức (Quận 9 cũ), TP. Hồ Chí Minh
A34: 26 | B34: PT-028 | C34: Phan Thu Huy | D34: 2007-01-04 | E34: 049273204639 | F34: phanthuhuy262@gmail.com | G34: 0908893679 | H34: Bảng B | I34: School A | J34: TP. Hồ Chí Minh | K34: Đã thanh toán | L34: 500000 | M34: TP.HCM – PTIT TP.HCM: 97 Man Thiện, TP. Thủ Đức (Quận 9 cũ), TP. Hồ Chí Minh
A35: 27 | B35: PT-043 | C35: Phạm Hải Kiên | D35: 02/03/2008 | E35: 077133877020 | F35: pha57dcvt157@student.ptithcm.edu.vn | G35: 0901504964 | H35: Bảng B | I35: School A | J35: TP. Hồ Chí Minh | K35: Đã thanh toán | M35: TP.HCM – PTIT TP.HCM: 97 Man Thiện, TP. Thủ Đức (Quận 9 cũ), TP. Hồ Chí Minh
A36: 28 | B36: PT-041 | C36: Phạm Hải Tuệ | D36: 01/05/2008 | E36: 042965817747 | F36: pha55dcpt280@student.ptithcm.edu.vn | G36: 0880497802 | H36: Bảng B | I36: School A | J36: TP. Hồ Chí Minh | K36: Đã thanh toán | M36: TP.HCM – PTIT TP.HCM: 97 Man Thiện, TP. Thủ Đức (Quận 9 cũ), TP. Hồ Chí Minh
A37: 29 | B37: PT-046 | C37: Phạm Thu Khôi | D37: 13/08/2008 | E37: 056027186734 | F37: pha26dcpt788@student.ptithcm.edu.vn | G37: 0772191447 | H37: Bảng B | I37: School A | J37: TP. Hồ Chí Minh | K37: Đã thanh toán | M37: TP.HCM – PTIT TP.HCM: 97 Man Thiện, TP. Thủ Đức (Quận 9 cũ), TP. Hồ Chí Minh
A38: 30 | B38: PT-013 | C38: Phạm Thu Phong | D38: 2007-12-09 | E38: 038119789607 | F38: phamthuphong108@gmail.com | G38: 0972909387 | H38: Bảng B | I38: School A | J38: TP. Hồ Chí Minh | K38: Đã thanh toán | L38: 500000 | M38: TP.HCM – PTIT TP.HCM: 97 Man Thiện, TP. Thủ Đức (Quận 9 cũ), TP. Hồ Chí Minh
A39: 31 | B39: PT-044 | C39: Phạm Trung Chi | D39: 28/08/2008 | E39: 048560443352 | F39: pha59dcat146@student.ptithcm.edu.vn | G39: 0969049450 | H39: Bảng B | I39: School A | J39: TP. Hồ Chí Minh | K39: Đã thanh toán | M39: TP.HCM – PTIT TP.HCM: 97 Man Thiện, TP. Thủ Đức (Quận 9 cũ), TP. Hồ Chí Minh
A40: 32 | B40: PT-042 | C40: Phạm Văn Khôi | D40: 05/09/2008 | E40: 049198647128 | F40: pha69dcat323@student.ptithcm.edu.vn | G40: 0940479450 | H40: Bảng B | I40: School A | J40: TP. Hồ Chí Minh | K40: Đã thanh toán | M40: TP.HCM – PTIT TP.HCM: 97 Man Thiện, TP. Thủ Đức (Quận 9 cũ), TP. Hồ Chí Minh
A41: 33 | B41: PT-062 | C41: Trần Thị Khôi | D41: 29/09/2008 | E41: 031516281233 | F41: tra46dcpt599@student.ptithcm.edu.vn | G41: 0828774341 | H41: Bảng B | I41: School A | J41: TP. Hồ Chí Minh | K41: Đã thanh toán | M41: TP.HCM – PTIT TP.HCM: 97 Man Thiện, TP. Thủ Đức (Quận 9 cũ), TP. Hồ Chí Minh
A42: 34 | B42: PT-040 | C42: Trịnh Hải Quyên | D42: 11/08/2008 | E42: 037215407616 | F42: tri17dcvt892@student.ptithcm.edu.vn | G42: 0963060225 | H42: Bảng B | I42: School A | J42: TP. Hồ Chí Minh | K42: Đã thanh toán | M42: TP.HCM – PTIT TP.HCM: 97 Man Thiện, TP. Thủ Đức (Quận 9 cũ), TP. Hồ Chí Minh | P42: Gộp nhiều email của cùng 1 người; Tên viết khác nhau giữa các nguồn
A43: 35 | B43: PT-027 | C43: Trịnh Ngọc Hùng | D43: 2007-05-02 | E43: 049607539759 | F43: trinhngochung2007@gmail.com | G43: 0339830090 | H43: Bảng B | I43: School A | J43: TP. Hồ Chí Minh | K43: Đã thanh toán | L43: 500000 | M43: TP.HCM – PTIT TP.HCM: 97 Man Thiện, TP. Thủ Đức (Quận 9 cũ), TP. Hồ Chí Minh
A44: 36 | B44: PT-054 | C44: Trịnh Nhật Cường | D44: 23/05/2008 | E44: 048946886714 | F44: tri86dcat737@student.ptithcm.edu.vn | G44: 0938708956 | H44: Bảng B | I44: School A | J44: TP. Hồ Chí Minh | K44: Đã thanh toán | M44: TP.HCM – PTIT TP.HCM: 97 Man Thiện, TP. Thủ Đức (Quận 9 cũ), TP. Hồ Chí Minh
A45: 37 | B45: PT-033 | C45: Tạ Anh Lâm | D45: 2005-02-24 | E45: 049338782717 | F45: taa27dcat371@student.ptithcm.edu.vn | G45: 0839863155 | H45: Bảng B | I45: School A | J45: TP. Hồ Chí Minh | K45: Đã thanh toán | L45: 650000 | M45: TP.HCM – PTIT TP.HCM: 97 Man Thiện, TP. Thủ Đức (Quận 9 cũ), TP. Hồ Chí Minh
A46: 38 | B46: PT-039 | C46: Tạ Xuân Khôi | D46: 21/04/2008 | E46: 064241463646 | F46: tax96dcat162@student.ptithcm.edu.vn | G46: 0344952346 | H46: Bảng B | I46: School A | J46: TP. Hồ Chí Minh | K46: Đã thanh toán | M46: TP.HCM – PTIT TP.HCM: 97 Man Thiện, TP. Thủ Đức (Quận 9 cũ), TP. Hồ Chí Minh
A47: 39 | B47: PT-059 | C47: Võ Bảo An | D47: 05/09/2008 | E47: 064411466064 | F47: vob43dcpt655@student.ptithcm.edu.vn | G47: 0915667095 | H47: Bảng B | I47: School A | J47: TP. Hồ Chí Minh | K47: Đã thanh toán | M47: TP.HCM – PTIT TP.HCM: 97 Man Thiện, TP. Thủ Đức (Quận 9 cũ), TP. Hồ Chí Minh
A48: 40 | B48: PT-063 | C48: Võ Phương Nguyên | D48: 18/03/2008 | E48: 089035535672 | F48: vop37dcvt779@student.ptithcm.edu.vn | G48: 0786780016 | H48: Bảng B | I48: School A | J48: TP. Hồ Chí Minh | K48: Đã thanh toán | M48: TP.HCM – PTIT TP.HCM: 97 Man Thiện, TP. Thủ Đức (Quận 9 cũ), TP. Hồ Chí Minh
A49: 41 | B49: PT-025 | C49: Vũ Anh Duy | D49: 2007-07-12 | E49: 031528838419 | F49: vuanhduy@gmail.com | G49: 0914093541 | H49: Bảng B | I49: School A | J49: TP. Hồ Chí Minh | K49: Đã thanh toán | L49: 500000 | M49: TP.HCM – PTIT TP.HCM: 97 Man Thiện, TP. Thủ Đức (Quận 9 cũ), TP. Hồ Chí Minh
A50: 42 | B50: PT-056 | C50: Vũ Nhật Phong | D50: 07/01/2008 | E50: 024903318687 | F50: vun45dcvt473@student.ptithcm.edu.vn | G50: 0827072515 | H50: Bảng B | I50: School A | J50: TP. Hồ Chí Minh | K50: Đã thanh toán | M50: TP.HCM – PTIT TP.HCM: 97 Man Thiện, TP. Thủ Đức (Quận 9 cũ), TP. Hồ Chí Minh
A51: 43 | B51: PT-037 | C51: Vũ Tuấn Cường | D51: 2008-11-15 | E51: 027334479425 | F51: vutuancuong@gmail.com | G51: 0795492261 | H51: Bảng B | I51: School A | J51: Lâm Đồng | K51: Đã thanh toán | L51: 650000 | M51: TP.HCM – PTIT TP.HCM: 97 Man Thiện, TP. Thủ Đức (Quận 9 cũ), TP. Hồ Chí Minh
A52: 44 | B52: PT-052 | C52: Vũ Đức Hùng | D52: 03/01/2007 | E52: 075489947890 | F52: vud19dcat808@student.ptithcm.edu.vn | G52: 0937832632 | H52: Bảng B | I52: School A | J52: TP. Hồ Chí Minh | K52: Đã thanh toán | M52: TP.HCM – PTIT TP.HCM: 97 Man Thiện, TP. Thủ Đức (Quận 9 cũ), TP. Hồ Chí Minh
A53: 45 | B53: PT-031 | C53: Đinh Minh Phúc | D53: 2005-02-18 | E53: 082677218447 | F53: dinhminhphuc@gmail.com | G53: 0814662764 | H53: Bảng B | I53: School A | J53: TP. Hồ Chí Minh | K53: Đã thanh toán | L53: 500000 | M53: TP.HCM – PTIT TP.HCM: 97 Man Thiện, TP. Thủ Đức (Quận 9 cũ), TP. Hồ Chí Minh
A54: 46 | B54: PT-058 | C54: Đinh Đức Nam | D54: 27/01/2008 | E54: 052103561447 | F54: din19dcat531@student.ptithcm.edu.vn | G54: 0371050050 | H54: Bảng B | I54: School A | J54: TP. Hồ Chí Minh | K54: Đã thanh toán | M54: TP.HCM – PTIT TP.HCM: 97 Man Thiện, TP. Thủ Đức (Quận 9 cũ), TP. Hồ Chí Minh
A55: 47 | B55: PT-050 | C55: Đặng Hải Lâm | D55: 12/02/2008 | E55: 033599322187 | F55: dan89dcpt765@student.ptithcm.edu.vn | G55: 0762073616 | H55: Bảng B | I55: School A | J55: TP. Hồ Chí Minh | K55: Đã thanh toán | M55: TP.HCM – PTIT TP.HCM: 97 Man Thiện, TP. Thủ Đức (Quận 9 cũ), TP. Hồ Chí Minh
A56: 48 | B56: PT-011 | C56: Đặng Thu Dũng | D56: 2007-02-28 | E56: 048853523109 | F56: dangthudung300@gmail.com | G56: 0903588324 | H56: Bảng B | I56: School A | J56: TP. Hồ Chí Minh | K56: Đã thanh toán | L56: 500000 | M56: TP.HCM – PTIT TP.HCM: 97 Man Thiện, TP. Thủ Đức (Quận 9 cũ), TP. Hồ Chí Minh
A57: 49 | B57: PT-017 | C57: Đặng Xuân Giang | D57: 2007-05-07 | E57: 001941975228 | F57: dan51dcat637@student.ptithcm.edu.vn | G57: 0971445857 | H57: Bảng B | I57: School A | J57: TP. Hồ Chí Minh | K57: Đã thanh toán | L57: 500000 | M57: TP.HCM – PTIT TP.HCM: 97 Man Thiện, TP. Thủ Đức (Quận 9 cũ), TP. Hồ Chí Minh
A58: 50 | B58: PT-045 | C58: Đỗ Nhật Chi | D58: 12/10/2008 | E58: 077696518230 | F58: don78dcvt459@student.ptithcm.edu.vn | G58: 0393677829 | H58: Bảng B | I58: School A | J58: TP. Hồ Chí Minh | K58: Đã thanh toán | M58: TP.HCM – PTIT TP.HCM: 97 Man Thiện, TP. Thủ Đức (Quận 9 cũ), TP. Hồ Chí Minh
